window,min_hr,min_mkts,min_mos,direction,entry_lo,entry_hi,pool,signals,HR,ROI%,PnL,bl_HR,edge,sharpe,max_dd,profit_factor,worst_week,best_week,n_weeks,pct_pos_weeks,top1_pct,top3_pct,herfindahl,n_active
May-Jun25,0.55,10,3,ALL,0.0,1.0,1401,20503,0.5695,9.22,188968.0,0.3017,0.2678,3.04,32642.8,6.2,-19474.1,126427.3,10,0.6,0.255,0.355,0.0726,917
May-Jun25,0.55,10,3,ALL,0.0,0.5,1401,7652,0.3172,24.79,189706.0,0.3017,0.0155,3.14,35644.0,5.66,-18096.3,112585.6,10,0.5,0.291,0.404,0.094,668
May-Jun25,0.55,10,3,ALL,0.0,0.7,1401,13492,0.434,12.88,173768.0,0.3017,0.1323,2.86,39714.9,4.75,-21355.0,114936.2,10,0.5,0.267,0.37,0.0795,843
May-Jun25,0.55,10,3,ALL,0.3,0.8,1401,13384,0.572,0.03,445.0,0.3017,0.2703,0.07,12049.4,1.03,-6974.6,9657.7,10,0.4,0.025,0.059,0.0049,810
May-Jun25,0.55,10,3,NO,0.0,1.0,1401,11690,0.6109,12.34,144307.0,0.4384,0.1726,2.46,11199.2,8.08,-9952.2,133140.5,10,0.5,0.398,0.491,0.1647,707
May-Jun25,0.55,10,3,NO,0.0,0.5,1401,3380,0.3393,45.87,155045.0,0.4384,-0.099,2.85,12527.0,11.05,-7602.2,124456.3,10,0.6,0.476,0.585,0.2347,387
May-Jun25,0.55,10,3,NO,0.0,0.7,1401,6826,0.4587,20.3,138543.0,0.4384,0.0203,2.54,16177.9,7.09,-10463.0,123335.2,10,0.5,0.427,0.522,0.1889,564
May-Jun25,0.55,10,3,NO,0.3,0.8,1401,7757,0.5724,-2.51,-19440.0,0.4384,0.134,-2.99,21963.9,0.26,-13542.3,2523.5,10,0.3,0.023,0.058,0.0053,608
May-Jun25,0.55,10,3,YES,0.0,1.0,1401,8813,0.5145,5.07,44661.0,0.2362,0.2783,1.48,28156.8,2.16,-11921.6,62560.3,10,0.5,0.112,0.186,0.0191,796
May-Jun25,0.55,10,3,YES,0.0,0.5,1401,4272,0.2996,8.11,34661.0,0.2362,0.0634,1.14,34987.7,1.74,-13171.5,60518.9,10,0.5,0.127,0.21,0.0237,585
May-Jun25,0.55,10,3,YES,0.0,0.7,1401,6666,0.4088,5.28,35224.0,0.2362,0.1726,1.16,31936.0,1.8,-12645.0,61840.6,10,0.5,0.116,0.192,0.0201,732
May-Jun25,0.55,10,3,YES,0.3,0.8,1401,5627,0.5715,3.53,19885.0,0.2362,0.3353,4.63,2037.7,9.16,-2037.7,7594.9,10,0.7,0.018,0.052,0.0044,670
May-Jun25,0.55,10,6,ALL,0.0,1.0,211,8517,0.5891,22.4,190758.0,0.3017,0.2874,3.31,7344.0,18.7,-7286.0,131217.8,10,0.5,0.5,0.616,0.2594,182
May-Jun25,0.55,10,6,ALL,0.0,0.5,211,3261,0.3364,54.49,177704.0,0.3017,0.0347,3.12,14011.3,10.31,-9248.9,127500.4,10,0.5,0.538,0.659,0.2998,150
May-Jun25,0.55,10,6,ALL,0.0,0.7,211,5465,0.4428,32.44,177294.0,0.3017,0.1411,3.14,11210.0,10.45,-8912.0,126690.2,10,0.5,0.52,0.636,0.2802,173
May-Jun25,0.55,10,6,ALL,0.3,0.8,211,5452,0.5877,3.62,19714.0,0.3017,0.286,6.69,1064.7,19.03,-1064.7,6342.6,10,0.8,0.071,0.168,0.0222,173
May-Jun25,0.55,10,6,NO,0.0,1.0,211,5272,0.6187,31.44,165748.0,0.4384,0.1804,2.92,4030.2,25.02,-4030.2,131101.1,10,0.7,0.614,0.734,0.3891,168
May-Jun25,0.55,10,6,NO,0.0,0.5,211,1671,0.3429,96.25,160839.0,0.4384,-0.0955,2.89,5431.7,21.84,-4747.3,127822.6,10,0.4,0.669,0.789,0.4605,113
May-Jun25,0.55,10,6,NO,0.0,0.7,211,3064,0.4556,51.64,158211.0,0.4384,0.0173,2.86,4693.0,18.15,-4693.0,126835.0,10,0.5,0.646,0.761,0.4284,149
May-Jun25,0.55,10,6,NO,0.3,0.8,211,3365,0.5848,0.4,1345.0,0.4384,0.1465,0.46,3343.4,1.19,-3343.4,3834.8,10,0.3,0.067,0.169,0.0221,155
May-Jun25,0.55,10,6,YES,0.0,1.0,211,3245,0.5408,7.71,25011.0,0.2362,0.3046,2.98,5913.7,3.92,-3255.8,13566.5,10,0.6,0.12,0.279,0.0363,162
May-Jun25,0.55,10,6,YES,0.0,0.5,211,1590,0.3296,10.61,16865.0,0.2362,0.0934,2.03,8901.7,2.38,-4501.6,12101.5,10,0.4,0.13,0.297,0.0407,129
May-Jun25,0.55,10,6,YES,0.0,0.7,211,2401,0.4265,7.95,19084.0,0.2362,0.1903,2.27,7441.8,2.7,-4219.0,13159.1,10,0.4,0.123,0.283,0.0373,152
May-Jun25,0.55,10,6,YES,0.3,0.8,211,2087,0.5922,8.8,18369.0,0.2362,0.356,8.84,524.0,36.06,-524.0,3683.4,10,0.9,0.059,0.169,0.0218,150
May-Jun25,0.55,10,9,ALL,0.0,1.0,46,2823,0.5657,53.72,151650.0,0.3017,0.264,2.66,5035.7,24.62,-3136.9,130374.8,10,0.7,0.814,0.853,0.6647,42
May-Jun25,0.55,10,9,ALL,0.0,0.5,46,1378,0.3817,106.53,146794.0,0.3017,0.08,2.58,7664.6,18.13,-4025.1,129438.8,10,0.6,0.86,0.895,0.7401,38
May-Jun25,0.55,10,9,ALL,0.0,0.7,46,2043,0.4533,71.91,146911.0,0.3017,0.1516,2.58,6481.3,19.88,-4099.8,129473.8,10,0.7,0.837,0.872,0.7021,41
May-Jun25,0.55,10,9,ALL,0.3,0.8,46,1987,0.5722,5.47,10865.0,0.3017,0.2705,6.09,1644.2,7.53,-1644.2,3180.6,10,0.8,0.194,0.429,0.0973,41
May-Jun25,0.55,10,9,NO,0.0,1.0,46,1468,0.6049,95.55,140273.0,0.4384,0.1665,2.48,3117.9,30.51,-2654.0,129630.4,10,0.6,0.883,0.921,0.7802,41
May-Jun25,0.55,10,9,NO,0.0,0.5,46,606,0.429,231.43,140248.0,0.4384,-0.0093,2.49,3398.9,35.98,-1541.8,129229.4,10,0.6,0.925,0.95,0.857,30
May-Jun25,0.55,10,9,NO,0.0,0.7,46,969,0.484,143.08,138648.0,0.4384,0.0456,2.46,3405.7,30.01,-2249.8,128801.3,10,0.7,0.902,0.929,0.8142,37
May-Jun25,0.55,10,9,NO,0.3,0.8,46,1072,0.5672,2.32,2488.0,0.4384,0.1288,1.71,1288.3,1.84,-1242.0,2107.1,10,0.5,0.201,0.408,0.1153,38
May-Jun25,0.55,10,9,YES,0.0,1.0,46,1355,0.5232,8.4,11377.0,0.2362,0.2871,2.17,4571.8,2.93,-2710.1,10875.5,10,0.6,0.28,0.449,0.1106,39
May-Jun25,0.55,10,9,YES,0.0,0.5,46,772,0.3446,8.48,6546.0,0.2362,0.1084,1.19,5807.5,1.86,-3472.9,11102.0,10,0.4,0.279,0.463,0.116,34
May-Jun25,0.55,10,9,YES,0.0,0.7,46,1074,0.4255,7.69,8263.0,0.2362,0.1893,1.57,5325.4,2.18,-2945.3,10624.3,10,0.5,0.284,0.452,0.1138,39
May-Jun25,0.55,10,9,YES,0.3,0.8,46,915,0.5781,9.15,8376.0,0.2362,0.3419,5.87,833.6,9.64,-833.6,2227.1,10,0.7,0.146,0.362,0.0683,39
May-Jun25,0.55,30,3,ALL,0.0,1.0,782,18458,0.5699,10.74,198310.0,0.3017,0.2682,3.23,24501.9,7.61,-15305.2,126660.9,10,0.6,0.288,0.402,0.0928,578
May-Jun25,0.55,30,3,ALL,0.0,0.5,782,6936,0.3234,28.67,198834.0,0.3017,0.0217,3.3,29003.4,6.64,-15015.3,115684.2,10,0.6,0.324,0.45,0.1167,458
May-Jun25,0.55,30,3,ALL,0.0,0.7,782,12234,0.4372,15.01,183682.0,0.3017,0.1355,3.06,31962.8,5.76,-17610.3,116735.0,10,0.6,0.3,0.416,0.1005,547
May-Jun25,0.55,30,3,ALL,0.3,0.8,782,12212,0.5721,0.23,2839.0,0.3017,0.2704,0.58,7071.7,1.26,-5574.2,7747.4,10,0.5,0.03,0.072,0.0071,527
May-Jun25,0.55,30,3,NO,0.0,1.0,782,10723,0.608,13.61,145965.0,0.4384,0.1697,2.55,7740.7,10.25,-7537.1,130544.9,10,0.6,0.437,0.539,0.1982,492
May-Jun25,0.55,30,3,NO,0.0,0.5,782,3190,0.3386,48.08,153373.0,0.4384,-0.0998,2.84,9908.5,12.8,-6429.6,123946.5,10,0.6,0.505,0.62,0.2639,300
May-Jun25,0.55,30,3,NO,0.0,0.7,782,6348,0.4576,21.98,139522.0,0.4384,0.0193,2.6,11811.3,8.74,-8479.8,122017.9,10,0.5,0.461,0.565,0.2205,412
May-Jun25,0.55,30,3,NO,0.3,0.8,782,7168,0.5727,-2.31,-16543.0,0.4384,0.1343,-3.13,18251.2,0.23,-11218.1,1857.7,10,0.4,0.027,0.069,0.0071,439
May-Jun25,0.55,30,3,YES,0.0,1.0,782,7735,0.5171,6.77,52345.0,0.2362,0.2809,1.8,22098.6,2.74,-10446.5,61819.8,10,0.5,0.135,0.223,0.027,516
May-Jun25,0.55,30,3,YES,0.0,0.5,782,3746,0.3105,12.14,45461.0,0.2362,0.0743,1.56,27357.3,2.21,-10509.3,59821.6,10,0.5,0.151,0.249,0.0329,404
May-Jun25,0.55,30,3,YES,0.0,0.7,782,5886,0.4152,7.5,44160.0,0.2362,0.179,1.5,25434.4,2.24,-11021.0,61354.9,10,0.4,0.139,0.23,0.0284,482
May-Jun25,0.55,30,3,YES,0.3,0.8,782,5044,0.5712,3.84,19382.0,0.2362,0.335,4.65,2019.3,7.3,-2019.3,7582.3,10,0.6,0.023,0.066,0.0064,447
May-Jun25,0.55,30,6,ALL,0.0,1.0,207,8515,0.589,22.4,190731.0,0.3017,0.2873,3.31,7344.0,18.69,-7286.0,131217.8,10,0.5,0.5,0.616,0.2595,181
May-Jun25,0.55,30,6,ALL,0.0,0.5,207,3261,0.3364,54.49,177704.0,0.3017,0.0347,3.12,14011.3,10.31,-9248.9,127500.4,10,0.5,0.538,0.659,0.2998,150
May-Jun25,0.55,30,6,ALL,0.0,0.7,207,5465,0.4428,32.44,177294.0,0.3017,0.1411,3.14,11210.0,10.45,-8912.0,126690.2,10,0.5,0.52,0.636,0.2802,173
May-Jun25,0.55,30,6,ALL,0.3,0.8,207,5452,0.5877,3.62,19714.0,0.3017,0.286,6.69,1064.7,19.03,-1064.7,6342.6,10,0.8,0.071,0.168,0.0222,173
May-Jun25,0.55,30,6,NO,0.0,1.0,207,5271,0.6187,31.44,165731.0,0.4384,0.1803,2.92,4030.2,25.02,-4030.2,131101.1,10,0.7,0.614,0.734,0.3891,167
May-Jun25,0.55,30,6,NO,0.0,0.5,207,1671,0.3429,96.25,160839.0,0.4384,-0.0955,2.89,5431.7,21.84,-4747.3,127822.6,10,0.4,0.669,0.789,0.4605,113
May-Jun25,0.55,30,6,NO,0.0,0.7,207,3064,0.4556,51.64,158211.0,0.4384,0.0173,2.86,4693.0,18.15,-4693.0,126835.0,10,0.5,0.646,0.761,0.4284,149
May-Jun25,0.55,30,6,NO,0.3,0.8,207,3365,0.5848,0.4,1345.0,0.4384,0.1465,0.46,3343.4,1.19,-3343.4,3834.8,10,0.3,0.067,0.169,0.0221,155
May-Jun25,0.55,30,6,YES,0.0,1.0,207,3244,0.5407,7.71,25000.0,0.2362,0.3045,2.98,5913.7,3.92,-3255.8,13555.4,10,0.6,0.12,0.279,0.0363,161
May-Jun25,0.55,30,6,YES,0.0,0.5,207,1590,0.3296,10.61,16865.0,0.2362,0.0934,2.03,8901.7,2.38,-4501.6,12101.5,10,0.4,0.13,0.297,0.0407,129
May-Jun25,0.55,30,6,YES,0.0,0.7,207,2401,0.4265,7.95,19084.0,0.2362,0.1903,2.27,7441.8,2.7,-4219.0,13159.1,10,0.4,0.123,0.283,0.0373,152
May-Jun25,0.55,30,6,YES,0.3,0.8,207,2087,0.5922,8.8,18369.0,0.2362,0.356,8.84,524.0,36.06,-524.0,3683.4,10,0.9,0.059,0.169,0.0218,150
May-Jun25,0.55,30,9,ALL,0.0,1.0,46,2823,0.5657,53.72,151650.0,0.3017,0.264,2.66,5035.7,24.62,-3136.9,130374.8,10,0.7,0.814,0.853,0.6647,42
May-Jun25,0.55,30,9,ALL,0.0,0.5,46,1378,0.3817,106.53,146794.0,0.3017,0.08,2.58,7664.6,18.13,-4025.1,129438.8,10,0.6,0.86,0.895,0.7401,38
May-Jun25,0.55,30,9,ALL,0.0,0.7,46,2043,0.4533,71.91,146911.0,0.3017,0.1516,2.58,6481.3,19.88,-4099.8,129473.8,10,0.7,0.837,0.872,0.7021,41
May-Jun25,0.55,30,9,ALL,0.3,0.8,46,1987,0.5722,5.47,10865.0,0.3017,0.2705,6.09,1644.2,7.53,-1644.2,3180.6,10,0.8,0.194,0.429,0.0973,41
May-Jun25,0.55,30,9,NO,0.0,1.0,46,1468,0.6049,95.55,140273.0,0.4384,0.1665,2.48,3117.9,30.51,-2654.0,129630.4,10,0.6,0.883,0.921,0.7802,41
May-Jun25,0.55,30,9,NO,0.0,0.5,46,606,0.429,231.43,140248.0,0.4384,-0.0093,2.49,3398.9,35.98,-1541.8,129229.4,10,0.6,0.925,0.95,0.857,30
May-Jun25,0.55,30,9,NO,0.0,0.7,46,969,0.484,143.08,138648.0,0.4384,0.0456,2.46,3405.7,30.01,-2249.8,128801.3,10,0.7,0.902,0.929,0.8142,37
May-Jun25,0.55,30,9,NO,0.3,0.8,46,1072,0.5672,2.32,2488.0,0.4384,0.1288,1.71,1288.3,1.84,-1242.0,2107.1,10,0.5,0.201,0.408,0.1153,38
May-Jun25,0.55,30,9,YES,0.0,1.0,46,1355,0.5232,8.4,11377.0,0.2362,0.2871,2.17,4571.8,2.93,-2710.1,10875.5,10,0.6,0.28,0.449,0.1106,39
May-Jun25,0.55,30,9,YES,0.0,0.5,46,772,0.3446,8.48,6546.0,0.2362,0.1084,1.19,5807.5,1.86,-3472.9,11102.0,10,0.4,0.279,0.463,0.116,34
May-Jun25,0.55,30,9,YES,0.0,0.7,46,1074,0.4255,7.69,8263.0,0.2362,0.1893,1.57,5325.4,2.18,-2945.3,10624.3,10,0.5,0.284,0.452,0.1138,39
May-Jun25,0.55,30,9,YES,0.3,0.8,46,915,0.5781,9.15,8376.0,0.2362,0.3419,5.87,833.6,9.64,-833.6,2227.1,10,0.7,0.146,0.362,0.0683,39
May-Jun25,0.55,50,3,ALL,0.0,1.0,507,16346,0.574,12.25,200199.0,0.3017,0.2723,3.35,23530.3,8.42,-13152.5,126507.7,10,0.6,0.335,0.468,0.1249,391
May-Jun25,0.55,50,3,ALL,0.0,0.5,507,6059,0.3294,32.96,199681.0,0.3017,0.0277,3.39,27600.3,7.41,-15099.5,119322.5,10,0.6,0.372,0.517,0.1526,315
May-Jun25,0.55,50,3,ALL,0.0,0.7,507,10796,0.4431,17.39,187750.0,0.3017,0.1414,3.21,30062.7,6.5,-15135.6,118217.8,10,0.6,0.348,0.482,0.1339,374
May-Jun25,0.55,50,3,ALL,0.3,0.8,507,10962,0.5747,0.53,5762.0,0.3017,0.273,1.44,5536.5,1.69,-5068.6,4444.6,10,0.6,0.038,0.09,0.0102,366
May-Jun25,0.55,50,3,NO,0.0,1.0,507,9803,0.6104,15.91,155967.0,0.4384,0.1721,2.77,6173.7,15.3,-6173.7,129610.6,10,0.7,0.473,0.584,0.2328,349
May-Jun25,0.55,50,3,NO,0.0,0.5,507,2903,0.3438,55.65,161548.0,0.4384,-0.0946,2.99,8739.1,15.74,-4984.4,124712.7,10,0.6,0.536,0.658,0.2971,226
May-Jun25,0.55,50,3,NO,0.0,0.7,507,5797,0.4627,25.98,150631.0,0.4384,0.0243,2.83,10566.4,11.09,-7061.6,122152.0,10,0.6,0.496,0.607,0.2549,305
May-Jun25,0.55,50,3,NO,0.3,0.8,507,6574,0.5765,-1.81,-11868.0,0.4384,0.1382,-2.65,13189.8,0.28,-9453.4,2205.2,10,0.4,0.033,0.084,0.0095,321
May-Jun25,0.55,50,3,YES,0.0,1.0,507,6543,0.5195,6.76,44232.0,0.2362,0.2833,1.8,21052.4,2.6,-10970.7,51574.1,10,0.5,0.174,0.277,0.0405,349
May-Jun25,0.55,50,3,YES,0.0,0.5,507,3156,0.3162,12.08,38133.0,0.2362,0.08,1.58,24251.5,2.22,-11344.8,49597.8,10,0.5,0.192,0.303,0.0484,278
May-Jun25,0.55,50,3,YES,0.0,0.7,507,4999,0.4205,7.43,37119.0,0.2362,0.1843,1.5,23430.4,2.2,-11422.2,51209.9,10,0.5,0.178,0.282,0.0421,330
May-Jun25,0.55,50,3,YES,0.3,0.8,507,4388,0.572,4.02,17630.0,0.2362,0.3358,5.59,1239.2,7.21,-1239.2,5424.2,10,0.7,0.03,0.086,0.0097,316
May-Jun25,0.55,50,6,ALL,0.0,1.0,192,8437,0.5891,22.66,191197.0,0.3017,0.2874,3.31,7768.4,17.37,-7095.6,131434.5,10,0.5,0.503,0.62,0.2633,170
May-Jun25,0.55,50,6,ALL,0.0,0.5,192,3231,0.3377,55.26,178533.0,0.3017,0.036,3.13,14097.1,10.17,-8748.9,127700.4,10,0.5,0.542,0.665,0.3045,143
May-Jun25,0.55,50,6,ALL,0.0,0.7,192,5419,0.4436,32.85,178005.0,0.3017,0.1419,3.14,11490.1,10.17,-8638.4,126990.2,10,0.5,0.524,0.641,0.2846,164
May-Jun25,0.55,50,6,ALL,0.3,0.8,192,5418,0.5882,3.73,20229.0,0.3017,0.2865,6.81,1064.7,20.0,-1064.7,6491.3,10,0.9,0.072,0.17,0.0226,164
May-Jun25,0.55,50,6,NO,0.0,1.0,192,5240,0.6183,31.68,166021.0,0.4384,0.18,2.92,4007.8,25.07,-4007.8,131163.1,10,0.7,0.616,0.736,0.3917,159
May-Jun25,0.55,50,6,NO,0.0,0.5,192,1660,0.344,97.3,161512.0,0.4384,-0.0944,2.9,5431.7,22.69,-4647.3,127922.6,10,0.4,0.671,0.792,0.4635,109
May-Jun25,0.55,50,6,NO,0.0,0.7,192,3049,0.4562,52.08,158800.0,0.4384,0.0179,2.87,4655.6,19.02,-4655.6,126935.0,10,0.5,0.648,0.763,0.4309,144
May-Jun25,0.55,50,6,NO,0.3,0.8,192,3352,0.585,0.44,1460.0,0.4384,0.1467,0.51,3212.9,1.21,-3212.9,3783.6,10,0.3,0.068,0.171,0.0226,151
May-Jun25,0.55,50,6,YES,0.0,1.0,192,3197,0.5411,7.87,25176.0,0.2362,0.3049,2.94,6217.4,3.76,-3129.6,13868.0,10,0.6,0.122,0.284,0.0376,150
May-Jun25,0.55,50,6,YES,0.0,0.5,192,1571,0.331,10.83,17021.0,0.2362,0.0948,2.03,8887.5,2.37,-4563.8,12501.5,10,0.4,0.132,0.304,0.0424,123
May-Jun25,0.55,50,6,YES,0.0,0.7,192,2370,0.4274,8.1,19204.0,0.2362,0.1912,2.25,7514.5,2.67,-3982.8,13509.5,10,0.5,0.126,0.289,0.0388,143
May-Jun25,0.55,50,6,YES,0.3,0.8,192,2066,0.5934,9.08,18769.0,0.2362,0.3572,9.04,524.0,36.82,-524.0,3733.8,10,0.9,0.06,0.172,0.0228,141
May-Jun25,0.55,50,9,ALL,0.0,1.0,46,2823,0.5657,53.72,151650.0,0.3017,0.264,2.66,5035.7,24.62,-3136.9,130374.8,10,0.7,0.814,0.853,0.6647,42
May-Jun25,0.55,50,9,ALL,0.0,0.5,46,1378,0.3817,106.53,146794.0,0.3017,0.08,2.58,7664.6,18.13,-4025.1,129438.8,10,0.6,0.86,0.895,0.7401,38
May-Jun25,0.55,50,9,ALL,0.0,0.7,46,2043,0.4533,71.91,146911.0,0.3017,0.1516,2.58,6481.3,19.88,-4099.8,129473.8,10,0.7,0.837,0.872,0.7021,41
May-Jun25,0.55,50,9,ALL,0.3,0.8,46,1987,0.5722,5.47,10865.0,0.3017,0.2705,6.09,1644.2,7.53,-1644.2,3180.6,10,0.8,0.194,0.429,0.0973,41
May-Jun25,0.55,50,9,NO,0.0,1.0,46,1468,0.6049,95.55,140273.0,0.4384,0.1665,2.48,3117.9,30.51,-2654.0,129630.4,10,0.6,0.883,0.921,0.7802,41
May-Jun25,0.55,50,9,NO,0.0,0.5,46,606,0.429,231.43,140248.0,0.4384,-0.0093,2.49,3398.9,35.98,-1541.8,129229.4,10,0.6,0.925,0.95,0.857,30
May-Jun25,0.55,50,9,NO,0.0,0.7,46,969,0.484,143.08,138648.0,0.4384,0.0456,2.46,3405.7,30.01,-2249.8,128801.3,10,0.7,0.902,0.929,0.8142,37
May-Jun25,0.55,50,9,NO,0.3,0.8,46,1072,0.5672,2.32,2488.0,0.4384,0.1288,1.71,1288.3,1.84,-1242.0,2107.1,10,0.5,0.201,0.408,0.1153,38
May-Jun25,0.55,50,9,YES,0.0,1.0,46,1355,0.5232,8.4,11377.0,0.2362,0.2871,2.17,4571.8,2.93,-2710.1,10875.5,10,0.6,0.28,0.449,0.1106,39
May-Jun25,0.55,50,9,YES,0.0,0.5,46,772,0.3446,8.48,6546.0,0.2362,0.1084,1.19,5807.5,1.86,-3472.9,11102.0,10,0.4,0.279,0.463,0.116,34
May-Jun25,0.55,50,9,YES,0.0,0.7,46,1074,0.4255,7.69,8263.0,0.2362,0.1893,1.57,5325.4,2.18,-2945.3,10624.3,10,0.5,0.284,0.452,0.1138,39
May-Jun25,0.55,50,9,YES,0.3,0.8,46,915,0.5781,9.15,8376.0,0.2362,0.3419,5.87,833.6,9.64,-833.6,2227.1,10,0.7,0.146,0.362,0.0683,39
May-Jun25,0.6,10,3,ALL,0.0,1.0,1051,14719,0.5912,13.51,198894.0,0.3017,0.2895,3.26,12380.8,14.4,-11861.5,133338.8,10,0.6,0.325,0.428,0.1147,684
May-Jun25,0.6,10,3,ALL,0.0,0.5,1051,5150,0.3266,36.72,189089.0,0.3017,0.0249,3.21,17708.0,7.18,-11661.4,121967.5,10,0.4,0.371,0.488,0.1488,479
May-Jun25,0.6,10,3,ALL,0.0,0.7,1051,9294,0.447,19.64,182574.0,0.3017,0.1453,3.06,19167.5,6.97,-13873.1,124471.3,10,0.4,0.343,0.452,0.1275,619
May-Jun25,0.6,10,3,ALL,0.3,0.8,1051,9549,0.5828,0.86,8249.0,0.3017,0.2811,1.43,3761.0,1.82,-3761.0,10869.8,10,0.5,0.035,0.082,0.007,602
May-Jun25,0.6,10,3,NO,0.0,1.0,1051,8086,0.6342,16.18,130858.0,0.4384,0.1958,2.19,14420.2,7.43,-11266.2,134707.9,10,0.5,0.526,0.555,0.2788,524
May-Jun25,0.6,10,3,NO,0.0,0.5,1051,2167,0.3581,61.24,132697.0,0.4384,-0.0803,2.36,7328.2,13.77,-3707.5,128278.5,10,0.4,0.629,0.652,0.3977,271
May-Jun25,0.6,10,3,NO,0.0,0.7,1051,4490,0.4753,27.59,123893.0,0.4384,0.0369,2.2,12011.4,8.49,-4851.6,127385.5,10,0.4,0.57,0.594,0.3265,401
May-Jun25,0.6,10,3,NO,0.3,0.8,1051,5309,0.5845,-1.26,-6709.0,0.4384,0.1461,-1.45,9246.1,0.58,-8014.5,3110.5,10,0.5,0.033,0.083,0.007,448
May-Jun25,0.6,10,3,YES,0.0,1.0,1051,6633,0.5388,10.26,68036.0,0.2362,0.3026,2.31,10596.0,5.17,-7577.6,65355.4,10,0.5,0.141,0.233,0.0293,596
May-Jun25,0.6,10,3,YES,0.0,0.5,1051,2983,0.3037,18.9,56392.0,0.2362,0.0675,1.89,17847.8,3.01,-7953.9,63398.5,10,0.3,0.16,0.265,0.037,415
May-Jun25,0.6,10,3,YES,0.0,0.7,1051,4804,0.4205,12.22,58682.0,0.2362,0.1843,1.97,14624.2,3.6,-9021.5,64746.6,10,0.4,0.147,0.243,0.0316,537
May-Jun25,0.6,10,3,YES,0.3,0.8,1051,4240,0.5807,3.53,14958.0,0.2362,0.3445,3.88,857.6,12.33,-857.6,7759.3,10,0.7,0.025,0.071,0.0065,500
May-Jun25,0.6,10,6,ALL,0.0,1.0,153,6270,0.6091,28.39,177979.0,0.3017,0.3074,3.1,3963.2,30.28,-3963.2,132930.0,10,0.7,0.602,0.671,0.3669,136
May-Jun25,0.6,10,6,ALL,0.0,0.5,153,2325,0.3609,71.18,165489.0,0.3017,0.0592,2.92,5359.5,22.49,-5219.8,130200.5,10,0.4,0.652,0.729,0.4302,112
May-Jun25,0.6,10,6,ALL,0.0,0.7,153,3907,0.461,42.69,166791.0,0.3017,0.1593,2.96,5339.6,19.12,-5339.6,129487.3,10,0.6,0.63,0.702,0.4012,128
May-Jun25,0.6,10,6,ALL,0.3,0.8,153,4060,0.5963,4.93,20015.0,0.3017,0.2946,7.26,1619.1,13.36,-1619.1,5692.6,10,0.8,0.097,0.23,0.0302,129
May-Jun25,0.6,10,6,NO,0.0,1.0,153,3717,0.6427,39.54,146982.0,0.4384,0.2044,2.55,3718.3,19.98,-2820.3,131970.6,10,0.5,0.756,0.797,0.574,123
May-Jun25,0.6,10,6,NO,0.0,0.5,153,1108,0.3809,128.55,142429.0,0.4384,-0.0575,2.51,3748.2,22.86,-3124.5,130131.5,10,0.5,0.828,0.859,0.6876,82
May-Jun25,0.6,10,6,NO,0.0,0.7,153,2073,0.4809,68.1,141169.0,0.4384,0.0426,2.5,5025.6,18.29,-3181.5,128968.7,10,0.5,0.801,0.834,0.6421,105
May-Jun25,0.6,10,6,NO,0.3,0.8,153,2419,0.5928,1.57,3804.0,0.4384,0.1544,1.84,1775.9,2.1,-1695.5,3100.5,10,0.5,0.097,0.204,0.0281,112
May-Jun25,0.6,10,6,YES,0.0,1.0,153,2553,0.5601,12.14,30997.0,0.2362,0.3239,3.83,2757.6,9.3,-2757.6,14258.3,10,0.7,0.142,0.331,0.0487,124
May-Jun25,0.6,10,6,YES,0.0,0.5,153,1217,0.3426,18.95,23060.0,0.2362,0.1064,2.95,4766.5,4.63,-3741.5,13056.0,10,0.5,0.155,0.356,0.0559,99
May-Jun25,0.6,10,6,YES,0.0,0.7,153,1834,0.4384,13.97,25621.0,0.2362,0.2022,3.13,3995.1,5.21,-3721.9,13977.6,10,0.5,0.148,0.34,0.051,116
May-Jun25,0.6,10,6,YES,0.3,0.8,153,1641,0.6015,9.88,16211.0,0.2362,0.3653,8.27,941.9,18.21,-941.9,3626.5,10,0.9,0.077,0.221,0.0304,115
May-Jun25,0.6,10,9,ALL,0.0,1.0,34,2080,0.5846,75.54,157117.0,0.3017,0.2829,2.75,1847.7,47.69,-1847.3,131260.6,10,0.7,0.87,0.913,0.7591,31
May-Jun25,0.6,10,9,ALL,0.0,0.5,34,1082,0.3983,138.47,149828.0,0.3017,0.0966,2.62,4574.7,23.09,-2746.2,130421.5,10,0.6,0.907,0.94,0.824,28
May-Jun25,0.6,10,9,ALL,0.0,0.7,34,1478,0.4608,102.55,151568.0,0.3017,0.1591,2.65,3776.6,28.65,-2816.7,130570.4,10,0.6,0.895,0.93,0.8027,30
May-Jun25,0.6,10,9,ALL,0.3,0.8,34,1439,0.5844,8.58,12347.0,0.3017,0.2827,6.31,1777.6,7.38,-1777.6,2905.9,10,0.8,0.285,0.573,0.1437,30
May-Jun25,0.6,10,9,NO,0.0,1.0,34,1081,0.63,132.18,142890.0,0.4384,0.1916,2.52,963.5,71.03,-963.5,130135.9,10,0.7,0.921,0.961,0.8487,30
May-Jun25,0.6,10,9,NO,0.0,0.5,34,482,0.4544,292.24,140860.0,0.4384,0.016,2.48,2329.6,46.39,-947.2,130050.8,10,0.5,0.956,0.978,0.9148,23
May-Jun25,0.6,10,9,NO,0.0,0.7,34,694,0.4957,202.17,140303.0,0.4384,0.0573,2.48,1675.8,46.75,-710.6,129549.9,10,0.5,0.939,0.965,0.8814,26
May-Jun25,0.6,10,9,NO,0.3,0.8,34,773,0.5847,6.53,5049.0,0.4384,0.1464,3.88,935.7,3.45,-935.7,2120.6,10,0.7,0.29,0.564,0.155,27
May-Jun25,0.6,10,9,YES,0.0,1.0,34,999,0.5355,14.24,14227.0,0.2362,0.2993,2.8,1947.8,5.91,-1861.9,11217.4,10,0.6,0.365,0.586,0.1721,28
May-Jun25,0.6,10,9,YES,0.0,0.5,34,600,0.3533,14.95,8968.0,0.2362,0.1171,1.78,3007.7,2.65,-2126.5,10710.7,10,0.5,0.354,0.587,0.1737,25
May-Jun25,0.6,10,9,YES,0.0,0.7,34,784,0.4298,14.37,11265.0,0.2362,0.1937,2.21,2806.9,3.51,-2326.7,10931.5,10,0.5,0.374,0.597,0.1799,28
May-Jun25,0.6,10,9,YES,0.3,0.8,34,666,0.5841,10.96,7298.0,0.2362,0.3479,6.12,1066.9,7.84,-1066.9,2005.8,10,0.9,0.222,0.467,0.1035,28
May-Jun25,0.6,30,3,ALL,0.0,1.0,533,12911,0.5937,15.94,205850.0,0.3017,0.292,3.42,7978.4,18.93,-7978.4,133264.3,10,0.6,0.373,0.491,0.1509,392
May-Jun25,0.6,30,3,ALL,0.0,0.5,533,4547,0.3371,43.16,196237.0,0.3017,0.0354,3.34,11662.0,10.37,-9409.5,124588.3,10,0.5,0.418,0.551,0.1891,302
May-Jun25,0.6,30,3,ALL,0.0,0.7,533,8218,0.4528,23.13,190078.0,0.3017,0.1511,3.22,11610.2,9.83,-10382.0,125764.5,10,0.5,0.391,0.515,0.1654,367
May-Jun25,0.6,30,3,ALL,0.3,0.8,533,8531,0.5839,1.26,10726.0,0.3017,0.2822,2.22,4086.7,2.47,-3787.4,9002.8,10,0.6,0.045,0.106,0.011,361
May-Jun25,0.6,30,3,NO,0.0,1.0,533,7211,0.6324,18.28,131796.0,0.4384,0.194,2.26,10501.6,8.3,-10501.6,132160.5,10,0.4,0.591,0.623,0.3505,334
May-Jun25,0.6,30,3,NO,0.0,0.5,533,2003,0.3595,65.35,130897.0,0.4384,-0.0789,2.33,6003.2,14.65,-2515.5,127668.8,10,0.3,0.676,0.701,0.4588,195
May-Jun25,0.6,30,3,NO,0.0,0.7,533,4074,0.4757,30.49,124232.0,0.4384,0.0373,2.23,8245.4,10.22,-5143.4,125991.1,10,0.3,0.627,0.654,0.3946,268
May-Jun25,0.6,30,3,NO,0.3,0.8,533,4789,0.5857,-0.88,-4218.0,0.4384,0.1474,-1.15,6231.3,0.66,-5741.0,3101.8,10,0.5,0.042,0.106,0.0102,300
May-Jun25,0.6,30,3,YES,0.0,1.0,533,5700,0.5447,12.99,74054.0,0.2362,0.3085,2.61,6189.6,7.85,-5904.0,63862.5,10,0.5,0.171,0.283,0.0426,358
May-Jun25,0.6,30,3,YES,0.0,0.5,533,2544,0.3196,25.68,65339.0,0.2362,0.0834,2.3,11217.5,4.47,-6894.0,62107.9,10,0.5,0.193,0.318,0.0526,266
May-Jun25,0.6,30,3,YES,0.0,0.7,533,4144,0.4303,15.89,65846.0,0.2362,0.1941,2.29,8734.9,5.22,-7395.6,63633.3,10,0.4,0.178,0.295,0.0457,328
May-Jun25,0.6,30,3,YES,0.3,0.8,533,3742,0.5815,3.99,14944.0,0.2362,0.3453,3.92,1028.2,8.35,-1028.2,7753.3,10,0.6,0.032,0.092,0.0101,311
May-Jun25,0.6,30,6,ALL,0.0,1.0,149,6268,0.609,28.39,177951.0,0.3017,0.3073,3.1,3963.2,30.28,-3963.2,132930.0,10,0.7,0.602,0.671,0.367,135
May-Jun25,0.6,30,6,ALL,0.0,0.5,149,2325,0.3609,71.18,165489.0,0.3017,0.0592,2.92,5359.5,22.49,-5219.8,130200.5,10,0.4,0.652,0.729,0.4302,112
May-Jun25,0.6,30,6,ALL,0.0,0.7,149,3907,0.461,42.69,166791.0,0.3017,0.1593,2.96,5339.6,19.12,-5339.6,129487.3,10,0.6,0.63,0.702,0.4012,128
May-Jun25,0.6,30,6,ALL,0.3,0.8,149,4060,0.5963,4.93,20015.0,0.3017,0.2946,7.26,1619.1,13.36,-1619.1,5692.6,10,0.8,0.097,0.23,0.0302,129
May-Jun25,0.6,30,6,NO,0.0,1.0,149,3716,0.6426,39.55,146966.0,0.4384,0.2043,2.55,3718.3,19.94,-2836.5,131970.6,10,0.5,0.757,0.798,0.5741,122
May-Jun25,0.6,30,6,NO,0.0,0.5,149,1108,0.3809,128.55,142429.0,0.4384,-0.0575,2.51,3748.2,22.86,-3124.5,130131.5,10,0.5,0.828,0.859,0.6876,82
May-Jun25,0.6,30,6,NO,0.0,0.7,149,2073,0.4809,68.1,141169.0,0.4384,0.0426,2.5,5025.6,18.29,-3181.5,128968.7,10,0.5,0.801,0.834,0.6421,105
May-Jun25,0.6,30,6,NO,0.3,0.8,149,2419,0.5928,1.57,3804.0,0.4384,0.1544,1.84,1775.9,2.1,-1695.5,3100.5,10,0.5,0.097,0.204,0.0281,112
May-Jun25,0.6,30,6,YES,0.0,1.0,149,2552,0.56,12.14,30986.0,0.2362,0.3238,3.83,2757.6,9.3,-2757.6,14247.2,10,0.7,0.142,0.331,0.0488,123
May-Jun25,0.6,30,6,YES,0.0,0.5,149,1217,0.3426,18.95,23060.0,0.2362,0.1064,2.95,4766.5,4.63,-3741.5,13056.0,10,0.5,0.155,0.356,0.0559,99
May-Jun25,0.6,30,6,YES,0.0,0.7,149,1834,0.4384,13.97,25621.0,0.2362,0.2022,3.13,3995.1,5.21,-3721.9,13977.6,10,0.5,0.148,0.34,0.051,116
May-Jun25,0.6,30,6,YES,0.3,0.8,149,1641,0.6015,9.88,16211.0,0.2362,0.3653,8.27,941.9,18.21,-941.9,3626.5,10,0.9,0.077,0.221,0.0304,115
May-Jun25,0.6,30,9,ALL,0.0,1.0,34,2080,0.5846,75.54,157117.0,0.3017,0.2829,2.75,1847.7,47.69,-1847.3,131260.6,10,0.7,0.87,0.913,0.7591,31
May-Jun25,0.6,30,9,ALL,0.0,0.5,34,1082,0.3983,138.47,149828.0,0.3017,0.0966,2.62,4574.7,23.09,-2746.2,130421.5,10,0.6,0.907,0.94,0.824,28
May-Jun25,0.6,30,9,ALL,0.0,0.7,34,1478,0.4608,102.55,151568.0,0.3017,0.1591,2.65,3776.6,28.65,-2816.7,130570.4,10,0.6,0.895,0.93,0.8027,30
May-Jun25,0.6,30,9,ALL,0.3,0.8,34,1439,0.5844,8.58,12347.0,0.3017,0.2827,6.31,1777.6,7.38,-1777.6,2905.9,10,0.8,0.285,0.573,0.1437,30
May-Jun25,0.6,30,9,NO,0.0,1.0,34,1081,0.63,132.18,142890.0,0.4384,0.1916,2.52,963.5,71.03,-963.5,130135.9,10,0.7,0.921,0.961,0.8487,30
May-Jun25,0.6,30,9,NO,0.0,0.5,34,482,0.4544,292.24,140860.0,0.4384,0.016,2.48,2329.6,46.39,-947.2,130050.8,10,0.5,0.956,0.978,0.9148,23
May-Jun25,0.6,30,9,NO,0.0,0.7,34,694,0.4957,202.17,140303.0,0.4384,0.0573,2.48,1675.8,46.75,-710.6,129549.9,10,0.5,0.939,0.965,0.8814,26
May-Jun25,0.6,30,9,NO,0.3,0.8,34,773,0.5847,6.53,5049.0,0.4384,0.1464,3.88,935.7,3.45,-935.7,2120.6,10,0.7,0.29,0.564,0.155,27
May-Jun25,0.6,30,9,YES,0.0,1.0,34,999,0.5355,14.24,14227.0,0.2362,0.2993,2.8,1947.8,5.91,-1861.9,11217.4,10,0.6,0.365,0.586,0.1721,28
May-Jun25,0.6,30,9,YES,0.0,0.5,34,600,0.3533,14.95,8968.0,0.2362,0.1171,1.78,3007.7,2.65,-2126.5,10710.7,10,0.5,0.354,0.587,0.1737,25
May-Jun25,0.6,30,9,YES,0.0,0.7,34,784,0.4298,14.37,11265.0,0.2362,0.1937,2.21,2806.9,3.51,-2326.7,10931.5,10,0.5,0.374,0.597,0.1799,28
May-Jun25,0.6,30,9,YES,0.3,0.8,34,666,0.5841,10.96,7298.0,0.2362,0.3479,6.12,1066.9,7.84,-1066.9,2005.8,10,0.9,0.222,0.467,0.1035,28
May-Jun25,0.6,50,3,ALL,0.0,1.0,334,11266,0.5978,17.72,199581.0,0.3017,0.2961,3.42,5504.7,26.82,-5366.3,131399.6,10,0.6,0.435,0.573,0.204,257
May-Jun25,0.6,50,3,ALL,0.0,0.5,334,3916,0.3442,48.59,190275.0,0.3017,0.0425,3.32,12088.7,11.28,-6614.6,125826.6,10,0.5,0.479,0.631,0.2466,204
May-Jun25,0.6,50,3,ALL,0.0,0.7,334,7154,0.4595,25.99,185956.0,0.3017,0.1578,3.25,11426.6,10.97,-7321.0,125305.6,10,0.5,0.453,0.597,0.2206,245
May-Jun25,0.6,50,3,ALL,0.3,0.8,334,7560,0.5873,1.59,12050.0,0.3017,0.2856,3.26,2619.4,2.86,-2463.0,5284.6,10,0.6,0.057,0.135,0.0163,244
May-Jun25,0.6,50,3,NO,0.0,1.0,334,6479,0.6365,21.32,138111.0,0.4384,0.1982,2.39,7881.1,13.71,-7881.1,131466.4,10,0.5,0.642,0.676,0.4136,232
May-Jun25,0.6,50,3,NO,0.0,0.5,334,1768,0.3671,77.22,136533.0,0.4384,-0.0713,2.43,4682.0,21.45,-2247.2,128234.9,10,0.3,0.718,0.745,0.5177,144
May-Jun25,0.6,50,3,NO,0.0,0.7,334,3646,0.4833,36.11,131665.0,0.4384,0.0449,2.38,5399.8,16.26,-3607.3,126152.2,10,0.3,0.675,0.704,0.4571,195
May-Jun25,0.6,50,3,NO,0.3,0.8,334,4325,0.5908,-0.36,-1545.0,0.4384,0.1524,-0.49,4919.4,0.84,-4919.4,2927.8,10,0.6,0.052,0.132,0.0141,216
May-Jun25,0.6,50,3,YES,0.0,1.0,334,4787,0.5454,12.84,61470.0,0.2362,0.3092,2.59,7972.5,6.34,-4489.6,53027.6,10,0.5,0.221,0.353,0.0643,234
May-Jun25,0.6,50,3,YES,0.0,0.5,334,2148,0.3254,25.02,53742.0,0.2362,0.0892,2.28,12062.2,4.04,-5344.3,51328.1,10,0.4,0.245,0.386,0.0772,180
May-Jun25,0.6,50,3,YES,0.0,0.7,334,3508,0.4347,15.48,54291.0,0.2362,0.1985,2.26,10480.6,4.44,-5614.0,52844.2,10,0.4,0.229,0.363,0.0682,219
May-Jun25,0.6,50,3,YES,0.3,0.8,334,3235,0.5827,4.2,13595.0,0.2362,0.3465,5.23,1002.3,7.86,-1002.3,5026.6,10,0.8,0.043,0.123,0.0157,214
May-Jun25,0.6,50,6,ALL,0.0,1.0,135,6190,0.6094,28.82,178417.0,0.3017,0.3077,3.1,3772.8,31.12,-3772.8,133146.8,10,0.7,0.607,0.677,0.3736,124
May-Jun25,0.6,50,6,ALL,0.0,0.5,135,2295,0.363,72.47,166318.0,0.3017,0.0613,2.93,5445.3,22.44,-4719.8,130400.5,10,0.5,0.658,0.735,0.4384,105
May-Jun25,0.6,50,6,ALL,0.0,0.7,135,3861,0.4623,43.38,167501.0,0.3017,0.1606,2.96,5066.0,19.01,-5066.0,129787.3,10,0.6,0.636,0.709,0.4088,119
May-Jun25,0.6,50,6,ALL,0.3,0.8,135,4026,0.5971,5.1,20530.0,0.3017,0.2954,7.3,1619.1,13.68,-1619.1,5841.4,10,0.9,0.099,0.234,0.0311,120
May-Jun25,0.6,50,6,NO,0.0,1.0,135,3685,0.6423,39.96,147255.0,0.4384,0.204,2.56,3302.9,21.36,-2746.0,132032.6,10,0.5,0.76,0.801,0.5787,114
May-Jun25,0.6,50,6,NO,0.0,0.5,135,1097,0.3829,130.45,143102.0,0.4384,-0.0555,2.52,3348.2,25.6,-2724.5,130231.5,10,0.5,0.832,0.862,0.6932,78
May-Jun25,0.6,50,6,NO,0.0,0.7,135,2058,0.482,68.88,141759.0,0.4384,0.0437,2.51,4525.6,19.77,-2681.5,129068.7,10,0.4,0.803,0.837,0.6467,100
May-Jun25,0.6,50,6,NO,0.3,0.8,135,2406,0.5931,1.63,3919.0,0.4384,0.1547,1.99,1612.3,2.23,-1565.0,3049.3,10,0.5,0.098,0.207,0.0289,108
May-Jun25,0.6,50,6,YES,0.0,1.0,135,2505,0.5609,12.44,31162.0,0.2362,0.3247,3.8,2771.0,8.8,-2589.7,14559.8,10,0.6,0.146,0.339,0.051,112
May-Jun25,0.6,50,6,YES,0.0,0.5,135,1198,0.3447,19.38,23216.0,0.2362,0.1085,2.95,4852.4,4.52,-3341.5,13456.0,10,0.5,0.159,0.366,0.0587,93
May-Jun25,0.6,50,6,YES,0.0,0.7,135,1803,0.4398,14.28,25742.0,0.2362,0.2036,3.12,4212.6,4.93,-3485.6,14328.0,10,0.5,0.152,0.348,0.0534,107
May-Jun25,0.6,50,6,YES,0.3,0.8,135,1620,0.6031,10.25,16612.0,0.2362,0.3669,8.35,941.9,18.64,-941.9,3676.9,10,0.9,0.079,0.228,0.0321,106
May-Jun25,0.6,50,9,ALL,0.0,1.0,34,2080,0.5846,75.54,157117.0,0.3017,0.2829,2.75,1847.7,47.69,-1847.3,131260.6,10,0.7,0.87,0.913,0.7591,31
May-Jun25,0.6,50,9,ALL,0.0,0.5,34,1082,0.3983,138.47,149828.0,0.3017,0.0966,2.62,4574.7,23.09,-2746.2,130421.5,10,0.6,0.907,0.94,0.824,28
May-Jun25,0.6,50,9,ALL,0.0,0.7,34,1478,0.4608,102.55,151568.0,0.3017,0.1591,2.65,3776.6,28.65,-2816.7,130570.4,10,0.6,0.895,0.93,0.8027,30
May-Jun25,0.6,50,9,ALL,0.3,0.8,34,1439,0.5844,8.58,12347.0,0.3017,0.2827,6.31,1777.6,7.38,-1777.6,2905.9,10,0.8,0.285,0.573,0.1437,30
May-Jun25,0.6,50,9,NO,0.0,1.0,34,1081,0.63,132.18,142890.0,0.4384,0.1916,2.52,963.5,71.03,-963.5,130135.9,10,0.7,0.921,0.961,0.8487,30
May-Jun25,0.6,50,9,NO,0.0,0.5,34,482,0.4544,292.24,140860.0,0.4384,0.016,2.48,2329.6,46.39,-947.2,130050.8,10,0.5,0.956,0.978,0.9148,23
May-Jun25,0.6,50,9,NO,0.0,0.7,34,694,0.4957,202.17,140303.0,0.4384,0.0573,2.48,1675.8,46.75,-710.6,129549.9,10,0.5,0.939,0.965,0.8814,26
May-Jun25,0.6,50,9,NO,0.3,0.8,34,773,0.5847,6.53,5049.0,0.4384,0.1464,3.88,935.7,3.45,-935.7,2120.6,10,0.7,0.29,0.564,0.155,27
May-Jun25,0.6,50,9,YES,0.0,1.0,34,999,0.5355,14.24,14227.0,0.2362,0.2993,2.8,1947.8,5.91,-1861.9,11217.4,10,0.6,0.365,0.586,0.1721,28
May-Jun25,0.6,50,9,YES,0.0,0.5,34,600,0.3533,14.95,8968.0,0.2362,0.1171,1.78,3007.7,2.65,-2126.5,10710.7,10,0.5,0.354,0.587,0.1737,25
May-Jun25,0.6,50,9,YES,0.0,0.7,34,784,0.4298,14.37,11265.0,0.2362,0.1937,2.21,2806.9,3.51,-2326.7,10931.5,10,0.5,0.374,0.597,0.1799,28
May-Jun25,0.6,50,9,YES,0.3,0.8,34,666,0.5841,10.96,7298.0,0.2362,0.3479,6.12,1066.9,7.84,-1066.9,2005.8,10,0.9,0.222,0.467,0.1035,28
May-Jun25,0.65,10,3,ALL,0.0,1.0,723,8880,0.6215,18.48,164115.0,0.3017,0.3198,2.82,2966.4,30.97,-2966.4,133995.7,10,0.7,0.485,0.512,0.2374,466
May-Jun25,0.65,10,3,ALL,0.0,0.5,723,2770,0.3419,54.95,152218.0,0.3017,0.0402,2.76,6624.5,13.77,-3912.6,125498.3,10,0.4,0.565,0.596,0.3209,317
May-Jun25,0.65,10,3,ALL,0.0,0.7,723,5235,0.4653,28.75,150519.0,0.3017,0.1636,2.68,6448.9,12.95,-4481.3,127820.4,10,0.5,0.516,0.545,0.2679,413
May-Jun25,0.65,10,3,ALL,0.3,0.8,723,5650,0.6002,2.58,14557.0,0.3017,0.2985,4.22,2295.3,4.41,-2295.3,6268.8,10,0.7,0.052,0.11,0.0093,412
May-Jun25,0.65,10,3,NO,0.0,1.0,723,4731,0.6578,28.75,136038.0,0.4384,0.2194,2.28,9203.3,8.68,-6962.6,135249.6,10,0.4,0.645,0.676,0.4174,360
May-Jun25,0.65,10,3,NO,0.0,0.5,723,1077,0.39,130.3,140334.0,0.4384,-0.0484,2.46,3963.2,20.13,-2569.0,130437.8,10,0.5,0.759,0.783,0.5775,170
May-Jun25,0.65,10,3,NO,0.0,0.7,723,2408,0.4929,55.29,133143.0,0.4384,0.0546,2.32,6068.7,11.84,-3645.4,130531.7,10,0.4,0.693,0.718,0.4813,273
May-Jun25,0.65,10,3,NO,0.3,0.8,723,3020,0.598,-0.07,-226.0,0.4384,0.1597,-0.06,4751.9,0.98,-4751.9,2978.6,10,0.6,0.051,0.103,0.0103,307
May-Jun25,0.65,10,3,YES,0.0,1.0,723,4149,0.5801,6.77,28077.0,0.2362,0.3439,3.75,2236.7,7.56,-2041.2,14329.1,10,0.7,0.077,0.151,0.0149,403
May-Jun25,0.65,10,3,YES,0.0,0.5,723,1693,0.3113,7.02,11884.0,0.2362,0.0751,1.33,7600.8,1.71,-4939.5,15566.5,10,0.3,0.084,0.169,0.0183,271
May-Jun25,0.65,10,3,YES,0.0,0.7,723,2827,0.4418,6.15,17376.0,0.2362,0.2056,2.17,5018.1,2.53,-3388.7,14602.8,10,0.4,0.079,0.157,0.0157,354
May-Jun25,0.65,10,3,YES,0.3,0.8,723,2630,0.6027,5.62,14783.0,0.2362,0.3665,9.01,318.2,47.45,-318.2,3290.1,10,0.9,0.036,0.093,0.0088,336
May-Jun25,0.65,10,6,ALL,0.0,1.0,106,3689,0.6243,44.07,162578.0,0.3017,0.3226,2.81,1339.3,90.83,-1085.3,133364.5,10,0.8,0.747,0.783,0.5597,95
May-Jun25,0.65,10,6,ALL,0.0,0.5,106,1439,0.3996,108.68,156388.0,0.3017,0.0979,2.73,2865.7,34.75,-1405.7,131372.0,10,0.5,0.803,0.833,0.6457,78
May-Jun25,0.65,10,6,ALL,0.0,0.7,106,2230,0.4717,69.93,155933.0,0.3017,0.17,2.73,3286.8,40.06,-1869.2,130976.7,10,0.5,0.778,0.807,0.6065,89
May-Jun25,0.65,10,6,ALL,0.3,0.8,106,2367,0.5915,6.17,14611.0,0.3017,0.2898,6.86,1301.6,11.67,-1301.6,3532.8,10,0.8,0.137,0.254,0.0399,90
May-Jun25,0.65,10,6,NO,0.0,1.0,106,1995,0.6506,70.92,141487.0,0.4384,0.2123,2.45,2943.5,35.03,-2362.9,132173.7,10,0.5,0.837,0.874,0.7009,86
May-Jun25,0.65,10,6,NO,0.0,0.5,106,635,0.4457,226.01,143516.0,0.4384,0.0073,2.52,992.6,83.39,-912.8,130980.1,10,0.6,0.891,0.917,0.7944,55
May-Jun25,0.65,10,6,NO,0.0,0.7,106,1070,0.4925,131.24,140426.0,0.4384,0.0542,2.47,1646.7,57.82,-934.4,130227.0,10,0.4,0.867,0.896,0.753,74
May-Jun25,0.65,10,6,NO,0.3,0.8,106,1286,0.5762,1.75,2256.0,0.4384,0.1378,1.55,1813.2,1.74,-1253.5,2106.2,10,0.5,0.141,0.212,0.0388,78
May-Jun25,0.65,10,6,YES,0.0,1.0,106,1694,0.5933,12.45,21091.0,0.2362,0.3571,3.77,762.7,10.66,-912.2,12770.8,10,0.7,0.212,0.34,0.0641,89
May-Jun25,0.65,10,6,YES,0.0,0.5,106,804,0.3632,16.01,12872.0,0.2362,0.127,2.22,3679.1,3.32,-1770.1,12254.0,10,0.5,0.215,0.357,0.0706,68
May-Jun25,0.65,10,6,YES,0.0,0.7,106,1160,0.4526,13.37,15507.0,0.2362,0.2164,2.68,2574.6,4.79,-1348.0,12645.0,10,0.5,0.214,0.341,0.0654,81
May-Jun25,0.65,10,6,YES,0.3,0.8,106,1081,0.6096,11.43,12356.0,0.2362,0.3734,7.71,741.9,11.43,-741.9,2771.4,10,0.8,0.1,0.259,0.0404,80
May-Jun25,0.65,10,9,ALL,0.0,1.0,22,1675,0.5803,93.98,157410.0,0.3017,0.2786,2.74,1417.0,62.2,-1417.0,131849.1,10,0.7,0.91,0.954,0.8291,20
May-Jun25,0.65,10,9,ALL,0.0,0.5,22,937,0.4194,162.62,152375.0,0.3017,0.1177,2.65,2614.7,31.73,-1478.8,131321.5,10,0.5,0.929,0.963,0.8645,18
May-Jun25,0.65,10,9,ALL,0.0,0.7,22,1234,0.4652,123.67,152604.0,0.3017,0.1635,2.66,1884.5,36.31,-1446.1,131120.8,10,0.6,0.93,0.964,0.8653,20
May-Jun25,0.65,10,9,ALL,0.3,0.8,22,1232,0.5657,6.96,8579.0,0.3017,0.264,4.85,1677.6,5.06,-1677.6,2692.9,10,0.7,0.425,0.611,0.215,20
May-Jun25,0.65,10,9,NO,0.0,1.0,22,874,0.6144,161.52,141166.0,0.4384,0.1761,2.48,1791.2,49.84,-1791.2,130627.6,10,0.6,0.943,0.975,0.89,20
May-Jun25,0.65,10,9,NO,0.0,0.5,22,429,0.4685,328.48,140916.0,0.4384,0.0302,2.47,1415.3,49.39,-986.4,130550.8,10,0.5,0.963,0.984,0.9271,15
May-Jun25,0.65,10,9,NO,0.0,0.7,22,588,0.4864,236.41,139008.0,0.4384,0.048,2.45,1497.9,40.44,-1497.9,129967.4,10,0.5,0.955,0.976,0.9132,18
May-Jun25,0.65,10,9,NO,0.3,0.8,22,652,0.5598,3.91,2551.0,0.4384,0.1215,1.95,1061.9,2.11,-1061.9,2339.5,10,0.7,0.42,0.545,0.2118,18
May-Jun25,0.65,10,9,YES,0.0,1.0,22,801,0.5431,20.28,16244.0,0.2362,0.3069,3.36,785.7,7.65,-950.0,10716.1,10,0.7,0.459,0.737,0.2617,18
May-Jun25,0.65,10,9,YES,0.0,0.5,22,508,0.378,22.56,11459.0,0.2362,0.1418,2.35,1734.7,3.7,-1226.5,10496.0,10,0.4,0.421,0.698,0.2407,15
May-Jun25,0.65,10,9,YES,0.0,0.7,22,646,0.4458,21.05,13596.0,0.2362,0.2096,2.79,1142.2,5.33,-1105.3,10658.1,10,0.4,0.469,0.747,0.2727,18
May-Jun25,0.65,10,9,YES,0.3,0.8,22,580,0.5724,10.39,6028.0,0.2362,0.3362,5.58,966.9,5.94,-966.9,1615.7,10,0.8,0.322,0.592,0.1628,18
May-Jun25,0.65,30,3,ALL,0.0,1.0,338,7403,0.6269,22.93,169747.0,0.3017,0.3252,2.94,1957.0,78.33,-1957.0,133704.3,10,0.8,0.568,0.599,0.3249,249
May-Jun25,0.65,30,3,ALL,0.0,0.5,338,2338,0.3618,67.89,158717.0,0.3017,0.0601,2.84,2986.6,23.86,-2986.6,128054.2,10,0.6,0.649,0.685,0.423,187
May-Jun25,0.65,30,3,ALL,0.0,0.7,338,4394,0.4754,35.8,157292.0,0.3017,0.1737,2.8,3268.2,21.04,-3268.2,128903.8,10,0.6,0.599,0.633,0.3606,233
May-Jun25,0.65,30,3,ALL,0.3,0.8,338,4819,0.6028,3.5,16887.0,0.3017,0.3011,6.02,1054.1,7.15,-1054.1,4466.5,10,0.7,0.07,0.148,0.0155,231
May-Jun25,0.65,30,3,NO,0.0,1.0,338,3979,0.6562,34.55,137484.0,0.4384,0.2178,2.35,7392.6,11.5,-5759.5,133210.2,10,0.6,0.72,0.755,0.5198,212
May-Jun25,0.65,30,3,NO,0.0,0.5,338,971,0.3975,143.64,139477.0,0.4384,-0.0408,2.45,3459.1,23.77,-2837.6,130238.2,10,0.4,0.806,0.83,0.65,115
May-Jun25,0.65,30,3,NO,0.0,0.7,338,2074,0.4952,64.77,134325.0,0.4384,0.0568,2.36,5080.7,15.97,-3513.7,129502.6,10,0.4,0.754,0.781,0.5702,173
May-Jun25,0.65,30,3,NO,0.3,0.8,338,2578,0.5997,0.81,2082.0,0.4384,0.1613,0.82,3523.8,1.32,-2880.8,2551.9,10,0.6,0.069,0.139,0.0166,194
May-Jun25,0.65,30,3,YES,0.0,1.0,338,3424,0.5929,9.42,32264.0,0.2362,0.3567,4.79,324.0,16.2,-1798.1,14205.4,10,0.8,0.104,0.205,0.0248,231
May-Jun25,0.65,30,3,YES,0.0,0.5,338,1367,0.3365,14.07,19239.0,0.2362,0.1003,2.49,3918.8,3.05,-2594.6,14906.8,10,0.5,0.114,0.229,0.0302,162
May-Jun25,0.65,30,3,YES,0.0,0.7,338,2320,0.4578,9.9,22966.0,0.2362,0.2216,3.25,1745.4,4.62,-2902.5,13991.1,10,0.6,0.107,0.213,0.0262,207
May-Jun25,0.65,30,3,YES,0.3,0.8,338,2241,0.6064,6.61,14805.0,0.2362,0.3702,9.0,450.0,31.12,-450.0,3209.2,10,0.8,0.049,0.127,0.0144,199
May-Jun25,0.65,30,6,ALL,0.0,1.0,102,3687,0.6241,44.09,162551.0,0.3017,0.3224,2.81,1339.3,90.81,-1085.3,133364.5,10,0.8,0.747,0.783,0.5599,94
May-Jun25,0.65,30,6,ALL,0.0,0.5,102,1439,0.3996,108.68,156388.0,0.3017,0.0979,2.73,2865.7,34.75,-1405.7,131372.0,10,0.5,0.803,0.833,0.6457,78
May-Jun25,0.65,30,6,ALL,0.0,0.7,102,2230,0.4717,69.93,155933.0,0.3017,0.17,2.73,3286.8,40.06,-1869.2,130976.7,10,0.5,0.778,0.807,0.6065,89
May-Jun25,0.65,30,6,ALL,0.3,0.8,102,2367,0.5915,6.17,14611.0,0.3017,0.2898,6.86,1301.6,11.67,-1301.6,3532.8,10,0.8,0.137,0.254,0.0399,90
May-Jun25,0.65,30,6,NO,0.0,1.0,102,1994,0.6505,70.95,141471.0,0.4384,0.2121,2.45,2943.5,34.9,-2362.9,132173.7,10,0.5,0.837,0.874,0.7011,85
May-Jun25,0.65,30,6,NO,0.0,0.5,102,635,0.4457,226.01,143516.0,0.4384,0.0073,2.52,992.6,83.39,-912.8,130980.1,10,0.6,0.891,0.917,0.7944,55
May-Jun25,0.65,30,6,NO,0.0,0.7,102,1070,0.4925,131.24,140426.0,0.4384,0.0542,2.47,1646.7,57.82,-934.4,130227.0,10,0.4,0.867,0.896,0.753,74
May-Jun25,0.65,30,6,NO,0.3,0.8,102,1286,0.5762,1.75,2256.0,0.4384,0.1378,1.55,1813.2,1.74,-1253.5,2106.2,10,0.5,0.141,0.212,0.0388,78
May-Jun25,0.65,30,6,YES,0.0,1.0,102,1693,0.593,12.45,21080.0,0.2362,0.3568,3.77,762.7,10.66,-912.2,12770.8,10,0.7,0.212,0.34,0.0642,88
May-Jun25,0.65,30,6,YES,0.0,0.5,102,804,0.3632,16.01,12872.0,0.2362,0.127,2.22,3679.1,3.32,-1770.1,12254.0,10,0.5,0.215,0.357,0.0706,68
May-Jun25,0.65,30,6,YES,0.0,0.7,102,1160,0.4526,13.37,15507.0,0.2362,0.2164,2.68,2574.6,4.79,-1348.0,12645.0,10,0.5,0.214,0.341,0.0654,81
May-Jun25,0.65,30,6,YES,0.3,0.8,102,1081,0.6096,11.43,12356.0,0.2362,0.3734,7.71,741.9,11.43,-741.9,2771.4,10,0.8,0.1,0.259,0.0404,80
May-Jun25,0.65,30,9,ALL,0.0,1.0,22,1675,0.5803,93.98,157410.0,0.3017,0.2786,2.74,1417.0,62.2,-1417.0,131849.1,10,0.7,0.91,0.954,0.8291,20
May-Jun25,0.65,30,9,ALL,0.0,0.5,22,937,0.4194,162.62,152375.0,0.3017,0.1177,2.65,2614.7,31.73,-1478.8,131321.5,10,0.5,0.929,0.963,0.8645,18
May-Jun25,0.65,30,9,ALL,0.0,0.7,22,1234,0.4652,123.67,152604.0,0.3017,0.1635,2.66,1884.5,36.31,-1446.1,131120.8,10,0.6,0.93,0.964,0.8653,20
May-Jun25,0.65,30,9,ALL,0.3,0.8,22,1232,0.5657,6.96,8579.0,0.3017,0.264,4.85,1677.6,5.06,-1677.6,2692.9,10,0.7,0.425,0.611,0.215,20
May-Jun25,0.65,30,9,NO,0.0,1.0,22,874,0.6144,161.52,141166.0,0.4384,0.1761,2.48,1791.2,49.84,-1791.2,130627.6,10,0.6,0.943,0.975,0.89,20
May-Jun25,0.65,30,9,NO,0.0,0.5,22,429,0.4685,328.48,140916.0,0.4384,0.0302,2.47,1415.3,49.39,-986.4,130550.8,10,0.5,0.963,0.984,0.9271,15
May-Jun25,0.65,30,9,NO,0.0,0.7,22,588,0.4864,236.41,139008.0,0.4384,0.048,2.45,1497.9,40.44,-1497.9,129967.4,10,0.5,0.955,0.976,0.9132,18
May-Jun25,0.65,30,9,NO,0.3,0.8,22,652,0.5598,3.91,2551.0,0.4384,0.1215,1.95,1061.9,2.11,-1061.9,2339.5,10,0.7,0.42,0.545,0.2118,18
May-Jun25,0.65,30,9,YES,0.0,1.0,22,801,0.5431,20.28,16244.0,0.2362,0.3069,3.36,785.7,7.65,-950.0,10716.1,10,0.7,0.459,0.737,0.2617,18
May-Jun25,0.65,30,9,YES,0.0,0.5,22,508,0.378,22.56,11459.0,0.2362,0.1418,2.35,1734.7,3.7,-1226.5,10496.0,10,0.4,0.421,0.698,0.2407,15
May-Jun25,0.65,30,9,YES,0.0,0.7,22,646,0.4458,21.05,13596.0,0.2362,0.2096,2.79,1142.2,5.33,-1105.3,10658.1,10,0.4,0.469,0.747,0.2727,18
May-Jun25,0.65,30,9,YES,0.3,0.8,22,580,0.5724,10.39,6028.0,0.2362,0.3362,5.58,966.9,5.94,-966.9,1615.7,10,0.8,0.322,0.592,0.1628,18
May-Jun25,0.65,50,3,ALL,0.0,1.0,206,6479,0.6299,26.14,169333.0,0.3017,0.3282,2.96,812.4,137.14,-812.4,132707.8,10,0.8,0.647,0.68,0.4212,160
May-Jun25,0.65,50,3,ALL,0.0,0.5,206,2076,0.3757,76.95,159752.0,0.3017,0.074,2.84,4345.1,20.97,-3817.9,129145.4,10,0.6,0.717,0.752,0.5157,125
May-Jun25,0.65,50,3,ALL,0.0,0.7,206,3857,0.4828,41.16,158757.0,0.3017,0.1811,2.83,2566.3,22.24,-2762.2,128684.3,10,0.6,0.674,0.708,0.456,154
May-Jun25,0.65,50,3,ALL,0.3,0.8,206,4287,0.6049,4.15,17782.0,0.3017,0.3032,6.35,1213.8,8.56,-1213.8,4619.8,10,0.7,0.091,0.192,0.0231,154
May-Jun25,0.65,50,3,NO,0.0,1.0,206,3588,0.6589,39.4,141383.0,0.4384,0.2205,2.44,5457.0,16.66,-5079.4,132435.0,10,0.6,0.763,0.799,0.583,145
May-Jun25,0.65,50,3,NO,0.0,0.5,206,891,0.4164,161.21,143634.0,0.4384,-0.022,2.53,2137.6,35.83,-2137.6,130534.1,10,0.7,0.836,0.862,0.7003,84
May-Jun25,0.65,50,3,NO,0.0,0.7,206,1873,0.5045,74.39,139336.0,0.4384,0.0662,2.47,2993.2,30.36,-2735.3,129215.1,10,0.5,0.791,0.82,0.6273,125
May-Jun25,0.65,50,3,NO,0.3,0.8,206,2336,0.6032,1.77,4142.0,0.4384,0.1648,1.92,1993.2,1.9,-1993.2,2540.6,10,0.7,0.086,0.171,0.0227,138
May-Jun25,0.65,50,3,YES,0.0,1.0,206,2891,0.5939,9.67,27950.0,0.2362,0.3577,4.19,800.0,9.61,-2011.5,13539.8,10,0.7,0.143,0.271,0.0388,149
May-Jun25,0.65,50,3,YES,0.0,0.5,206,1185,0.3451,13.6,16118.0,0.2362,0.109,2.28,4101.5,2.8,-3012.0,13180.2,10,0.5,0.15,0.288,0.0436,109
May-Jun25,0.65,50,3,YES,0.0,0.7,206,1984,0.4622,9.79,19421.0,0.2362,0.226,2.86,2119.6,3.87,-3019.3,13147.5,10,0.5,0.145,0.274,0.0396,138
May-Jun25,0.65,50,3,YES,0.3,0.8,206,1951,0.6069,6.99,13640.0,0.2362,0.3707,9.4,496.8,28.46,-496.8,2490.5,10,0.9,0.065,0.169,0.0223,136
May-Jun25,0.65,50,6,ALL,0.0,1.0,92,3612,0.6249,45.1,162896.0,0.3017,0.3232,2.81,1085.3,89.24,-1085.3,133581.2,10,0.8,0.755,0.792,0.5717,85
May-Jun25,0.65,50,6,ALL,0.0,0.5,92,1409,0.4038,111.58,157217.0,0.3017,0.1021,2.74,2165.7,39.73,-1416.9,131572.0,10,0.4,0.812,0.843,0.6609,71
May-Jun25,0.65,50,6,ALL,0.0,0.7,92,2186,0.4744,71.65,156622.0,0.3017,0.1727,2.73,2568.7,39.77,-1862.6,131276.7,10,0.5,0.786,0.815,0.6194,82
May-Jun25,0.65,50,6,ALL,0.3,0.8,92,2336,0.5925,6.42,15005.0,0.3017,0.2908,6.96,1301.6,12.52,-1301.6,3581.6,10,0.8,0.14,0.258,0.0413,83
May-Jun25,0.65,50,6,NO,0.0,1.0,92,1963,0.65,72.22,141761.0,0.4384,0.2117,2.45,2615.3,35.77,-2379.9,132235.7,10,0.6,0.84,0.878,0.7073,77
May-Jun25,0.65,50,6,NO,0.0,0.5,92,624,0.4503,231.07,144189.0,0.4384,0.012,2.53,1012.8,82.82,-1012.8,131080.1,10,0.7,0.895,0.921,0.8013,51
May-Jun25,0.65,50,6,NO,0.0,0.7,92,1055,0.4948,133.66,141016.0,0.4384,0.0564,2.48,1455.5,57.81,-934.4,130327.0,10,0.5,0.871,0.899,0.7588,69
May-Jun25,0.65,50,6,NO,0.3,0.8,92,1273,0.5766,1.86,2371.0,0.4384,0.1382,1.71,1649.6,1.81,-1123.0,2055.0,10,0.6,0.144,0.217,0.0405,74
May-Jun25,0.65,50,6,YES,0.0,1.0,92,1649,0.5949,12.82,21135.0,0.2362,0.3587,3.8,762.7,9.64,-1159.1,12587.4,10,0.7,0.22,0.353,0.0691,79
May-Jun25,0.65,50,6,YES,0.0,0.5,92,785,0.3669,16.6,13028.0,0.2362,0.1307,2.29,3379.1,3.36,-1570.1,11970.6,10,0.4,0.226,0.375,0.0769,62
May-Jun25,0.65,50,6,YES,0.0,0.7,92,1131,0.4553,13.8,15606.0,0.2362,0.2192,2.72,2356.4,4.96,-1586.9,12461.6,10,0.6,0.223,0.355,0.0705,74
May-Jun25,0.65,50,6,YES,0.3,0.8,92,1063,0.6115,11.89,12634.0,0.2362,0.3753,7.92,741.9,11.88,-741.9,2686.2,10,0.8,0.104,0.269,0.0431,73
May-Jun25,0.65,50,9,ALL,0.0,1.0,22,1675,0.5803,93.98,157410.0,0.3017,0.2786,2.74,1417.0,62.2,-1417.0,131849.1,10,0.7,0.91,0.954,0.8291,20
May-Jun25,0.65,50,9,ALL,0.0,0.5,22,937,0.4194,162.62,152375.0,0.3017,0.1177,2.65,2614.7,31.73,-1478.8,131321.5,10,0.5,0.929,0.963,0.8645,18
May-Jun25,0.65,50,9,ALL,0.0,0.7,22,1234,0.4652,123.67,152604.0,0.3017,0.1635,2.66,1884.5,36.31,-1446.1,131120.8,10,0.6,0.93,0.964,0.8653,20
May-Jun25,0.65,50,9,ALL,0.3,0.8,22,1232,0.5657,6.96,8579.0,0.3017,0.264,4.85,1677.6,5.06,-1677.6,2692.9,10,0.7,0.425,0.611,0.215,20
May-Jun25,0.65,50,9,NO,0.0,1.0,22,874,0.6144,161.52,141166.0,0.4384,0.1761,2.48,1791.2,49.84,-1791.2,130627.6,10,0.6,0.943,0.975,0.89,20
May-Jun25,0.65,50,9,NO,0.0,0.5,22,429,0.4685,328.48,140916.0,0.4384,0.0302,2.47,1415.3,49.39,-986.4,130550.8,10,0.5,0.963,0.984,0.9271,15
May-Jun25,0.65,50,9,NO,0.0,0.7,22,588,0.4864,236.41,139008.0,0.4384,0.048,2.45,1497.9,40.44,-1497.9,129967.4,10,0.5,0.955,0.976,0.9132,18
May-Jun25,0.65,50,9,NO,0.3,0.8,22,652,0.5598,3.91,2551.0,0.4384,0.1215,1.95,1061.9,2.11,-1061.9,2339.5,10,0.7,0.42,0.545,0.2118,18
May-Jun25,0.65,50,9,YES,0.0,1.0,22,801,0.5431,20.28,16244.0,0.2362,0.3069,3.36,785.7,7.65,-950.0,10716.1,10,0.7,0.459,0.737,0.2617,18
May-Jun25,0.65,50,9,YES,0.0,0.5,22,508,0.378,22.56,11459.0,0.2362,0.1418,2.35,1734.7,3.7,-1226.5,10496.0,10,0.4,0.421,0.698,0.2407,15
May-Jun25,0.65,50,9,YES,0.0,0.7,22,646,0.4458,21.05,13596.0,0.2362,0.2096,2.79,1142.2,5.33,-1105.3,10658.1,10,0.4,0.469,0.747,0.2727,18
May-Jun25,0.65,50,9,YES,0.3,0.8,22,580,0.5724,10.39,6028.0,0.2362,0.3362,5.58,966.9,5.94,-966.9,1615.7,10,0.8,0.322,0.592,0.1628,18
May-Jun25,0.7,10,3,ALL,0.0,1.0,458,5940,0.6298,2.08,12337.0,0.3017,0.3281,2.66,4854.4,2.48,-3992.4,5658.7,10,0.6,0.045,0.113,0.0115,304
May-Jun25,0.7,10,3,ALL,0.0,0.5,458,1860,0.3441,-1.0,-1851.0,0.3017,0.0424,-0.56,6662.6,0.8,-3756.1,5031.1,10,0.4,0.067,0.13,0.0164,193
May-Jun25,0.7,10,3,ALL,0.0,0.7,458,3494,0.4717,0.08,263.0,0.3017,0.17,0.08,5943.9,1.04,-5374.8,4144.8,10,0.4,0.055,0.116,0.0129,262
May-Jun25,0.7,10,3,ALL,0.3,0.8,458,3839,0.6002,1.99,7625.0,0.3017,0.2985,2.2,4676.2,2.29,-4025.6,5335.1,10,0.7,0.087,0.131,0.0149,268
May-Jun25,0.7,10,3,NO,0.0,1.0,458,3121,0.6668,0.96,3011.0,0.4384,0.2284,0.58,7345.1,1.23,-5012.8,5830.6,10,0.4,0.081,0.168,0.0168,248
May-Jun25,0.7,10,3,NO,0.0,0.5,458,720,0.3931,2.46,1768.0,0.4384,-0.0453,0.75,3575.0,1.29,-2387.4,3250.7,10,0.6,0.078,0.223,0.0278,109
May-Jun25,0.7,10,3,NO,0.0,0.7,458,1596,0.5013,-0.73,-1164.0,0.4384,0.0629,-0.4,5533.3,0.87,-3000.6,3949.9,10,0.4,0.07,0.178,0.0187,180
May-Jun25,0.7,10,3,NO,0.3,0.8,458,2018,0.6041,0.28,572.0,0.4384,0.1657,0.17,5548.5,1.07,-5067.4,3098.8,10,0.6,0.083,0.123,0.0162,210
May-Jun25,0.7,10,3,YES,0.0,1.0,458,2819,0.5889,3.31,9327.0,0.2362,0.3527,3.3,3348.9,3.33,-2273.3,4171.2,10,0.7,0.066,0.149,0.0165,256
May-Jun25,0.7,10,3,YES,0.0,0.5,458,1140,0.3132,-3.17,-3619.0,0.2362,0.077,-1.08,5610.8,0.69,-3306.3,3860.1,10,0.5,0.08,0.165,0.0222,161
May-Jun25,0.7,10,3,YES,0.0,0.7,458,1898,0.4468,0.75,1427.0,0.2362,0.2106,0.46,5394.2,1.18,-3332.4,3280.1,10,0.6,0.073,0.154,0.0185,218
May-Jun25,0.7,10,3,YES,0.3,0.8,458,1821,0.5958,3.87,7053.0,0.2362,0.3596,4.03,1161.8,4.66,-1161.8,2324.0,10,0.6,0.06,0.119,0.0132,214
May-Jun25,0.7,10,6,ALL,0.0,1.0,60,2407,0.6377,3.73,8974.0,0.3017,0.336,3.43,2025.0,3.35,-2025.0,3715.6,10,0.7,0.119,0.265,0.0449,53
May-Jun25,0.7,10,6,ALL,0.0,0.5,60,1000,0.41,1.88,1878.0,0.3017,0.1083,0.86,1721.4,1.4,-1721.4,3630.8,10,0.4,0.103,0.258,0.0491,40
May-Jun25,0.7,10,6,ALL,0.0,0.7,60,1424,0.4726,1.78,2537.0,0.3017,0.1709,1.11,1818.3,1.54,-1818.3,3954.7,10,0.5,0.101,0.228,0.0422,49
May-Jun25,0.7,10,6,ALL,0.3,0.8,60,1554,0.5856,5.44,8454.0,0.3017,0.2839,4.85,1286.6,4.82,-1286.6,2430.6,10,0.7,0.256,0.385,0.0901,50
May-Jun25,0.7,10,6,NO,0.0,1.0,60,1319,0.677,4.53,5970.0,0.4384,0.2387,3.41,2011.4,3.47,-2011.4,2341.0,10,0.7,0.239,0.402,0.0891,49
May-Jun25,0.7,10,6,NO,0.0,0.5,60,444,0.4595,8.4,3728.0,0.4384,0.0211,3.0,1434.0,2.89,-1434.0,1748.7,10,0.6,0.225,0.53,0.1128,29
May-Jun25,0.7,10,6,NO,0.0,0.7,60,689,0.5094,4.72,3255.0,0.4384,0.0711,2.57,1515.0,2.58,-1515.0,1954.3,10,0.7,0.222,0.423,0.0907,40
May-Jun25,0.7,10,6,NO,0.3,0.8,60,854,0.5902,3.58,3053.0,0.4384,0.1518,2.33,893.7,2.36,-893.7,2283.4,10,0.7,0.245,0.333,0.086,45
May-Jun25,0.7,10,6,YES,0.0,1.0,60,1088,0.5901,2.76,3004.0,0.2362,0.3539,2.49,803.6,2.44,-803.6,1808.2,10,0.6,0.098,0.224,0.0421,51
May-Jun25,0.7,10,6,YES,0.0,0.5,60,556,0.3705,-3.33,-1850.0,0.2362,0.1343,-1.44,1647.6,0.61,-1280.1,1882.1,10,0.3,0.115,0.206,0.0629,35
May-Jun25,0.7,10,6,YES,0.0,0.7,60,735,0.4381,-0.98,-718.0,0.2362,0.2019,-0.53,1431.3,0.83,-1208.0,2000.4,10,0.3,0.101,0.218,0.0466,45
May-Jun25,0.7,10,6,YES,0.3,0.8,60,700,0.58,7.71,5400.0,0.2362,0.3438,5.24,782.8,7.9,-782.8,1660.7,10,0.9,0.203,0.393,0.078,45
May-Jun25,0.7,10,9,ALL,0.0,1.0,14,1408,0.5788,5.02,7067.0,0.3017,0.2771,3.22,1417.0,3.76,-1417.0,3979.1,10,0.8,0.384,0.716,0.2356,12
May-Jun25,0.7,10,9,ALL,0.0,0.5,14,826,0.4407,4.46,3685.0,0.3017,0.139,1.72,1283.6,2.05,-1032.7,3766.5,10,0.3,0.319,0.686,0.2003,11
May-Jun25,0.7,10,9,ALL,0.0,0.7,14,1063,0.4751,3.18,3382.0,0.3017,0.1734,1.56,1432.7,1.9,-1432.7,3802.7,10,0.5,0.359,0.662,0.2047,12
May-Jun25,0.7,10,9,ALL,0.3,0.8,14,1110,0.5505,5.36,5946.0,0.3017,0.2487,4.11,1677.6,3.81,-1677.6,2040.2,10,0.8,0.6,0.749,0.3824,12
May-Jun25,0.7,10,9,NO,0.0,1.0,14,752,0.6144,5.12,3851.0,0.4384,0.176,2.8,1256.2,2.58,-1256.2,2154.9,10,0.7,0.614,0.745,0.3971,12
May-Jun25,0.7,10,9,NO,0.0,0.5,14,388,0.4845,8.8,3416.0,0.4384,0.0462,2.87,919.7,2.94,-919.7,1887.0,10,0.6,0.523,0.838,0.3445,9
May-Jun25,0.7,10,9,NO,0.0,0.7,14,524,0.5,3.88,2034.0,0.4384,0.0616,1.59,1312.7,1.81,-1312.7,1968.2,10,0.7,0.566,0.708,0.3546,11
May-Jun25,0.7,10,9,NO,0.3,0.8,14,600,0.555,3.88,2325.0,0.4384,0.1166,1.91,1039.7,2.08,-1039.7,2040.6,10,0.6,0.523,0.635,0.313,12
May-Jun25,0.7,10,9,YES,0.0,1.0,14,656,0.5381,4.9,3216.0,0.2362,0.3019,2.93,993.4,3.0,-706.4,1824.1,10,0.6,0.32,0.602,0.1721,11
May-Jun25,0.7,10,9,YES,0.0,0.5,14,438,0.4018,0.61,269.0,0.2362,0.1656,0.22,1654.3,1.08,-1132.2,1879.5,10,0.4,0.291,0.45,0.2676,9
May-Jun25,0.7,10,9,YES,0.0,0.7,14,539,0.4508,2.5,1348.0,0.2362,0.2146,1.15,1427.1,1.54,-722.1,1834.5,10,0.5,0.332,0.573,0.2192,11
May-Jun25,0.7,10,9,YES,0.3,0.8,14,510,0.5451,7.1,3621.0,0.2362,0.3089,4.07,966.9,4.51,-966.9,1275.1,10,0.7,0.502,0.772,0.3069,11
May-Jun25,0.7,30,3,ALL,0.0,1.0,189,4746,0.6353,3.16,15003.0,0.3017,0.3336,3.11,4619.8,3.0,-4619.8,6896.4,10,0.6,0.068,0.17,0.0201,150
May-Jun25,0.7,30,3,ALL,0.0,0.5,189,1536,0.3672,1.48,2274.0,0.3017,0.0655,0.72,3537.8,1.31,-2423.6,4257.6,10,0.5,0.109,0.199,0.0292,104
May-Jun25,0.7,30,3,ALL,0.0,0.7,189,2827,0.4825,1.51,4269.0,0.3017,0.1808,1.19,3168.6,1.56,-3131.6,5047.8,10,0.5,0.086,0.178,0.0232,136
May-Jun25,0.7,30,3,ALL,0.3,0.8,189,3152,0.6009,2.84,8937.0,0.3017,0.2992,3.43,2927.5,3.17,-2927.5,3288.7,10,0.8,0.128,0.192,0.0284,139
May-Jun25,0.7,30,3,NO,0.0,1.0,189,2469,0.6663,1.36,3370.0,0.4384,0.2279,0.85,4449.0,1.37,-4449.0,4245.7,10,0.5,0.129,0.218,0.0311,133
May-Jun25,0.7,30,3,NO,0.0,0.5,189,627,0.4035,1.05,661.0,0.4384,-0.0349,0.29,3612.3,1.11,-3032.9,3192.0,10,0.5,0.119,0.28,0.0445,63
May-Jun25,0.7,30,3,NO,0.0,0.7,189,1300,0.5054,-0.5,-646.0,0.4384,0.067,-0.26,4092.7,0.9,-2973.1,3637.7,10,0.4,0.111,0.219,0.031,104
May-Jun25,0.7,30,3,NO,0.3,0.8,189,1628,0.6063,1.4,2272.0,0.4384,0.1679,1.0,3329.9,1.44,-3329.9,2474.6,10,0.7,0.124,0.184,0.0301,123
May-Jun25,0.7,30,3,YES,0.0,1.0,189,2277,0.6017,5.11,11633.0,0.2362,0.3655,5.06,1207.9,8.2,-1207.9,3772.3,10,0.7,0.099,0.224,0.029,138
May-Jun25,0.7,30,3,YES,0.0,0.5,189,909,0.3421,1.77,1613.0,0.2362,0.1059,0.66,2814.8,1.25,-1966.4,2961.7,10,0.5,0.121,0.249,0.0388,89
May-Jun25,0.7,30,3,YES,0.0,0.7,189,1527,0.463,3.22,4914.0,0.2362,0.2268,2.11,2673.5,2.1,-2279.6,2863.4,10,0.6,0.11,0.234,0.0326,119
May-Jun25,0.7,30,3,YES,0.3,0.8,189,1524,0.5951,4.37,6665.0,0.2362,0.3589,4.81,641.8,7.56,-641.8,2241.0,10,0.6,0.089,0.173,0.0239,117
May-Jun25,0.7,30,6,ALL,0.0,1.0,58,2407,0.6377,3.73,8974.0,0.3017,0.336,3.43,2025.0,3.35,-2025.0,3715.6,10,0.7,0.119,0.265,0.0449,53
May-Jun25,0.7,30,6,ALL,0.0,0.5,58,1000,0.41,1.88,1878.0,0.3017,0.1083,0.86,1721.4,1.4,-1721.4,3630.8,10,0.4,0.103,0.258,0.0491,40
May-Jun25,0.7,30,6,ALL,0.0,0.7,58,1424,0.4726,1.78,2537.0,0.3017,0.1709,1.11,1818.3,1.54,-1818.3,3954.7,10,0.5,0.101,0.228,0.0422,49
May-Jun25,0.7,30,6,ALL,0.3,0.8,58,1554,0.5856,5.44,8454.0,0.3017,0.2839,4.85,1286.6,4.82,-1286.6,2430.6,10,0.7,0.256,0.385,0.0901,50
May-Jun25,0.7,30,6,NO,0.0,1.0,58,1319,0.677,4.53,5970.0,0.4384,0.2387,3.41,2011.4,3.47,-2011.4,2341.0,10,0.7,0.239,0.402,0.0891,49
May-Jun25,0.7,30,6,NO,0.0,0.5,58,444,0.4595,8.4,3728.0,0.4384,0.0211,3.0,1434.0,2.89,-1434.0,1748.7,10,0.6,0.225,0.53,0.1128,29
May-Jun25,0.7,30,6,NO,0.0,0.7,58,689,0.5094,4.72,3255.0,0.4384,0.0711,2.57,1515.0,2.58,-1515.0,1954.3,10,0.7,0.222,0.423,0.0907,40
May-Jun25,0.7,30,6,NO,0.3,0.8,58,854,0.5902,3.58,3053.0,0.4384,0.1518,2.33,893.7,2.36,-893.7,2283.4,10,0.7,0.245,0.333,0.086,45
May-Jun25,0.7,30,6,YES,0.0,1.0,58,1088,0.5901,2.76,3004.0,0.2362,0.3539,2.49,803.6,2.44,-803.6,1808.2,10,0.6,0.098,0.224,0.0421,51
May-Jun25,0.7,30,6,YES,0.0,0.5,58,556,0.3705,-3.33,-1850.0,0.2362,0.1343,-1.44,1647.6,0.61,-1280.1,1882.1,10,0.3,0.115,0.206,0.0629,35
May-Jun25,0.7,30,6,YES,0.0,0.7,58,735,0.4381,-0.98,-718.0,0.2362,0.2019,-0.53,1431.3,0.83,-1208.0,2000.4,10,0.3,0.101,0.218,0.0466,45
May-Jun25,0.7,30,6,YES,0.3,0.8,58,700,0.58,7.71,5400.0,0.2362,0.3438,5.24,782.8,7.9,-782.8,1660.7,10,0.9,0.203,0.393,0.078,45
May-Jun25,0.7,30,9,ALL,0.0,1.0,14,1408,0.5788,5.02,7067.0,0.3017,0.2771,3.22,1417.0,3.76,-1417.0,3979.1,10,0.8,0.384,0.716,0.2356,12
May-Jun25,0.7,30,9,ALL,0.0,0.5,14,826,0.4407,4.46,3685.0,0.3017,0.139,1.72,1283.6,2.05,-1032.7,3766.5,10,0.3,0.319,0.686,0.2003,11
May-Jun25,0.7,30,9,ALL,0.0,0.7,14,1063,0.4751,3.18,3382.0,0.3017,0.1734,1.56,1432.7,1.9,-1432.7,3802.7,10,0.5,0.359,0.662,0.2047,12
May-Jun25,0.7,30,9,ALL,0.3,0.8,14,1110,0.5505,5.36,5946.0,0.3017,0.2487,4.11,1677.6,3.81,-1677.6,2040.2,10,0.8,0.6,0.749,0.3824,12
May-Jun25,0.7,30,9,NO,0.0,1.0,14,752,0.6144,5.12,3851.0,0.4384,0.176,2.8,1256.2,2.58,-1256.2,2154.9,10,0.7,0.614,0.745,0.3971,12
May-Jun25,0.7,30,9,NO,0.0,0.5,14,388,0.4845,8.8,3416.0,0.4384,0.0462,2.87,919.7,2.94,-919.7,1887.0,10,0.6,0.523,0.838,0.3445,9
May-Jun25,0.7,30,9,NO,0.0,0.7,14,524,0.5,3.88,2034.0,0.4384,0.0616,1.59,1312.7,1.81,-1312.7,1968.2,10,0.7,0.566,0.708,0.3546,11
May-Jun25,0.7,30,9,NO,0.3,0.8,14,600,0.555,3.88,2325.0,0.4384,0.1166,1.91,1039.7,2.08,-1039.7,2040.6,10,0.6,0.523,0.635,0.313,12
May-Jun25,0.7,30,9,YES,0.0,1.0,14,656,0.5381,4.9,3216.0,0.2362,0.3019,2.93,993.4,3.0,-706.4,1824.1,10,0.6,0.32,0.602,0.1721,11
May-Jun25,0.7,30,9,YES,0.0,0.5,14,438,0.4018,0.61,269.0,0.2362,0.1656,0.22,1654.3,1.08,-1132.2,1879.5,10,0.4,0.291,0.45,0.2676,9
May-Jun25,0.7,30,9,YES,0.0,0.7,14,539,0.4508,2.5,1348.0,0.2362,0.2146,1.15,1427.1,1.54,-722.1,1834.5,10,0.5,0.332,0.573,0.2192,11
May-Jun25,0.7,30,9,YES,0.3,0.8,14,510,0.5451,7.1,3621.0,0.2362,0.3089,4.07,966.9,4.51,-966.9,1275.1,10,0.7,0.502,0.772,0.3069,11
May-Jun25,0.7,50,3,ALL,0.0,1.0,110,4111,0.6288,2.16,8889.0,0.3017,0.3271,2.2,3593.0,2.44,-3297.8,7205.3,10,0.6,0.078,0.206,0.0283,91
May-Jun25,0.7,50,3,ALL,0.0,0.5,110,1392,0.3772,0.3,412.0,0.3017,0.0755,0.14,4961.7,1.06,-2207.5,4750.3,10,0.5,0.075,0.201,0.0328,66
May-Jun25,0.7,50,3,ALL,0.0,0.7,110,2500,0.4816,0.14,347.0,0.3017,0.1799,0.11,5116.0,1.05,-2458.3,5595.5,10,0.2,0.08,0.187,0.0286,86
May-Jun25,0.7,50,3,ALL,0.3,0.8,110,2784,0.5952,2.48,6899.0,0.3017,0.2935,3.02,2689.5,2.64,-2689.5,2317.1,10,0.7,0.175,0.262,0.0482,89
May-Jun25,0.7,50,3,NO,0.0,1.0,110,2189,0.661,1.59,3479.0,0.4384,0.2227,0.99,4153.4,1.45,-3971.5,4377.3,10,0.5,0.161,0.271,0.0459,86
May-Jun25,0.7,50,3,NO,0.0,0.5,110,584,0.4161,4.1,2395.0,0.4384,-0.0223,1.08,2532.9,1.57,-2532.9,3592.0,10,0.5,0.148,0.348,0.0639,44
May-Jun25,0.7,50,3,NO,0.0,0.7,110,1177,0.5064,0.45,528.0,0.4384,0.068,0.23,3026.2,1.1,-2880.6,3855.9,10,0.4,0.139,0.267,0.0448,71
May-Jun25,0.7,50,3,NO,0.3,0.8,110,1458,0.6022,1.39,2027.0,0.4384,0.1638,1.0,2709.3,1.42,-2709.3,2361.6,10,0.6,0.157,0.229,0.0448,83
May-Jun25,0.7,50,3,YES,0.0,1.0,110,1922,0.5921,2.81,5409.0,0.2362,0.3559,2.91,1484.7,4.02,-1215.7,2872.3,10,0.6,0.136,0.251,0.0392,85
May-Jun25,0.7,50,3,YES,0.0,0.5,110,808,0.349,-2.45,-1983.0,0.2362,0.1128,-1.05,3965.6,0.71,-2133.2,2196.7,10,0.4,0.119,0.233,0.0476,57
May-Jun25,0.7,50,3,YES,0.0,0.7,110,1323,0.4596,-0.14,-181.0,0.2362,0.2234,-0.1,3785.1,0.97,-2044.8,2284.7,10,0.4,0.129,0.247,0.0408,78
May-Jun25,0.7,50,3,YES,0.3,0.8,110,1326,0.5875,3.67,4872.0,0.2362,0.3513,4.62,688.6,6.38,-688.6,1584.0,10,0.7,0.127,0.246,0.0408,78
May-Jun25,0.7,50,6,ALL,0.0,1.0,53,2372,0.6383,4.08,9669.0,0.3017,0.3366,3.72,2076.6,3.78,-2076.6,3748.1,10,0.7,0.123,0.274,0.0473,49
May-Jun25,0.7,50,6,ALL,0.0,0.5,53,986,0.4148,3.09,3051.0,0.3017,0.1131,1.42,1721.4,1.72,-1721.4,3630.8,10,0.5,0.111,0.277,0.052,38
May-Jun25,0.7,50,6,ALL,0.0,0.7,53,1405,0.4754,2.5,3509.0,0.3017,0.1737,1.55,1818.3,1.8,-1818.3,3954.7,10,0.6,0.105,0.239,0.0445,47
May-Jun25,0.7,50,6,ALL,0.3,0.8,53,1541,0.5866,5.64,8693.0,0.3017,0.2849,5.06,1286.6,5.21,-1286.6,2430.6,10,0.7,0.259,0.39,0.0922,48
May-Jun25,0.7,50,6,NO,0.0,1.0,53,1306,0.6769,4.63,6052.0,0.4384,0.2385,3.51,2011.4,3.61,-2011.4,2303.0,10,0.7,0.242,0.408,0.0916,45
May-Jun25,0.7,50,6,NO,0.0,0.5,53,439,0.4624,9.11,4001.0,0.4384,0.0241,3.22,1434.0,3.14,-1434.0,1748.7,10,0.6,0.232,0.546,0.1187,28
May-Jun25,0.7,50,6,NO,0.0,0.7,53,683,0.511,5.06,3459.0,0.4384,0.0726,2.7,1515.0,2.77,-1515.0,1954.3,10,0.7,0.225,0.43,0.0936,39
May-Jun25,0.7,50,6,NO,0.3,0.8,53,848,0.592,3.84,3257.0,0.4384,0.1536,2.52,839.8,2.55,-839.8,2283.4,10,0.7,0.249,0.339,0.0886,44
May-Jun25,0.7,50,6,YES,0.0,1.0,53,1066,0.591,3.39,3616.0,0.2362,0.3548,3.11,803.6,3.1,-803.6,1808.2,10,0.6,0.102,0.234,0.0446,47
May-Jun25,0.7,50,6,YES,0.0,0.5,53,547,0.3766,-1.74,-950.0,0.2362,0.1404,-0.77,1547.6,0.75,-1180.1,1882.1,10,0.3,0.121,0.218,0.0676,33
May-Jun25,0.7,50,6,YES,0.0,0.7,53,722,0.4418,0.07,50.0,0.2362,0.2056,0.04,1263.3,1.01,-1108.0,2000.4,10,0.4,0.106,0.229,0.0495,43
May-Jun25,0.7,50,6,YES,0.3,0.8,53,693,0.5801,7.84,5436.0,0.2362,0.3439,5.41,782.8,7.94,-782.8,1567.2,10,0.9,0.206,0.399,0.0804,43
May-Jun25,0.7,50,9,ALL,0.0,1.0,14,1408,0.5788,5.02,7067.0,0.3017,0.2771,3.22,1417.0,3.76,-1417.0,3979.1,10,0.8,0.384,0.716,0.2356,12
May-Jun25,0.7,50,9,ALL,0.0,0.5,14,826,0.4407,4.46,3685.0,0.3017,0.139,1.72,1283.6,2.05,-1032.7,3766.5,10,0.3,0.319,0.686,0.2003,11
May-Jun25,0.7,50,9,ALL,0.0,0.7,14,1063,0.4751,3.18,3382.0,0.3017,0.1734,1.56,1432.7,1.9,-1432.7,3802.7,10,0.5,0.359,0.662,0.2047,12
May-Jun25,0.7,50,9,ALL,0.3,0.8,14,1110,0.5505,5.36,5946.0,0.3017,0.2487,4.11,1677.6,3.81,-1677.6,2040.2,10,0.8,0.6,0.749,0.3824,12
May-Jun25,0.7,50,9,NO,0.0,1.0,14,752,0.6144,5.12,3851.0,0.4384,0.176,2.8,1256.2,2.58,-1256.2,2154.9,10,0.7,0.614,0.745,0.3971,12
May-Jun25,0.7,50,9,NO,0.0,0.5,14,388,0.4845,8.8,3416.0,0.4384,0.0462,2.87,919.7,2.94,-919.7,1887.0,10,0.6,0.523,0.838,0.3445,9
May-Jun25,0.7,50,9,NO,0.0,0.7,14,524,0.5,3.88,2034.0,0.4384,0.0616,1.59,1312.7,1.81,-1312.7,1968.2,10,0.7,0.566,0.708,0.3546,11
May-Jun25,0.7,50,9,NO,0.3,0.8,14,600,0.555,3.88,2325.0,0.4384,0.1166,1.91,1039.7,2.08,-1039.7,2040.6,10,0.6,0.523,0.635,0.313,12
May-Jun25,0.7,50,9,YES,0.0,1.0,14,656,0.5381,4.9,3216.0,0.2362,0.3019,2.93,993.4,3.0,-706.4,1824.1,10,0.6,0.32,0.602,0.1721,11
May-Jun25,0.7,50,9,YES,0.0,0.5,14,438,0.4018,0.61,269.0,0.2362,0.1656,0.22,1654.3,1.08,-1132.2,1879.5,10,0.4,0.291,0.45,0.2676,9
May-Jun25,0.7,50,9,YES,0.0,0.7,14,539,0.4508,2.5,1348.0,0.2362,0.2146,1.15,1427.1,1.54,-722.1,1834.5,10,0.5,0.332,0.573,0.2192,11
May-Jun25,0.7,50,9,YES,0.3,0.8,14,510,0.5451,7.1,3621.0,0.2362,0.3089,4.07,966.9,4.51,-966.9,1275.1,10,0.7,0.502,0.772,0.3069,11
May-Jun25,0.75,10,3,ALL,0.0,1.0,276,2447,0.6829,5.38,13169.0,0.3017,0.3812,4.09,2827.2,4.12,-2827.2,4850.6,10,0.8,0.086,0.196,0.0233,177
May-Jun25,0.75,10,3,ALL,0.0,0.5,276,569,0.3199,7.53,4283.0,0.3017,0.0182,1.25,5783.1,1.54,-2911.2,3828.4,10,0.6,0.129,0.249,0.0372,108
May-Jun25,0.75,10,3,ALL,0.0,0.7,276,1151,0.4709,4.89,5624.0,0.3017,0.1692,1.73,5621.6,1.79,-3275.1,3795.6,10,0.6,0.107,0.227,0.0292,150
May-Jun25,0.75,10,3,ALL,0.3,0.8,276,1365,0.6183,2.51,3432.0,0.3017,0.3166,2.34,2495.5,2.27,-1521.3,1609.5,10,0.8,0.038,0.086,0.0135,155
May-Jun25,0.75,10,3,NO,0.0,1.0,276,1237,0.7025,0.04,55.0,0.4384,0.2641,0.02,3682.1,1.01,-2192.3,2752.4,10,0.6,0.089,0.142,0.0216,148
May-Jun25,0.75,10,3,NO,0.0,0.5,276,203,0.3399,-1.08,-220.0,0.4384,-0.0985,-0.19,2864.6,0.93,-1300.0,1522.1,10,0.5,0.146,0.27,0.0443,62
May-Jun25,0.75,10,3,NO,0.0,0.7,276,478,0.4686,-4.34,-2074.0,0.4384,0.0303,-1.73,3549.0,0.47,-1933.1,1365.9,10,0.4,0.119,0.203,0.0307,101
May-Jun25,0.75,10,3,NO,0.3,0.8,276,655,0.6153,-1.26,-824.0,0.4384,0.1769,-0.53,3491.3,0.83,-2258.7,1168.1,10,0.6,0.036,0.085,0.0177,121
May-Jun25,0.75,10,3,YES,0.0,1.0,276,1210,0.6628,10.84,13113.0,0.2362,0.4266,4.83,2004.5,5.74,-1238.1,4279.6,10,0.7,0.123,0.277,0.038,145
May-Jun25,0.75,10,3,YES,0.0,0.5,276,366,0.3087,12.3,4503.0,0.2362,0.0725,1.63,3826.0,1.74,-2214.8,3306.2,10,0.6,0.165,0.327,0.0555,81
May-Jun25,0.75,10,3,YES,0.0,0.7,276,673,0.4725,11.44,7698.0,0.2362,0.2363,2.72,3273.1,2.51,-1931.1,3711.1,10,0.6,0.145,0.309,0.0461,119
May-Jun25,0.75,10,3,YES,0.3,0.8,276,710,0.6211,5.99,4256.0,0.2362,0.3849,4.97,187.5,7.4,-477.5,1813.7,10,0.8,0.047,0.114,0.0164,120
May-Jun25,0.75,10,6,ALL,0.0,1.0,30,920,0.6674,0.94,864.0,0.3017,0.3657,0.65,1469.8,1.27,-1469.8,1361.1,10,0.5,0.133,0.323,0.081,27
May-Jun25,0.75,10,6,ALL,0.0,0.5,30,270,0.4,0.26,70.0,0.3017,0.0983,0.07,1807.0,1.03,-1395.4,1372.0,10,0.6,0.203,0.37,0.1096,20
May-Jun25,0.75,10,6,ALL,0.0,0.7,30,458,0.4585,-3.69,-1690.0,0.3017,0.1568,-1.41,2543.0,0.62,-1478.8,1212.4,10,0.4,0.091,0.251,0.0792,26
May-Jun25,0.75,10,6,ALL,0.3,0.8,30,529,0.5784,2.66,1407.0,0.3017,0.2767,1.26,1251.3,1.57,-1251.3,1278.8,10,0.5,0.167,0.354,0.0872,26
May-Jun25,0.75,10,6,NO,0.0,1.0,30,480,0.6896,-1.54,-738.0,0.4384,0.2512,-0.72,1741.0,0.77,-1353.2,936.1,10,0.4,0.115,0.29,0.08,25
May-Jun25,0.75,10,6,NO,0.0,0.5,30,99,0.4141,-1.73,-172.0,0.4384,-0.0242,-0.29,853.0,0.9,-853.0,593.0,10,0.5,0.329,0.469,0.1567,14
May-Jun25,0.75,10,6,NO,0.0,0.7,30,205,0.478,-5.86,-1202.0,0.4384,0.0397,-1.68,1454.6,0.54,-847.6,583.6,10,0.4,0.097,0.245,0.0891,20
May-Jun25,0.75,10,6,NO,0.3,0.8,30,261,0.5939,0.37,96.0,0.4384,0.1555,0.14,741.5,1.06,-741.5,913.4,10,0.3,0.132,0.279,0.1006,22
May-Jun25,0.75,10,6,YES,0.0,1.0,30,440,0.6432,3.64,1602.0,0.2362,0.407,1.94,732.3,2.16,-586.2,1521.2,10,0.6,0.107,0.3,0.082,25
May-Jun25,0.75,10,6,YES,0.0,0.5,30,171,0.3918,1.41,242.0,0.2362,0.1556,0.31,1447.1,1.12,-637.0,1112.4,10,0.6,0.12,0.319,0.102,15
May-Jun25,0.75,10,6,YES,0.0,0.7,30,253,0.4427,-1.93,-488.0,0.2362,0.2065,-0.59,1552.4,0.82,-714.9,1210.5,10,0.5,0.094,0.262,0.088,23
May-Jun25,0.75,10,6,YES,0.3,0.8,30,268,0.5634,4.89,1311.0,0.2362,0.3272,1.88,509.8,2.1,-509.8,1213.6,10,0.6,0.191,0.357,0.1013,23
May-Jun25,0.75,10,9,ALL,0.0,1.0,8,377,0.557,1.92,723.0,0.3017,0.2553,0.78,809.4,1.31,-788.4,1002.5,10,0.6,0.469,0.682,0.2946,6
May-Jun25,0.75,10,9,ALL,0.0,0.5,8,186,0.4462,10.0,1859.0,0.3017,0.1445,2.12,881.2,2.56,-881.2,1347.6,10,0.6,0.65,0.911,0.4925,5
May-Jun25,0.75,10,9,ALL,0.0,0.7,8,293,0.4608,-0.13,-37.0,0.3017,0.159,-0.04,1120.6,0.99,-965.5,1253.1,10,0.6,0.405,0.524,0.304,6
May-Jun25,0.75,10,9,ALL,0.3,0.8,8,309,0.5016,-1.28,-394.0,0.3017,0.1999,-0.52,986.7,0.84,-670.4,709.8,10,0.4,0.204,0.347,0.3558,6
May-Jun25,0.75,10,9,NO,0.0,1.0,8,184,0.5652,-3.8,-698.0,0.4384,0.1269,-1.36,1277.7,0.63,-511.2,701.6,10,0.3,0.087,0.212,0.2746,6
May-Jun25,0.75,10,9,NO,0.0,0.5,8,68,0.4853,13.41,912.0,0.4384,0.0469,2.19,438.7,2.43,-438.7,855.1,8,0.75,0.902,1.0,0.8215,3
May-Jun25,0.75,10,9,NO,0.0,0.7,8,132,0.4621,-5.81,-766.0,0.4384,0.0238,-1.57,1162.2,0.58,-526.1,630.5,10,0.3,0.051,0.176,0.5189,5
May-Jun25,0.75,10,9,NO,0.3,0.8,8,150,0.5067,-6.18,-926.0,0.4384,0.0683,-1.89,1268.4,0.52,-458.2,660.1,10,0.3,0.099,0.235,0.4183,6
May-Jun25,0.75,10,9,YES,0.0,1.0,8,193,0.5492,7.36,1421.0,0.2362,0.313,1.99,515.7,2.18,-508.8,1307.9,10,0.7,0.462,0.912,0.3415,5
May-Jun25,0.75,10,9,YES,0.0,0.5,8,118,0.4237,8.03,948.0,0.2362,0.1875,1.75,442.5,1.99,-442.5,1056.8,9,0.556,0.507,1.0,0.4294,3
May-Jun25,0.75,10,9,YES,0.0,0.7,8,161,0.4596,4.53,730.0,0.2362,0.2234,0.95,739.3,1.45,-684.2,1307.9,10,0.6,0.578,0.839,0.3836,5
May-Jun25,0.75,10,9,YES,0.3,0.8,8,159,0.4969,3.35,532.0,0.2362,0.2607,0.92,543.5,1.47,-443.5,1037.5,10,0.4,0.53,0.876,0.3495,5
May-Jun25,0.75,30,3,ALL,0.0,1.0,94,1712,0.6998,7.65,13104.0,0.3017,0.3981,3.58,1622.0,4.66,-1622.0,6671.8,10,0.7,0.142,0.303,0.0483,76
May-Jun25,0.75,30,3,ALL,0.0,0.5,94,386,0.3601,14.72,5681.0,0.3017,0.0584,1.92,3105.9,2.14,-1813.8,4805.6,10,0.6,0.224,0.394,0.0803,51
May-Jun25,0.75,30,3,ALL,0.0,0.7,94,801,0.4956,8.73,6993.0,0.3017,0.1939,2.12,3276.5,2.24,-1910.0,5553.0,10,0.5,0.183,0.361,0.0639,67
May-Jun25,0.75,30,3,ALL,0.3,0.8,94,971,0.6292,5.23,5082.0,0.3017,0.3275,3.87,1024.2,5.59,-1024.2,2324.2,10,0.8,0.065,0.147,0.028,71
May-Jun25,0.75,30,3,NO,0.0,1.0,94,852,0.7113,-0.47,-396.0,0.4384,0.2729,-0.23,2257.4,0.92,-2257.4,1555.0,10,0.6,0.051,0.137,0.0272,69
May-Jun25,0.75,30,3,NO,0.0,0.5,94,140,0.3571,-12.87,-1801.0,0.4384,-0.0812,-2.0,2354.4,0.5,-1453.0,552.9,10,0.4,0.147,0.229,0.0637,31
May-Jun25,0.75,30,3,NO,0.0,0.7,94,344,0.4942,-6.37,-2190.0,0.4384,0.0558,-2.02,2451.7,0.47,-1369.5,910.4,10,0.5,0.082,0.157,0.0362,50
May-Jun25,0.75,30,3,NO,0.3,0.8,94,463,0.6263,1.37,633.0,0.4384,0.188,0.63,1101.4,1.27,-1101.4,1245.6,10,0.6,0.068,0.162,0.0332,63
May-Jun25,0.75,30,3,YES,0.0,1.0,94,860,0.6884,15.7,13501.0,0.2362,0.4522,5.06,857.5,13.39,-790.6,5116.8,10,0.7,0.174,0.393,0.0688,69
May-Jun25,0.75,30,3,YES,0.0,0.5,94,246,0.3618,30.42,7482.0,0.2362,0.1256,3.04,2205.9,3.44,-1178.0,4271.8,10,0.6,0.241,0.471,0.1014,38
May-Jun25,0.75,30,3,YES,0.0,0.7,94,457,0.4967,20.09,9183.0,0.2362,0.2605,3.61,1937.8,4.3,-1297.3,4642.6,10,0.6,0.209,0.443,0.0847,56
May-Jun25,0.75,30,3,YES,0.3,0.8,94,508,0.6319,8.76,4449.0,0.2362,0.3957,5.22,0.0,22.23,-209.6,1869.4,10,0.9,0.078,0.19,0.0341,56
May-Jun25,0.75,30,6,ALL,0.0,1.0,29,920,0.6674,0.94,864.0,0.3017,0.3657,0.65,1469.8,1.27,-1469.8,1361.1,10,0.5,0.133,0.323,0.081,27
May-Jun25,0.75,30,6,ALL,0.0,0.5,29,270,0.4,0.26,70.0,0.3017,0.0983,0.07,1807.0,1.03,-1395.4,1372.0,10,0.6,0.203,0.37,0.1096,20
May-Jun25,0.75,30,6,ALL,0.0,0.7,29,458,0.4585,-3.69,-1690.0,0.3017,0.1568,-1.41,2543.0,0.62,-1478.8,1212.4,10,0.4,0.091,0.251,0.0792,26
May-Jun25,0.75,30,6,ALL,0.3,0.8,29,529,0.5784,2.66,1407.0,0.3017,0.2767,1.26,1251.3,1.57,-1251.3,1278.8,10,0.5,0.167,0.354,0.0872,26
May-Jun25,0.75,30,6,NO,0.0,1.0,29,480,0.6896,-1.54,-738.0,0.4384,0.2512,-0.72,1741.0,0.77,-1353.2,936.1,10,0.4,0.115,0.29,0.08,25
May-Jun25,0.75,30,6,NO,0.0,0.5,29,99,0.4141,-1.73,-172.0,0.4384,-0.0242,-0.29,853.0,0.9,-853.0,593.0,10,0.5,0.329,0.469,0.1567,14
May-Jun25,0.75,30,6,NO,0.0,0.7,29,205,0.478,-5.86,-1202.0,0.4384,0.0397,-1.68,1454.6,0.54,-847.6,583.6,10,0.4,0.097,0.245,0.0891,20
May-Jun25,0.75,30,6,NO,0.3,0.8,29,261,0.5939,0.37,96.0,0.4384,0.1555,0.14,741.5,1.06,-741.5,913.4,10,0.3,0.132,0.279,0.1006,22
May-Jun25,0.75,30,6,YES,0.0,1.0,29,440,0.6432,3.64,1602.0,0.2362,0.407,1.94,732.3,2.16,-586.2,1521.2,10,0.6,0.107,0.3,0.082,25
May-Jun25,0.75,30,6,YES,0.0,0.5,29,171,0.3918,1.41,242.0,0.2362,0.1556,0.31,1447.1,1.12,-637.0,1112.4,10,0.6,0.12,0.319,0.102,15
May-Jun25,0.75,30,6,YES,0.0,0.7,29,253,0.4427,-1.93,-488.0,0.2362,0.2065,-0.59,1552.4,0.82,-714.9,1210.5,10,0.5,0.094,0.262,0.088,23
May-Jun25,0.75,30,6,YES,0.3,0.8,29,268,0.5634,4.89,1311.0,0.2362,0.3272,1.88,509.8,2.1,-509.8,1213.6,10,0.6,0.191,0.357,0.1013,23
May-Jun25,0.75,30,9,ALL,0.0,1.0,8,377,0.557,1.92,723.0,0.3017,0.2553,0.78,809.4,1.31,-788.4,1002.5,10,0.6,0.469,0.682,0.2946,6
May-Jun25,0.75,30,9,ALL,0.0,0.5,8,186,0.4462,10.0,1859.0,0.3017,0.1445,2.12,881.2,2.56,-881.2,1347.6,10,0.6,0.65,0.911,0.4925,5
May-Jun25,0.75,30,9,ALL,0.0,0.7,8,293,0.4608,-0.13,-37.0,0.3017,0.159,-0.04,1120.6,0.99,-965.5,1253.1,10,0.6,0.405,0.524,0.304,6
May-Jun25,0.75,30,9,ALL,0.3,0.8,8,309,0.5016,-1.28,-394.0,0.3017,0.1999,-0.52,986.7,0.84,-670.4,709.8,10,0.4,0.204,0.347,0.3558,6
May-Jun25,0.75,30,9,NO,0.0,1.0,8,184,0.5652,-3.8,-698.0,0.4384,0.1269,-1.36,1277.7,0.63,-511.2,701.6,10,0.3,0.087,0.212,0.2746,6
May-Jun25,0.75,30,9,NO,0.0,0.5,8,68,0.4853,13.41,912.0,0.4384,0.0469,2.19,438.7,2.43,-438.7,855.1,8,0.75,0.902,1.0,0.8215,3
May-Jun25,0.75,30,9,NO,0.0,0.7,8,132,0.4621,-5.81,-766.0,0.4384,0.0238,-1.57,1162.2,0.58,-526.1,630.5,10,0.3,0.051,0.176,0.5189,5
May-Jun25,0.75,30,9,NO,0.3,0.8,8,150,0.5067,-6.18,-926.0,0.4384,0.0683,-1.89,1268.4,0.52,-458.2,660.1,10,0.3,0.099,0.235,0.4183,6
May-Jun25,0.75,30,9,YES,0.0,1.0,8,193,0.5492,7.36,1421.0,0.2362,0.313,1.99,515.7,2.18,-508.8,1307.9,10,0.7,0.462,0.912,0.3415,5
May-Jun25,0.75,30,9,YES,0.0,0.5,8,118,0.4237,8.03,948.0,0.2362,0.1875,1.75,442.5,1.99,-442.5,1056.8,9,0.556,0.507,1.0,0.4294,3
May-Jun25,0.75,30,9,YES,0.0,0.7,8,161,0.4596,4.53,730.0,0.2362,0.2234,0.95,739.3,1.45,-684.2,1307.9,10,0.6,0.578,0.839,0.3836,5
May-Jun25,0.75,30,9,YES,0.3,0.8,8,159,0.4969,3.35,532.0,0.2362,0.2607,0.92,543.5,1.47,-443.5,1037.5,10,0.4,0.53,0.876,0.3495,5
May-Jun25,0.75,50,3,ALL,0.0,1.0,49,1305,0.6927,4.21,5493.0,0.3017,0.391,2.44,2088.8,2.4,-2088.8,3196.2,10,0.6,0.202,0.342,0.076,41
May-Jun25,0.75,50,3,ALL,0.0,0.5,49,323,0.3684,2.77,895.0,0.3017,0.0667,0.52,2889.8,1.23,-1695.4,2643.4,10,0.4,0.183,0.383,0.0883,29
May-Jun25,0.75,50,3,ALL,0.0,0.7,49,616,0.4821,1.33,820.0,0.3017,0.1804,0.43,3379.9,1.16,-1830.6,2457.1,10,0.5,0.216,0.327,0.0823,38
May-Jun25,0.75,50,3,ALL,0.3,0.8,49,741,0.6194,4.44,3289.0,0.3017,0.3177,2.56,1147.3,2.52,-1147.3,1925.9,10,0.7,0.117,0.258,0.0558,40
May-Jun25,0.75,50,3,NO,0.0,1.0,49,663,0.7059,-1.27,-844.0,0.4384,0.2675,-0.59,2554.3,0.8,-1825.0,1391.9,10,0.5,0.071,0.198,0.0468,39
May-Jun25,0.75,50,3,NO,0.0,0.5,49,120,0.375,-10.28,-1233.0,0.4384,-0.0634,-1.8,1530.3,0.5,-1153.0,393.0,10,0.4,0.21,0.316,0.1073,19
May-Jun25,0.75,50,3,NO,0.0,0.7,49,267,0.4794,-7.93,-2116.0,0.4384,0.041,-2.31,2338.3,0.43,-1192.1,891.0,10,0.4,0.061,0.179,0.059,30
May-Jun25,0.75,50,3,NO,0.3,0.8,49,349,0.6189,1.16,404.0,0.4384,0.1806,0.47,911.2,1.22,-911.2,1159.1,10,0.4,0.095,0.217,0.0619,37
May-Jun25,0.75,50,3,YES,0.0,1.0,49,642,0.6791,9.87,6337.0,0.2362,0.4429,3.82,884.2,6.52,-828.2,3330.3,10,0.7,0.277,0.404,0.1087,38
May-Jun25,0.75,50,3,YES,0.0,0.5,49,203,0.3645,10.48,2128.0,0.2362,0.1283,1.41,1829.9,1.86,-937.0,2868.9,10,0.6,0.286,0.424,0.1241,21
May-Jun25,0.75,50,3,YES,0.0,0.7,49,349,0.4842,8.41,2937.0,0.2362,0.248,1.98,1635.6,2.21,-1062.3,2679.9,10,0.6,0.287,0.397,0.1164,34
May-Jun25,0.75,50,3,YES,0.3,0.8,49,392,0.6199,7.36,2884.0,0.2362,0.3837,3.87,254.0,5.27,-254.0,1317.1,10,0.7,0.132,0.293,0.0638,34
May-Jun25,0.75,50,6,ALL,0.0,1.0,27,914,0.6663,0.97,887.0,0.3017,0.3646,0.67,1469.8,1.27,-1469.8,1361.1,10,0.5,0.135,0.327,0.0829,25
May-Jun25,0.75,50,6,ALL,0.0,0.5,27,269,0.4015,0.63,170.0,0.3017,0.0998,0.16,1807.0,1.07,-1395.4,1372.0,10,0.6,0.205,0.375,0.1125,19
May-Jun25,0.75,50,6,ALL,0.0,0.7,27,457,0.4595,-3.48,-1590.0,0.3017,0.1578,-1.33,2543.0,0.64,-1478.8,1212.4,10,0.4,0.092,0.254,0.0811,25
May-Jun25,0.75,50,6,ALL,0.3,0.8,27,528,0.5795,2.86,1507.0,0.3017,0.2778,1.36,1251.3,1.63,-1251.3,1278.8,10,0.5,0.169,0.359,0.0897,25
May-Jun25,0.75,50,6,NO,0.0,1.0,27,478,0.6883,-1.6,-767.0,0.4384,0.2499,-0.75,1741.0,0.76,-1353.2,936.1,10,0.4,0.116,0.292,0.0811,23
May-Jun25,0.75,50,6,NO,0.0,0.5,27,99,0.4141,-1.73,-172.0,0.4384,-0.0242,-0.29,853.0,0.9,-853.0,593.0,10,0.5,0.329,0.469,0.1567,14
May-Jun25,0.75,50,6,NO,0.0,0.7,27,205,0.478,-5.86,-1202.0,0.4384,0.0397,-1.68,1454.6,0.54,-847.6,583.6,10,0.4,0.097,0.245,0.0891,20
May-Jun25,0.75,50,6,NO,0.3,0.8,27,261,0.5939,0.37,96.0,0.4384,0.1555,0.14,741.5,1.06,-741.5,913.4,10,0.3,0.132,0.279,0.1006,22
May-Jun25,0.75,50,6,YES,0.0,1.0,27,436,0.6422,3.79,1654.0,0.2362,0.406,2.02,781.0,2.25,-586.2,1521.2,10,0.6,0.109,0.304,0.0842,23
May-Jun25,0.75,50,6,YES,0.0,0.5,27,170,0.3941,2.01,342.0,0.2362,0.1579,0.45,1447.1,1.18,-637.0,1112.4,10,0.6,0.122,0.324,0.1052,14
May-Jun25,0.75,50,6,YES,0.0,0.7,27,252,0.4444,-1.54,-388.0,0.2362,0.2082,-0.48,1552.4,0.85,-714.9,1210.5,10,0.5,0.095,0.266,0.0905,22
May-Jun25,0.75,50,6,YES,0.3,0.8,27,267,0.5655,5.28,1411.0,0.2362,0.3293,2.05,509.8,2.29,-509.8,1213.6,10,0.6,0.196,0.366,0.1058,22
May-Jun25,0.75,50,9,ALL,0.0,1.0,8,377,0.557,1.92,723.0,0.3017,0.2553,0.78,809.4,1.31,-788.4,1002.5,10,0.6,0.469,0.682,0.2946,6
May-Jun25,0.75,50,9,ALL,0.0,0.5,8,186,0.4462,10.0,1859.0,0.3017,0.1445,2.12,881.2,2.56,-881.2,1347.6,10,0.6,0.65,0.911,0.4925,5
May-Jun25,0.75,50,9,ALL,0.0,0.7,8,293,0.4608,-0.13,-37.0,0.3017,0.159,-0.04,1120.6,0.99,-965.5,1253.1,10,0.6,0.405,0.524,0.304,6
May-Jun25,0.75,50,9,ALL,0.3,0.8,8,309,0.5016,-1.28,-394.0,0.3017,0.1999,-0.52,986.7,0.84,-670.4,709.8,10,0.4,0.204,0.347,0.3558,6
May-Jun25,0.75,50,9,NO,0.0,1.0,8,184,0.5652,-3.8,-698.0,0.4384,0.1269,-1.36,1277.7,0.63,-511.2,701.6,10,0.3,0.087,0.212,0.2746,6
May-Jun25,0.75,50,9,NO,0.0,0.5,8,68,0.4853,13.41,912.0,0.4384,0.0469,2.19,438.7,2.43,-438.7,855.1,8,0.75,0.902,1.0,0.8215,3
May-Jun25,0.75,50,9,NO,0.0,0.7,8,132,0.4621,-5.81,-766.0,0.4384,0.0238,-1.57,1162.2,0.58,-526.1,630.5,10,0.3,0.051,0.176,0.5189,5
May-Jun25,0.75,50,9,NO,0.3,0.8,8,150,0.5067,-6.18,-926.0,0.4384,0.0683,-1.89,1268.4,0.52,-458.2,660.1,10,0.3,0.099,0.235,0.4183,6
May-Jun25,0.75,50,9,YES,0.0,1.0,8,193,0.5492,7.36,1421.0,0.2362,0.313,1.99,515.7,2.18,-508.8,1307.9,10,0.7,0.462,0.912,0.3415,5
May-Jun25,0.75,50,9,YES,0.0,0.5,8,118,0.4237,8.03,948.0,0.2362,0.1875,1.75,442.5,1.99,-442.5,1056.8,9,0.556,0.507,1.0,0.4294,3
May-Jun25,0.75,50,9,YES,0.0,0.7,8,161,0.4596,4.53,730.0,0.2362,0.2234,0.95,739.3,1.45,-684.2,1307.9,10,0.6,0.578,0.839,0.3836,5
May-Jun25,0.75,50,9,YES,0.3,0.8,8,159,0.4969,3.35,532.0,0.2362,0.2607,0.92,543.5,1.47,-443.5,1037.5,10,0.4,0.53,0.876,0.3495,5
May-Jun25,0.8,10,3,ALL,0.0,1.0,144,890,0.7438,13.05,11617.0,0.3017,0.4421,4.47,685.2,10.09,-685.2,5109.3,10,0.6,0.159,0.363,0.0589,88
May-Jun25,0.8,10,3,ALL,0.0,0.5,144,132,0.2652,59.32,7830.0,0.3017,-0.0366,3.03,2527.2,3.94,-1200.0,4366.7,10,0.5,0.242,0.468,0.1003,47
May-Jun25,0.8,10,3,ALL,0.0,0.7,144,289,0.4671,28.17,8142.0,0.3017,0.1654,3.15,2328.1,4.2,-1099.1,4595.8,10,0.5,0.2,0.423,0.0789,72
May-Jun25,0.8,10,3,ALL,0.3,0.8,144,394,0.6447,-1.05,-415.0,0.3017,0.343,-0.5,1649.3,0.85,-1137.4,611.6,10,0.6,0.056,0.158,0.0272,76
May-Jun25,0.8,10,3,NO,0.0,1.0,144,443,0.7449,2.63,1165.0,0.4384,0.3066,1.34,1256.9,1.7,-866.9,1264.7,10,0.4,0.185,0.29,0.0562,74
May-Jun25,0.8,10,3,NO,0.0,0.5,144,47,0.234,23.5,1105.0,0.4384,-0.2043,1.33,1332.3,1.75,-666.7,1587.1,9,0.444,0.309,0.495,0.1414,23
May-Jun25,0.8,10,3,NO,0.0,0.7,144,108,0.4167,4.18,452.0,0.4384,-0.0217,0.7,1191.7,1.34,-874.7,1005.5,9,0.667,0.262,0.41,0.0984,41
May-Jun25,0.8,10,3,NO,0.3,0.8,144,176,0.642,-5.52,-971.0,0.4384,0.2037,-1.39,1502.2,0.56,-1157.0,723.0,10,0.6,0.045,0.114,0.0304,55
May-Jun25,0.8,10,3,YES,0.0,1.0,144,447,0.7427,23.38,10453.0,0.2362,0.5065,4.23,1109.7,9.42,-777.3,4845.8,10,0.6,0.227,0.499,0.1026,74
May-Jun25,0.8,10,3,YES,0.0,0.5,144,85,0.2824,79.12,6725.0,0.2362,0.0462,2.85,1600.0,4.03,-900.0,4532.4,10,0.5,0.326,0.646,0.1699,35
May-Jun25,0.8,10,3,YES,0.0,0.7,144,181,0.4972,42.49,7690.0,0.2362,0.261,3.24,1681.1,4.7,-982.0,4542.7,10,0.5,0.271,0.56,0.1285,56
May-Jun25,0.8,10,3,YES,0.3,0.8,144,218,0.6468,2.55,556.0,0.2362,0.4106,1.34,641.0,1.65,-353.0,528.6,10,0.5,0.076,0.209,0.0388,60
May-Jun25,0.8,10,6,ALL,0.0,1.0,10,171,0.7427,-4.74,-811.0,0.3017,0.441,-1.85,1032.3,0.53,-655.7,345.7,10,0.4,0.201,0.302,0.2593,10
May-Jun25,0.8,10,6,ALL,0.0,0.5,10,15,0.2,-27.86,-418.0,0.3017,-0.1017,-1.7,700.0,0.54,-400.0,382.1,8,0.25,0.327,0.439,0.2767,7
May-Jun25,0.8,10,6,ALL,0.0,0.7,10,38,0.3421,-29.44,-1119.0,0.3017,0.0404,-3.06,1139.5,0.32,-594.4,400.0,9,0.333,0.222,0.269,0.3113,9
May-Jun25,0.8,10,6,ALL,0.3,0.8,10,60,0.6,-15.08,-905.0,0.3017,0.2983,-2.13,973.6,0.45,-670.6,175.1,10,0.5,0.089,0.234,0.2772,9
May-Jun25,0.8,10,6,NO,0.0,1.0,10,77,0.7532,-9.6,-739.0,0.4384,0.3149,-2.48,652.5,0.35,-595.8,112.9,10,0.5,0.08,0.129,0.354,10
May-Jun25,0.8,10,6,NO,0.3,0.8,10,21,0.6667,-9.6,-202.0,0.4384,0.2283,-1.15,300.0,0.63,-300.0,156.1,8,0.625,0.169,0.371,0.1744,7
May-Jun25,0.8,10,6,YES,0.0,1.0,10,94,0.734,-0.76,-72.0,0.2362,0.4978,-0.19,670.6,0.93,-512.2,541.5,10,0.6,0.315,0.443,0.2261,10
May-Jun25,0.8,10,6,YES,0.0,0.5,10,13,0.2308,-16.76,-218.0,0.2362,-0.0054,-0.94,600.0,0.69,-400.0,382.1,7,0.286,0.368,0.494,0.2952,6
May-Jun25,0.8,10,6,YES,0.0,0.7,10,29,0.3448,-23.66,-686.0,0.2362,0.1086,-2.3,884.3,0.42,-539.2,400.0,8,0.25,0.259,0.334,0.2711,9
May-Jun25,0.8,10,6,YES,0.3,0.8,10,39,0.5641,-18.04,-703.0,0.2362,0.3279,-2.76,761.9,0.39,-370.6,140.6,9,0.444,0.101,0.176,0.371,9
May-Jun25,0.8,30,3,ALL,0.0,1.0,46,559,0.7818,16.74,9357.0,0.3017,0.4801,3.42,689.8,7.64,-689.8,5289.6,10,0.5,0.277,0.536,0.137,38
May-Jun25,0.8,30,3,ALL,0.0,0.5,46,69,0.2609,83.55,5765.0,0.3017,-0.0408,2.59,1300.0,4.33,-900.0,4337.0,10,0.4,0.451,0.703,0.2535,21
May-Jun25,0.8,30,3,ALL,0.0,0.7,46,152,0.4868,41.72,6342.0,0.3017,0.1851,2.57,1391.1,4.21,-865.2,4735.8,10,0.4,0.371,0.638,0.2035,31
May-Jun25,0.8,30,3,ALL,0.3,0.8,46,224,0.7009,5.19,1162.0,0.3017,0.3992,1.67,561.8,1.96,-391.4,1259.4,10,0.6,0.106,0.3,0.0656,33
May-Jun25,0.8,30,3,NO,0.0,1.0,46,251,0.7769,-2.5,-627.0,0.4384,0.3385,-0.98,1036.3,0.67,-1036.3,622.2,10,0.4,0.105,0.252,0.0685,34
May-Jun25,0.8,30,3,NO,0.0,0.5,46,21,0.0952,-65.93,-1385.0,0.4384,-0.3431,-7.33,1084.6,0.12,-400.0,182.1,7,0.143,0.116,0.206,0.2489,9
May-Jun25,0.8,30,3,NO,0.0,0.7,46,50,0.4,-28.43,-1422.0,0.4384,-0.0384,-4.83,1069.6,0.23,-381.6,282.0,9,0.222,0.12,0.17,0.106,19
May-Jun25,0.8,30,3,NO,0.3,0.8,46,88,0.7045,0.5,44.0,0.4384,0.2662,0.1,481.6,1.04,-481.6,407.1,10,0.6,0.099,0.232,0.0519,28
May-Jun25,0.8,30,3,YES,0.0,1.0,46,308,0.7857,32.42,9984.0,0.2362,0.5495,4.12,597.1,11.18,-597.1,4667.4,10,0.7,0.323,0.644,0.189,35
May-Jun25,0.8,30,3,YES,0.0,0.5,46,48,0.3333,148.95,7150.0,0.2362,0.0971,3.24,900.0,6.49,-600.0,4337.0,10,0.6,0.461,0.812,0.3062,16
May-Jun25,0.8,30,3,YES,0.0,0.7,46,102,0.5294,76.11,7764.0,0.2362,0.2932,3.36,965.0,6.29,-739.2,4453.8,10,0.6,0.391,0.719,0.2426,25
May-Jun25,0.8,30,3,YES,0.3,0.8,46,136,0.6985,8.22,1117.0,0.2362,0.4623,2.4,493.2,2.67,-243.3,852.2,10,0.5,0.134,0.365,0.0902,25
May-Jun25,0.8,30,6,ALL,0.0,1.0,10,171,0.7427,-4.74,-811.0,0.3017,0.441,-1.85,1032.3,0.53,-655.7,345.7,10,0.4,0.201,0.302,0.2593,10
May-Jun25,0.8,30,6,ALL,0.0,0.5,10,15,0.2,-27.86,-418.0,0.3017,-0.1017,-1.7,700.0,0.54,-400.0,382.1,8,0.25,0.327,0.439,0.2767,7
May-Jun25,0.8,30,6,ALL,0.0,0.7,10,38,0.3421,-29.44,-1119.0,0.3017,0.0404,-3.06,1139.5,0.32,-594.4,400.0,9,0.333,0.222,0.269,0.3113,9
May-Jun25,0.8,30,6,ALL,0.3,0.8,10,60,0.6,-15.08,-905.0,0.3017,0.2983,-2.13,973.6,0.45,-670.6,175.1,10,0.5,0.089,0.234,0.2772,9
May-Jun25,0.8,30,6,NO,0.0,1.0,10,77,0.7532,-9.6,-739.0,0.4384,0.3149,-2.48,652.5,0.35,-595.8,112.9,10,0.5,0.08,0.129,0.354,10
May-Jun25,0.8,30,6,NO,0.3,0.8,10,21,0.6667,-9.6,-202.0,0.4384,0.2283,-1.15,300.0,0.63,-300.0,156.1,8,0.625,0.169,0.371,0.1744,7
May-Jun25,0.8,30,6,YES,0.0,1.0,10,94,0.734,-0.76,-72.0,0.2362,0.4978,-0.19,670.6,0.93,-512.2,541.5,10,0.6,0.315,0.443,0.2261,10
May-Jun25,0.8,30,6,YES,0.0,0.5,10,13,0.2308,-16.76,-218.0,0.2362,-0.0054,-0.94,600.0,0.69,-400.0,382.1,7,0.286,0.368,0.494,0.2952,6
May-Jun25,0.8,30,6,YES,0.0,0.7,10,29,0.3448,-23.66,-686.0,0.2362,0.1086,-2.3,884.3,0.42,-539.2,400.0,8,0.25,0.259,0.334,0.2711,9
May-Jun25,0.8,30,6,YES,0.3,0.8,10,39,0.5641,-18.04,-703.0,0.2362,0.3279,-2.76,761.9,0.39,-370.6,140.6,9,0.444,0.101,0.176,0.371,9
May-Jun25,0.8,50,3,ALL,0.0,1.0,19,378,0.7619,8.91,3369.0,0.3017,0.4602,2.23,485.1,3.24,-473.2,3137.6,10,0.5,0.428,0.614,0.2348,16
May-Jun25,0.8,50,3,ALL,0.0,0.5,19,51,0.1961,20.95,1068.0,0.3017,-0.1056,0.9,1331.6,1.58,-800.0,2500.0,9,0.222,0.464,0.629,0.2729,11
May-Jun25,0.8,50,3,ALL,0.0,0.7,19,111,0.4595,14.18,1574.0,0.3017,0.1578,1.19,1216.2,1.85,-871.4,2644.7,10,0.3,0.457,0.599,0.2673,15
May-Jun25,0.8,50,3,ALL,0.3,0.8,19,157,0.6815,0.33,51.0,0.3017,0.3798,0.09,893.4,1.04,-556.3,983.4,10,0.4,0.185,0.327,0.139,15
May-Jun25,0.8,50,3,NO,0.0,1.0,19,166,0.7651,-6.13,-1018.0,0.4384,0.3267,-2.45,1173.0,0.42,-541.7,430.5,10,0.3,0.114,0.2,0.1443,16
May-Jun25,0.8,50,3,NO,0.0,0.5,19,14,0.0,-100.0,-1400.0,0.4384,-0.4384,-20.61,1200.0,0.0,-300.0,-100.0,6,0.0,0.071,0.357,0.4694,4
May-Jun25,0.8,50,3,NO,0.0,0.7,19,32,0.375,-39.21,-1255.0,0.4384,-0.0634,-6.09,1143.0,0.15,-300.0,224.9,9,0.111,0.042,0.097,0.2236,9
May-Jun25,0.8,50,3,NO,0.3,0.8,19,54,0.7037,-1.19,-64.0,0.4384,0.2653,-0.25,281.6,0.91,-281.6,327.2,10,0.5,0.122,0.3,0.0951,14
May-Jun25,0.8,50,3,YES,0.0,1.0,19,212,0.7594,20.69,4387.0,0.2362,0.5232,2.83,729.9,5.44,-729.9,3237.6,10,0.6,0.548,0.733,0.3313,15
May-Jun25,0.8,50,3,YES,0.0,0.5,19,37,0.2703,66.71,2468.0,0.2362,0.0341,1.96,1029.6,3.18,-600.0,2800.0,9,0.333,0.622,0.773,0.4234,9
May-Jun25,0.8,50,3,YES,0.0,0.7,19,79,0.4937,35.81,2829.0,0.2362,0.2575,2.0,1027.2,3.3,-739.2,2944.7,10,0.4,0.562,0.697,0.3533,14
May-Jun25,0.8,50,3,YES,0.3,0.8,19,103,0.6699,1.12,115.0,0.2362,0.4337,0.25,918.0,1.1,-327.8,776.6,10,0.4,0.249,0.381,0.1973,14
May-Jun25,0.8,50,6,ALL,0.0,1.0,8,165,0.7394,-4.78,-788.0,0.3017,0.4377,-1.83,1097.3,0.52,-655.7,345.7,10,0.4,0.21,0.315,0.2808,8
May-Jun25,0.8,50,6,ALL,0.0,0.5,8,14,0.2143,-22.71,-318.0,0.3017,-0.0874,-1.37,600.0,0.6,-400.0,382.1,7,0.286,0.346,0.465,0.3071,6
May-Jun25,0.8,50,6,ALL,0.0,0.7,8,37,0.3514,-27.53,-1019.0,0.3017,0.0496,-2.88,1139.5,0.34,-594.4,400.0,9,0.333,0.231,0.281,0.3369,8
May-Jun25,0.8,50,6,ALL,0.3,0.8,8,59,0.6102,-13.64,-805.0,0.3017,0.3085,-1.98,973.6,0.48,-670.6,175.1,10,0.5,0.094,0.246,0.3045,8
May-Jun25,0.8,50,6,NO,0.0,1.0,8,75,0.7467,-10.23,-768.0,0.4384,0.3083,-2.59,668.8,0.33,-595.8,112.9,10,0.5,0.083,0.132,0.3733,8
May-Jun25,0.8,50,6,NO,0.3,0.8,8,21,0.6667,-9.6,-202.0,0.4384,0.2283,-1.15,300.0,0.63,-300.0,156.1,8,0.625,0.169,0.371,0.1744,7
May-Jun25,0.8,50,6,YES,0.0,1.0,8,90,0.7333,-0.23,-21.0,0.2362,0.4971,-0.05,719.4,0.98,-512.2,541.5,10,0.6,0.333,0.468,0.2504,8
May-Jun25,0.8,50,6,YES,0.0,0.5,8,12,0.25,-9.82,-118.0,0.2362,0.0138,-0.55,600.0,0.8,-400.0,382.1,6,0.333,0.393,0.528,0.3318,5
May-Jun25,0.8,50,6,YES,0.0,0.7,8,28,0.3571,-20.94,-586.0,0.2362,0.1209,-2.0,884.3,0.46,-539.2,400.0,8,0.25,0.272,0.351,0.2968,8
May-Jun25,0.8,50,6,YES,0.3,0.8,8,38,0.5789,-15.88,-603.0,0.2362,0.3428,-2.48,761.9,0.43,-370.6,140.6,9,0.444,0.109,0.19,0.4291,8
May-Jun25,0.85,10,3,ALL,0.0,1.0,58,433,0.7667,10.81,4681.0,0.3017,0.465,3.72,487.1,6.61,-347.4,2767.0,10,0.7,0.21,0.412,0.0843,41
May-Jun25,0.85,10,3,ALL,0.0,0.5,58,57,0.2807,38.36,2187.0,0.3017,-0.021,1.33,1556.1,2.0,-529.6,3429.6,10,0.4,0.304,0.556,0.1537,24
May-Jun25,0.85,10,3,ALL,0.0,0.7,58,135,0.4889,17.92,2420.0,0.3017,0.1872,1.6,1600.7,2.28,-617.9,3132.2,10,0.5,0.262,0.482,0.1158,33
May-Jun25,0.85,10,3,ALL,0.3,0.8,58,189,0.6772,4.19,793.0,0.3017,0.3755,1.81,883.1,1.88,-376.5,600.3,10,0.6,0.115,0.297,0.0522,36
May-Jun25,0.85,10,3,NO,0.0,1.0,58,198,0.7778,12.02,2379.0,0.4384,0.3394,4.32,400.4,4.85,-400.4,1006.9,10,0.8,0.363,0.497,0.1588,39
May-Jun25,0.85,10,3,NO,0.0,0.5,58,19,0.3158,106.07,2015.0,0.4384,-0.1226,3.01,566.7,4.56,-200.0,1601.4,8,0.5,0.552,0.737,0.3383,11
May-Jun25,0.85,10,3,NO,0.0,0.7,58,43,0.4419,38.84,1670.0,0.4384,0.0035,2.63,743.9,2.98,-300.0,1301.4,9,0.444,0.518,0.671,0.2939,18
May-Jun25,0.85,10,3,NO,0.3,0.8,58,73,0.6712,-0.98,-72.0,0.4384,0.2329,-0.19,646.6,0.93,-600.0,385.7,10,0.6,0.108,0.253,0.0599,27
May-Jun25,0.85,10,3,YES,0.0,1.0,58,235,0.7574,9.79,2302.0,0.2362,0.5213,2.83,346.2,5.81,-246.5,1760.1,10,0.6,0.224,0.373,0.0823,37
May-Jun25,0.85,10,3,YES,0.0,0.5,58,38,0.2632,4.51,171.0,0.2362,0.027,0.19,1457.0,1.09,-479.7,1828.2,10,0.3,0.405,0.472,0.2073,19
May-Jun25,0.85,10,3,YES,0.0,0.7,58,92,0.5109,8.15,750.0,0.2362,0.2747,0.83,997.8,1.53,-474.5,1830.8,10,0.4,0.295,0.38,0.1191,28
May-Jun25,0.85,10,3,YES,0.3,0.8,58,116,0.681,7.45,864.0,0.2362,0.4448,2.46,574.8,2.41,-395.2,484.4,10,0.7,0.14,0.32,0.0606,30
May-Jun25,0.85,10,6,ALL,0.0,1.0,6,68,0.7794,-3.34,-227.0,0.3017,0.4777,-1.18,305.0,0.65,-305.0,100.7,10,0.6,0.187,0.376,0.2201,6
May-Jun25,0.85,10,6,ALL,0.0,0.7,6,16,0.4375,-25.91,-415.0,0.3017,0.1358,-2.86,239.2,0.35,-301.9,100.0,8,0.375,0.163,0.386,0.2459,5
May-Jun25,0.85,10,6,ALL,0.3,0.8,6,21,0.5714,-11.4,-239.0,0.3017,0.2697,-1.37,200.0,0.6,-266.7,100.0,10,0.6,0.2,0.47,0.2217,5
May-Jun25,0.85,10,6,NO,0.0,1.0,6,31,0.8065,-4.7,-146.0,0.4384,0.3681,-1.35,293.5,0.6,-169.1,63.9,9,0.667,0.112,0.222,0.3045,6
May-Jun25,0.85,10,6,YES,0.0,1.0,6,37,0.7568,-2.21,-82.0,0.2362,0.5206,-0.49,217.2,0.85,-223.9,100.0,10,0.6,0.202,0.442,0.2184,6
May-Jun25,0.85,10,6,YES,0.0,0.7,6,13,0.4615,-21.42,-278.0,0.2362,0.2253,-2.53,200.0,0.45,-201.9,100.0,7,0.429,0.209,0.496,0.2234,5
May-Jun25,0.85,10,6,YES,0.3,0.8,6,15,0.6,-4.7,-71.0,0.2362,0.3638,-0.58,100.0,0.82,-201.9,100.0,8,0.625,0.316,0.509,0.2387,5
May-Jun25,0.85,30,3,ALL,0.0,1.0,22,265,0.8264,8.59,2276.0,0.3017,0.5247,5.92,197.1,7.79,-197.1,608.5,10,0.7,0.184,0.461,0.1037,19
May-Jun25,0.85,30,3,ALL,0.0,0.5,22,24,0.3333,-3.9,-94.0,0.3017,0.0316,-0.47,529.6,0.86,-300.0,165.9,9,0.444,0.249,0.411,0.1172,12
May-Jun25,0.85,30,3,ALL,0.0,0.7,22,63,0.5556,4.98,314.0,0.3017,0.2539,1.04,433.8,1.41,-344.7,310.4,10,0.5,0.215,0.404,0.1018,16
May-Jun25,0.85,30,3,ALL,0.3,0.8,22,107,0.7664,15.53,1661.0,0.3017,0.4647,4.09,377.3,4.61,-277.3,651.4,10,0.7,0.198,0.473,0.1069,17
May-Jun25,0.85,30,3,NO,0.0,1.0,22,117,0.8462,7.89,923.0,0.4384,0.4078,2.78,449.7,2.71,-449.7,341.9,10,0.8,0.239,0.571,0.1282,19
May-Jun25,0.85,30,3,NO,0.0,0.7,22,18,0.5,0.74,13.0,0.4384,0.0616,0.06,420.4,1.02,-200.0,282.1,9,0.444,0.358,0.508,0.1908,9
May-Jun25,0.85,30,3,NO,0.3,0.8,22,40,0.8,14.61,585.0,0.4384,0.3616,3.08,200.0,2.74,-200.0,226.9,10,0.8,0.209,0.49,0.111,14
May-Jun25,0.85,30,3,YES,0.0,1.0,22,148,0.8108,9.15,1354.0,0.2362,0.5746,4.18,343.2,4.82,-343.2,524.5,10,0.8,0.192,0.471,0.0997,19
May-Jun25,0.85,30,3,YES,0.0,0.5,22,17,0.3529,-6.42,-109.0,0.2362,0.1167,-0.49,370.7,0.85,-300.0,261.5,8,0.5,0.16,0.434,0.1256,9
May-Jun25,0.85,30,3,YES,0.0,0.7,22,45,0.5778,6.68,300.0,0.2362,0.3416,0.96,400.0,1.39,-400.0,368.1,10,0.6,0.142,0.391,0.0927,13
May-Jun25,0.85,30,3,YES,0.3,0.8,22,67,0.7463,16.07,1077.0,0.2362,0.5101,3.14,391.8,2.87,-250.4,424.5,10,0.6,0.25,0.509,0.1301,13
May-Jun25,0.85,30,6,ALL,0.0,1.0,6,68,0.7794,-3.34,-227.0,0.3017,0.4777,-1.18,305.0,0.65,-305.0,100.7,10,0.6,0.187,0.376,0.2201,6
May-Jun25,0.85,30,6,ALL,0.0,0.7,6,16,0.4375,-25.91,-415.0,0.3017,0.1358,-2.86,239.2,0.35,-301.9,100.0,8,0.375,0.163,0.386,0.2459,5
May-Jun25,0.85,30,6,ALL,0.3,0.8,6,21,0.5714,-11.4,-239.0,0.3017,0.2697,-1.37,200.0,0.6,-266.7,100.0,10,0.6,0.2,0.47,0.2217,5
May-Jun25,0.85,30,6,NO,0.0,1.0,6,31,0.8065,-4.7,-146.0,0.4384,0.3681,-1.35,293.5,0.6,-169.1,63.9,9,0.667,0.112,0.222,0.3045,6
May-Jun25,0.85,30,6,YES,0.0,1.0,6,37,0.7568,-2.21,-82.0,0.2362,0.5206,-0.49,217.2,0.85,-223.9,100.0,10,0.6,0.202,0.442,0.2184,6
May-Jun25,0.85,30,6,YES,0.0,0.7,6,13,0.4615,-21.42,-278.0,0.2362,0.2253,-2.53,200.0,0.45,-201.9,100.0,7,0.429,0.209,0.496,0.2234,5
May-Jun25,0.85,30,6,YES,0.3,0.8,6,15,0.6,-4.7,-71.0,0.2362,0.3638,-0.58,100.0,0.82,-201.9,100.0,8,0.625,0.316,0.509,0.2387,5
May-Jun25,0.85,50,3,ALL,0.0,1.0,8,135,0.8222,5.71,771.0,0.3017,0.5205,3.76,182.0,3.48,-182.0,249.1,10,0.6,0.427,0.631,0.2439,7
May-Jun25,0.85,50,3,ALL,0.0,0.7,8,32,0.5625,-0.77,-25.0,0.3017,0.2608,-0.19,218.8,0.94,-111.3,137.9,10,0.5,0.292,0.488,0.1866,7
May-Jun25,0.85,50,3,ALL,0.3,0.8,8,55,0.7091,4.06,223.0,0.3017,0.4074,1.1,365.2,1.44,-197.9,275.4,10,0.5,0.232,0.53,0.1623,7
May-Jun25,0.85,50,3,NO,0.0,1.0,8,52,0.8654,3.93,204.0,0.4384,0.427,1.38,152.9,1.61,-142.5,165.8,10,0.6,0.435,0.619,0.2624,7
May-Jun25,0.85,50,3,NO,0.3,0.8,8,14,0.7857,6.43,90.0,0.4384,0.3474,1.08,106.8,1.45,-100.0,93.2,9,0.778,0.349,0.539,0.2278,6
May-Jun25,0.85,50,3,YES,0.0,1.0,8,83,0.7952,6.82,566.0,0.2362,0.559,3.07,139.0,3.08,-139.0,324.1,10,0.7,0.393,0.599,0.2222,7
May-Jun25,0.85,50,3,YES,0.0,0.7,8,28,0.5714,1.79,50.0,0.2362,0.3352,0.41,241.0,1.14,-129.6,137.9,9,0.556,0.288,0.531,0.1756,7
May-Jun25,0.85,50,3,YES,0.3,0.8,8,41,0.6829,3.25,133.0,0.2362,0.4467,0.63,363.2,1.25,-291.1,248.9,10,0.7,0.222,0.535,0.1715,7
May-Jun25,0.85,50,6,ALL,0.0,1.0,4,62,0.7742,-3.3,-205.0,0.3017,0.4725,-1.18,307.5,0.64,-305.0,100.0,10,0.6,0.215,0.61,0.2796,4
May-Jun25,0.85,50,6,ALL,0.0,0.7,4,15,0.4667,-20.97,-315.0,0.3017,0.165,-2.69,239.2,0.42,-201.9,100.0,8,0.375,0.194,0.608,0.313,4
May-Jun25,0.85,50,6,ALL,0.3,0.8,4,20,0.6,-6.97,-139.0,0.3017,0.2983,-0.94,200.0,0.72,-200.0,100.0,10,0.6,0.236,0.634,0.2765,4
May-Jun25,0.85,50,6,NO,0.0,1.0,4,29,0.7931,-6.01,-174.0,0.4384,0.3547,-1.61,309.8,0.54,-169.1,63.9,9,0.667,0.126,0.494,0.3762,4
May-Jun25,0.85,50,6,YES,0.0,1.0,4,33,0.7576,-0.92,-30.0,0.2362,0.5214,-0.22,217.2,0.93,-164.8,100.0,10,0.6,0.242,0.597,0.2899,4
May-Jun25,0.85,50,6,YES,0.0,0.7,4,12,0.5,-14.87,-178.0,0.2362,0.2638,-1.95,200.0,0.56,-101.9,100.0,7,0.429,0.264,0.632,0.2873,4
May-Jun25,0.85,50,6,YES,0.3,0.8,4,14,0.6429,2.11,29.0,0.2362,0.4067,0.3,100.0,1.1,-101.9,100.0,8,0.625,0.417,0.673,0.3135,4
Jul-Aug25,0.55,10,3,ALL,0.0,1.0,1790,21572,0.6053,14.1,304245.0,0.3496,0.2557,7.54,6008.2,51.64,-6008.2,98056.3,9,0.889,0.182,0.386,0.061,973
Jul-Aug25,0.55,10,3,ALL,0.0,0.5,1790,7668,0.3106,29.57,226720.0,0.3496,-0.0389,5.84,15327.9,15.26,-15327.9,92939.6,9,0.778,0.204,0.43,0.0758,675
Jul-Aug25,0.55,10,3,ALL,0.0,0.7,1790,13517,0.4463,18.24,246577.0,0.3496,0.0967,6.31,10761.5,19.55,-10761.5,95994.6,9,0.778,0.191,0.399,0.0655,836
Jul-Aug25,0.55,10,3,ALL,0.3,0.8,1790,13767,0.5926,2.23,30664.0,0.3496,0.2431,2.52,11288.1,2.66,-10528.7,20240.7,9,0.556,0.034,0.06,0.0052,848
Jul-Aug25,0.55,10,3,NO,0.0,1.0,1790,12473,0.6545,25.49,317980.0,0.437,0.2175,7.27,5611.7,50.44,-5611.7,91617.0,9,0.778,0.171,0.441,0.0768,817
Jul-Aug25,0.55,10,3,NO,0.0,0.5,1790,3531,0.3331,72.92,257464.0,0.437,-0.104,7.12,6979.9,33.98,-6979.9,81005.3,9,0.778,0.195,0.5,0.0989,423
Jul-Aug25,0.55,10,3,NO,0.0,0.7,1790,7095,0.4844,38.84,275585.0,0.437,0.0474,7.08,7479.8,26.16,-7479.8,80393.6,9,0.778,0.182,0.462,0.0843,631
Jul-Aug25,0.55,10,3,NO,0.3,0.8,1790,7858,0.6217,4.51,35434.0,0.437,0.1846,2.04,17155.8,2.51,-8746.6,35100.7,9,0.333,0.028,0.055,0.0055,676
Jul-Aug25,0.55,10,3,YES,0.0,1.0,1790,9099,0.5378,-1.51,-13735.0,0.2879,0.2498,-0.76,9110.0,0.71,-34710.7,16691.2,9,0.556,0.141,0.181,0.0235,785
Jul-Aug25,0.55,10,3,YES,0.0,0.5,1790,4137,0.2915,-7.43,-30744.0,0.2879,0.0036,-1.93,13903.5,0.45,-31045.5,11934.3,9,0.556,0.173,0.219,0.0344,570
Jul-Aug25,0.55,10,3,YES,0.0,0.7,1790,6422,0.4041,-4.52,-29008.0,0.2879,0.1162,-1.62,12475.1,0.48,-35300.6,15601.0,9,0.556,0.153,0.192,0.0272,682
Jul-Aug25,0.55,10,3,YES,0.3,0.8,1790,5909,0.5541,-0.81,-4769.0,0.2879,0.2662,-0.56,8332.8,0.8,-14860.1,6421.1,9,0.667,0.026,0.055,0.0046,670
Jul-Aug25,0.55,10,6,ALL,0.0,1.0,302,10047,0.6096,17.97,180542.0,0.3496,0.2601,8.03,3349.1,54.91,-3349.1,54554.3,9,0.889,0.408,0.586,0.1915,245
Jul-Aug25,0.55,10,6,ALL,0.0,0.5,302,3944,0.3494,35.74,140974.0,0.3496,-0.0002,7.59,4506.4,32.28,-4506.4,35187.1,9,0.889,0.435,0.628,0.2196,199
Jul-Aug25,0.55,10,6,ALL,0.0,0.7,302,6435,0.4589,23.7,152516.0,0.3496,0.1093,7.53,5679.0,27.86,-5679.0,42094.2,9,0.889,0.421,0.6,0.2035,230
Jul-Aug25,0.55,10,6,ALL,0.3,0.8,302,6577,0.5878,4.39,28882.0,0.3496,0.2382,5.03,3321.4,7.12,-3321.4,12239.8,9,0.778,0.083,0.136,0.0169,234
Jul-Aug25,0.55,10,6,NO,0.0,1.0,302,5600,0.6496,27.47,153822.0,0.437,0.2126,6.16,3903.0,40.41,-3903.0,64188.8,9,0.889,0.393,0.621,0.1991,231
Jul-Aug25,0.55,10,6,NO,0.0,0.5,302,1856,0.3599,66.74,123869.0,0.437,-0.0771,6.61,3987.1,32.07,-3987.1,44514.9,9,0.889,0.43,0.681,0.2409,149
Jul-Aug25,0.55,10,6,NO,0.0,0.7,302,3303,0.4841,40.36,133317.0,0.437,0.0471,6.18,4934.3,28.02,-4934.3,52443.7,9,0.889,0.412,0.648,0.2181,198
Jul-Aug25,0.55,10,6,NO,0.3,0.8,302,3611,0.6117,5.9,21323.0,0.437,0.1747,2.73,6624.2,3.68,-3760.5,16621.4,9,0.556,0.063,0.123,0.0171,213
Jul-Aug25,0.55,10,6,YES,0.0,1.0,302,4447,0.5593,6.01,26720.0,0.2879,0.2714,2.79,1627.2,3.17,-9634.5,15128.8,9,0.556,0.326,0.38,0.1123,211
Jul-Aug25,0.55,10,6,YES,0.0,0.5,302,2088,0.34,8.19,17105.0,0.2879,0.0521,1.96,3038.2,2.31,-9327.8,13610.0,9,0.556,0.369,0.428,0.1438,162
Jul-Aug25,0.55,10,6,YES,0.0,0.7,302,3132,0.4323,6.13,19199.0,0.2879,0.1444,2.02,3521.6,2.29,-10349.5,14934.1,9,0.444,0.35,0.403,0.1287,187
Jul-Aug25,0.55,10,6,YES,0.3,0.8,302,2966,0.5587,2.55,7559.0,0.2879,0.2708,1.93,2048.5,2.09,-4381.6,6536.8,9,0.556,0.069,0.142,0.0167,193
Jul-Aug25,0.55,10,9,ALL,0.0,1.0,85,4834,0.5782,27.46,132735.0,0.3496,0.2286,8.49,0.0,inf,664.1,36048.8,9,1.0,0.684,0.76,0.474,77
Jul-Aug25,0.55,10,9,ALL,0.0,0.5,85,2454,0.3753,45.25,111055.0,0.3496,0.0257,6.29,838.9,19.45,-5181.1,35512.6,9,0.778,0.698,0.766,0.4948,69
Jul-Aug25,0.55,10,9,ALL,0.0,0.7,85,3502,0.4543,33.69,117995.0,0.3496,0.1047,7.11,1165.7,68.63,-1165.7,34817.9,9,0.778,0.691,0.758,0.4837,75
Jul-Aug25,0.55,10,9,ALL,0.3,0.8,85,3400,0.5671,5.82,19785.0,0.3496,0.2175,5.14,1357.7,15.57,-1357.7,8776.8,9,0.889,0.22,0.312,0.0674,77
Jul-Aug25,0.55,10,9,NO,0.0,1.0,85,2739,0.6123,35.43,97051.0,0.437,0.1752,8.57,1141.5,45.82,-1141.5,24152.1,9,0.778,0.676,0.757,0.4639,76
Jul-Aug25,0.55,10,9,NO,0.0,0.5,85,1190,0.3613,67.13,79882.0,0.437,-0.0757,6.44,2162.4,27.74,-2162.4,24576.9,9,0.778,0.707,0.784,0.5088,52
Jul-Aug25,0.55,10,9,NO,0.0,0.7,85,1843,0.4655,46.67,86018.0,0.437,0.0285,7.2,2376.7,24.13,-2376.7,23559.8,9,0.778,0.695,0.771,0.4909,63
Jul-Aug25,0.55,10,9,NO,0.3,0.8,85,1876,0.5853,5.22,9786.0,0.437,0.1483,2.1,4908.6,2.69,-3319.1,9629.9,9,0.556,0.154,0.277,0.0601,71
Jul-Aug25,0.55,10,9,YES,0.0,1.0,85,2095,0.5337,17.03,35684.0,0.2879,0.2457,4.16,2220.8,5.59,-5549.3,15429.0,9,0.667,0.576,0.661,0.3407,67
Jul-Aug25,0.55,10,9,YES,0.0,0.5,85,1264,0.3884,24.66,31173.0,0.2879,0.1005,3.71,1304.7,5.38,-5810.0,14903.2,9,0.667,0.597,0.685,0.3656,56
Jul-Aug25,0.55,10,9,YES,0.0,0.7,85,1659,0.4418,19.28,31977.0,0.2879,0.1539,3.82,1783.2,5.16,-5906.8,15086.6,9,0.667,0.595,0.672,0.362,62
Jul-Aug25,0.55,10,9,YES,0.3,0.8,85,1524,0.5446,6.56,9998.0,0.2879,0.2567,4.62,1361.2,5.47,-853.0,3905.2,9,0.556,0.177,0.343,0.0614,65
Jul-Aug25,0.55,30,3,ALL,0.0,1.0,987,19846,0.6063,15.56,308891.0,0.3496,0.2567,7.75,2357.7,69.48,-2357.7,97431.8,9,0.778,0.199,0.422,0.0729,614
Jul-Aug25,0.55,30,3,ALL,0.0,0.5,987,7015,0.3098,33.56,235439.0,0.3496,-0.0398,6.08,11870.6,14.41,-11870.6,93142.6,9,0.778,0.219,0.462,0.0874,466
Jul-Aug25,0.55,30,3,ALL,0.0,0.7,987,12458,0.4478,20.52,255645.0,0.3496,0.0983,6.56,7481.9,18.79,-7481.9,95980.9,9,0.778,0.207,0.434,0.0774,551
Jul-Aug25,0.55,30,3,ALL,0.3,0.8,987,12655,0.593,2.43,30805.0,0.3496,0.2434,3.11,5984.8,3.58,-5949.7,18166.9,9,0.556,0.041,0.072,0.0073,561
Jul-Aug25,0.55,30,3,NO,0.0,1.0,987,11675,0.6505,26.39,308142.0,0.437,0.2135,7.24,6276.3,31.03,-6276.3,84263.9,9,0.778,0.185,0.475,0.0891,554
Jul-Aug25,0.55,30,3,NO,0.0,0.5,987,3372,0.3265,74.23,250302.0,0.437,-0.1105,6.83,6597.1,20.59,-6597.1,80663.5,9,0.778,0.205,0.526,0.1095,324
Jul-Aug25,0.55,30,3,NO,0.0,0.7,987,6723,0.4804,39.86,267947.0,0.437,0.0434,6.88,9106.7,18.31,-9106.7,80345.7,9,0.778,0.194,0.493,0.0963,449
Jul-Aug25,0.55,30,3,NO,0.3,0.8,987,7370,0.6182,4.28,31566.0,0.437,0.1812,2.15,14959.7,2.63,-8202.3,29175.9,9,0.333,0.033,0.065,0.0073,484
Jul-Aug25,0.55,30,3,YES,0.0,1.0,987,8171,0.543,0.09,749.0,0.2879,0.2551,0.05,9807.7,1.02,-28232.9,16346.6,9,0.556,0.168,0.216,0.0331,520
Jul-Aug25,0.55,30,3,YES,0.0,0.5,987,3643,0.2943,-4.08,-14863.0,0.2879,0.0064,-1.01,11782.3,0.67,-25748.1,12479.1,9,0.444,0.206,0.261,0.0483,386
Jul-Aug25,0.55,30,3,YES,0.0,0.7,987,5735,0.4096,-2.14,-12301.0,0.2879,0.1217,-0.76,12942.3,0.73,-28713.4,15635.2,9,0.444,0.182,0.229,0.0383,465
Jul-Aug25,0.55,30,3,YES,0.3,0.8,987,5285,0.5578,-0.14,-760.0,0.2879,0.2699,-0.11,7306.2,0.96,-11009.0,6925.5,9,0.556,0.032,0.069,0.0067,458
Jul-Aug25,0.55,30,6,ALL,0.0,1.0,296,10037,0.6096,18.0,180616.0,0.3496,0.2601,8.06,3349.1,54.93,-3349.1,54505.0,9,0.889,0.409,0.587,0.1922,241
Jul-Aug25,0.55,30,6,ALL,0.0,0.5,296,3942,0.3493,35.76,140970.0,0.3496,-0.0002,7.6,4506.4,32.28,-4506.4,35187.1,9,0.889,0.435,0.628,0.2196,198
Jul-Aug25,0.55,30,6,ALL,0.0,0.7,296,6427,0.4588,23.75,152638.0,0.3496,0.1093,7.56,5679.0,27.88,-5679.0,42045.0,9,0.889,0.421,0.601,0.2042,227
Jul-Aug25,0.55,30,6,ALL,0.3,0.8,296,6568,0.5879,4.41,28971.0,0.3496,0.2383,5.07,3321.4,7.14,-3321.4,12190.6,9,0.778,0.084,0.136,0.0171,231
Jul-Aug25,0.55,30,6,NO,0.0,1.0,296,5594,0.6496,27.48,153745.0,0.437,0.2126,6.17,3903.0,40.39,-3903.0,64139.6,9,0.889,0.394,0.622,0.1996,228
Jul-Aug25,0.55,30,6,NO,0.0,0.5,296,1855,0.3596,66.72,123765.0,0.437,-0.0775,6.61,3987.1,32.04,-3987.1,44514.9,9,0.889,0.43,0.682,0.2411,148
Jul-Aug25,0.55,30,6,NO,0.0,0.7,296,3297,0.4838,40.41,133239.0,0.437,0.0468,6.19,4934.3,28.0,-4934.3,52394.4,9,0.889,0.412,0.648,0.2187,195
Jul-Aug25,0.55,30,6,NO,0.3,0.8,296,3605,0.6117,5.89,21245.0,0.437,0.1746,2.73,6728.3,3.7,-3864.6,16572.1,9,0.556,0.064,0.124,0.0173,210
Jul-Aug25,0.55,30,6,YES,0.0,1.0,296,4443,0.5593,6.05,26871.0,0.2879,0.2714,2.81,1627.2,3.18,-9634.5,15128.8,9,0.556,0.327,0.381,0.1129,208
Jul-Aug25,0.55,30,6,YES,0.0,0.5,296,2087,0.3402,8.24,17205.0,0.2879,0.0523,1.97,3038.2,2.32,-9327.8,13610.0,9,0.556,0.369,0.428,0.1442,161
Jul-Aug25,0.55,30,6,YES,0.0,0.7,296,3130,0.4326,6.2,19399.0,0.2879,0.1447,2.04,3521.6,2.3,-10349.5,14934.1,9,0.444,0.35,0.404,0.1293,186
Jul-Aug25,0.55,30,6,YES,0.3,0.8,296,2963,0.5589,2.61,7726.0,0.2879,0.271,1.97,2048.5,2.11,-4381.6,6503.5,9,0.556,0.07,0.143,0.0168,191
Jul-Aug25,0.55,30,9,ALL,0.0,1.0,85,4834,0.5782,27.46,132735.0,0.3496,0.2286,8.49,0.0,inf,664.1,36048.8,9,1.0,0.684,0.76,0.474,77
Jul-Aug25,0.55,30,9,ALL,0.0,0.5,85,2454,0.3753,45.25,111055.0,0.3496,0.0257,6.29,838.9,19.45,-5181.1,35512.6,9,0.778,0.698,0.766,0.4948,69
Jul-Aug25,0.55,30,9,ALL,0.0,0.7,85,3502,0.4543,33.69,117995.0,0.3496,0.1047,7.11,1165.7,68.63,-1165.7,34817.9,9,0.778,0.691,0.758,0.4837,75
Jul-Aug25,0.55,30,9,ALL,0.3,0.8,85,3400,0.5671,5.82,19785.0,0.3496,0.2175,5.14,1357.7,15.57,-1357.7,8776.8,9,0.889,0.22,0.312,0.0674,77
Jul-Aug25,0.55,30,9,NO,0.0,1.0,85,2739,0.6123,35.43,97051.0,0.437,0.1752,8.57,1141.5,45.82,-1141.5,24152.1,9,0.778,0.676,0.757,0.4639,76
Jul-Aug25,0.55,30,9,NO,0.0,0.5,85,1190,0.3613,67.13,79882.0,0.437,-0.0757,6.44,2162.4,27.74,-2162.4,24576.9,9,0.778,0.707,0.784,0.5088,52
Jul-Aug25,0.55,30,9,NO,0.0,0.7,85,1843,0.4655,46.67,86018.0,0.437,0.0285,7.2,2376.7,24.13,-2376.7,23559.8,9,0.778,0.695,0.771,0.4909,63
Jul-Aug25,0.55,30,9,NO,0.3,0.8,85,1876,0.5853,5.22,9786.0,0.437,0.1483,2.1,4908.6,2.69,-3319.1,9629.9,9,0.556,0.154,0.277,0.0601,71
Jul-Aug25,0.55,30,9,YES,0.0,1.0,85,2095,0.5337,17.03,35684.0,0.2879,0.2457,4.16,2220.8,5.59,-5549.3,15429.0,9,0.667,0.576,0.661,0.3407,67
Jul-Aug25,0.55,30,9,YES,0.0,0.5,85,1264,0.3884,24.66,31173.0,0.2879,0.1005,3.71,1304.7,5.38,-5810.0,14903.2,9,0.667,0.597,0.685,0.3656,56
Jul-Aug25,0.55,30,9,YES,0.0,0.7,85,1659,0.4418,19.28,31977.0,0.2879,0.1539,3.82,1783.2,5.16,-5906.8,15086.6,9,0.667,0.595,0.672,0.362,62
Jul-Aug25,0.55,30,9,YES,0.3,0.8,85,1524,0.5446,6.56,9998.0,0.2879,0.2567,4.62,1361.2,5.47,-853.0,3905.2,9,0.556,0.177,0.343,0.0614,65
Jul-Aug25,0.55,50,3,ALL,0.0,1.0,642,18304,0.6019,17.12,313284.0,0.3496,0.2524,7.83,3617.1,87.61,-3617.1,97630.2,9,0.889,0.211,0.448,0.082,450
Jul-Aug25,0.55,50,3,ALL,0.0,0.5,642,6633,0.3142,37.16,246494.0,0.3496,-0.0354,6.43,9172.7,17.19,-9172.7,92930.9,9,0.778,0.229,0.484,0.0959,359
Jul-Aug25,0.55,50,3,ALL,0.0,0.7,642,11713,0.4481,22.46,263038.0,0.3496,0.0986,6.75,8461.8,21.52,-8461.8,96002.3,9,0.778,0.218,0.457,0.0858,415
Jul-Aug25,0.55,50,3,ALL,0.3,0.8,642,11878,0.5912,2.49,29599.0,0.3496,0.2416,3.04,6815.2,3.23,-6457.2,17930.8,9,0.667,0.046,0.082,0.0092,418
Jul-Aug25,0.55,50,3,NO,0.0,1.0,642,10947,0.6461,28.02,306693.0,0.437,0.2091,7.37,5246.4,42.09,-5246.4,81872.6,9,0.778,0.193,0.495,0.0969,419
Jul-Aug25,0.55,50,3,NO,0.0,0.5,642,3247,0.3286,77.89,252911.0,0.437,-0.1084,6.96,5626.0,25.27,-5626.0,81063.5,9,0.778,0.211,0.541,0.1155,262
Jul-Aug25,0.55,50,3,NO,0.0,0.7,642,6417,0.479,41.83,268405.0,0.437,0.042,6.94,8166.5,21.58,-8166.5,81036.9,9,0.778,0.201,0.511,0.1031,352
Jul-Aug25,0.55,50,3,NO,0.3,0.8,642,7012,0.6165,4.27,29908.0,0.437,0.1795,2.2,13772.2,2.77,-8008.6,27461.2,9,0.333,0.037,0.072,0.0088,376
Jul-Aug25,0.55,50,3,YES,0.0,1.0,642,7357,0.5362,0.9,6591.0,0.2879,0.2483,0.45,8765.5,1.2,-23065.0,15757.7,9,0.556,0.191,0.244,0.0423,384
Jul-Aug25,0.55,50,3,YES,0.0,0.5,642,3386,0.3004,-1.9,-6417.0,0.2879,0.0125,-0.49,10509.7,0.83,-21729.5,11867.4,9,0.444,0.231,0.293,0.0605,299
Jul-Aug25,0.55,50,3,YES,0.0,0.7,642,5296,0.4107,-1.01,-5367.0,0.2879,0.1228,-0.37,11234.9,0.86,-24785.7,14965.4,9,0.444,0.204,0.257,0.0479,353
Jul-Aug25,0.55,50,3,YES,0.3,0.8,642,4866,0.5547,-0.06,-309.0,0.2879,0.2668,-0.05,6464.1,0.98,-9530.4,6678.9,9,0.444,0.037,0.08,0.0087,342
Jul-Aug25,0.55,50,6,ALL,0.0,1.0,269,9886,0.6088,18.27,180571.0,0.3496,0.2593,8.03,3345.0,54.98,-3345.0,54515.9,9,0.889,0.413,0.593,0.1967,221
Jul-Aug25,0.55,50,6,ALL,0.0,0.5,269,3908,0.3485,36.06,140929.0,0.3496,-0.001,7.55,4704.3,30.96,-4704.3,35287.1,9,0.889,0.438,0.633,0.223,188
Jul-Aug25,0.55,50,6,ALL,0.0,0.7,269,6342,0.4581,24.11,152887.0,0.3496,0.1085,7.5,5709.5,27.78,-5709.5,42292.3,9,0.889,0.425,0.607,0.2081,212
Jul-Aug25,0.55,50,6,ALL,0.3,0.8,269,6462,0.5873,4.4,28418.0,0.3496,0.2377,4.83,3385.2,6.76,-3385.2,12362.4,9,0.778,0.087,0.141,0.0182,212
Jul-Aug25,0.55,50,6,NO,0.0,1.0,269,5509,0.6489,27.89,153648.0,0.437,0.2119,6.19,3800.8,41.42,-3800.8,63929.2,9,0.889,0.397,0.627,0.2032,212
Jul-Aug25,0.55,50,6,NO,0.0,0.5,269,1842,0.3588,67.16,123700.0,0.437,-0.0782,6.58,4044.7,31.58,-4044.7,44614.9,9,0.889,0.432,0.684,0.2431,141
Jul-Aug25,0.55,50,6,NO,0.0,0.7,269,3257,0.483,40.89,133186.0,0.437,0.0459,6.17,4881.7,28.28,-4881.7,52564.4,9,0.889,0.415,0.653,0.2216,184
Jul-Aug25,0.55,50,6,NO,0.3,0.8,269,3549,0.6112,5.9,20941.0,0.437,0.1741,2.69,7025.9,3.56,-3926.3,16605.3,9,0.556,0.066,0.128,0.0182,195
Jul-Aug25,0.55,50,6,YES,0.0,1.0,269,4377,0.5584,6.15,26923.0,0.2879,0.2705,2.86,1686.9,3.28,-9413.2,15333.3,9,0.667,0.332,0.388,0.1167,192
Jul-Aug25,0.55,50,6,YES,0.0,0.5,269,2066,0.3393,8.34,17229.0,0.2879,0.0514,1.99,3304.0,2.35,-9327.8,13710.0,9,0.444,0.375,0.434,0.1483,153
Jul-Aug25,0.55,50,6,YES,0.0,0.7,269,3085,0.4318,6.39,19701.0,0.2879,0.1439,2.09,3630.2,2.38,-10272.0,15183.1,9,0.556,0.356,0.411,0.1337,175
Jul-Aug25,0.55,50,6,YES,0.3,0.8,269,2913,0.5582,2.57,7477.0,0.2879,0.2703,2.0,1924.1,2.1,-4243.0,5897.9,9,0.667,0.072,0.147,0.0176,178
Jul-Aug25,0.55,50,9,ALL,0.0,1.0,85,4834,0.5782,27.46,132735.0,0.3496,0.2286,8.49,0.0,inf,664.1,36048.8,9,1.0,0.684,0.76,0.474,77
Jul-Aug25,0.55,50,9,ALL,0.0,0.5,85,2454,0.3753,45.25,111055.0,0.3496,0.0257,6.29,838.9,19.45,-5181.1,35512.6,9,0.778,0.698,0.766,0.4948,69
Jul-Aug25,0.55,50,9,ALL,0.0,0.7,85,3502,0.4543,33.69,117995.0,0.3496,0.1047,7.11,1165.7,68.63,-1165.7,34817.9,9,0.778,0.691,0.758,0.4837,75
Jul-Aug25,0.55,50,9,ALL,0.3,0.8,85,3400,0.5671,5.82,19785.0,0.3496,0.2175,5.14,1357.7,15.57,-1357.7,8776.8,9,0.889,0.22,0.312,0.0674,77
Jul-Aug25,0.55,50,9,NO,0.0,1.0,85,2739,0.6123,35.43,97051.0,0.437,0.1752,8.57,1141.5,45.82,-1141.5,24152.1,9,0.778,0.676,0.757,0.4639,76
Jul-Aug25,0.55,50,9,NO,0.0,0.5,85,1190,0.3613,67.13,79882.0,0.437,-0.0757,6.44,2162.4,27.74,-2162.4,24576.9,9,0.778,0.707,0.784,0.5088,52
Jul-Aug25,0.55,50,9,NO,0.0,0.7,85,1843,0.4655,46.67,86018.0,0.437,0.0285,7.2,2376.7,24.13,-2376.7,23559.8,9,0.778,0.695,0.771,0.4909,63
Jul-Aug25,0.55,50,9,NO,0.3,0.8,85,1876,0.5853,5.22,9786.0,0.437,0.1483,2.1,4908.6,2.69,-3319.1,9629.9,9,0.556,0.154,0.277,0.0601,71
Jul-Aug25,0.55,50,9,YES,0.0,1.0,85,2095,0.5337,17.03,35684.0,0.2879,0.2457,4.16,2220.8,5.59,-5549.3,15429.0,9,0.667,0.576,0.661,0.3407,67
Jul-Aug25,0.55,50,9,YES,0.0,0.5,85,1264,0.3884,24.66,31173.0,0.2879,0.1005,3.71,1304.7,5.38,-5810.0,14903.2,9,0.667,0.597,0.685,0.3656,56
Jul-Aug25,0.55,50,9,YES,0.0,0.7,85,1659,0.4418,19.28,31977.0,0.2879,0.1539,3.82,1783.2,5.16,-5906.8,15086.6,9,0.667,0.595,0.672,0.362,62
Jul-Aug25,0.55,50,9,YES,0.3,0.8,85,1524,0.5446,6.56,9998.0,0.2879,0.2567,4.62,1361.2,5.47,-853.0,3905.2,9,0.556,0.177,0.343,0.0614,65
Jul-Aug25,0.6,10,3,ALL,0.0,1.0,1311,16463,0.6253,16.6,273285.0,0.3496,0.2757,6.42,11039.8,25.75,-11039.8,102596.6,9,0.889,0.231,0.49,0.0906,706
Jul-Aug25,0.6,10,3,ALL,0.0,0.5,1311,5429,0.3128,37.82,205309.0,0.3496,-0.0368,4.56,18871.5,6.61,-18871.5,96761.0,9,0.667,0.259,0.546,0.1126,463
Jul-Aug25,0.6,10,3,ALL,0.0,0.7,1311,9799,0.4531,22.69,222363.0,0.3496,0.1035,5.02,15476.8,10.1,-15476.8,100682.7,9,0.667,0.243,0.51,0.0985,591
Jul-Aug25,0.6,10,3,ALL,0.3,0.8,1311,10275,0.6003,2.51,25743.0,0.3496,0.2507,2.46,10143.9,2.48,-8399.3,16171.8,9,0.556,0.047,0.084,0.0073,611
Jul-Aug25,0.6,10,3,NO,0.0,1.0,1311,9646,0.6658,26.9,259437.0,0.437,0.2287,7.22,8554.1,29.45,-8554.1,83928.6,9,0.778,0.218,0.56,0.1108,593
Jul-Aug25,0.6,10,3,NO,0.0,0.5,1311,2578,0.3235,81.6,210375.0,0.437,-0.1135,5.69,10346.0,20.68,-10346.0,82757.4,9,0.778,0.25,0.64,0.1441,281
Jul-Aug25,0.6,10,3,NO,0.0,0.7,1311,5215,0.4798,42.69,222635.0,0.437,0.0427,6.14,10609.6,17.4,-10609.6,82844.9,9,0.778,0.231,0.587,0.1219,444
Jul-Aug25,0.6,10,3,NO,0.3,0.8,1311,5878,0.623,3.72,21857.0,0.437,0.186,1.81,15111.9,2.11,-7296.9,22649.4,9,0.444,0.039,0.074,0.0077,486
Jul-Aug25,0.6,10,3,YES,0.0,1.0,1311,6817,0.568,2.03,13849.0,0.2879,0.2801,1.03,5549.6,1.49,-17236.0,18668.0,9,0.556,0.191,0.244,0.0415,563
Jul-Aug25,0.6,10,3,YES,0.0,0.5,1311,2851,0.3031,-1.78,-5067.0,0.2879,0.0151,-0.39,10843.0,0.87,-17669.3,14003.6,9,0.444,0.23,0.292,0.0595,391
Jul-Aug25,0.6,10,3,YES,0.0,0.7,1311,4584,0.4228,-0.06,-272.0,0.2879,0.1349,-0.02,9567.9,0.99,-18672.3,17837.8,9,0.333,0.21,0.264,0.0497,477
Jul-Aug25,0.6,10,3,YES,0.3,0.8,1311,4397,0.5699,0.88,3886.0,0.2879,0.282,0.73,6480.4,1.3,-6480.4,5369.4,9,0.778,0.036,0.078,0.0067,482
Jul-Aug25,0.6,10,6,ALL,0.0,1.0,220,7869,0.6184,16.57,130413.0,0.3496,0.2688,7.71,3930.7,33.44,-3930.7,38721.3,9,0.778,0.544,0.605,0.3009,179
Jul-Aug25,0.6,10,6,ALL,0.0,0.5,220,3059,0.354,31.98,97827.0,0.3496,0.0045,5.15,4584.8,7.36,-6479.6,37355.9,9,0.667,0.594,0.652,0.3596,138
Jul-Aug25,0.6,10,6,ALL,0.0,0.7,220,4913,0.4592,21.69,106581.0,0.3496,0.1096,5.83,6185.6,12.81,-6185.6,37205.0,9,0.667,0.569,0.625,0.3291,165
Jul-Aug25,0.6,10,6,ALL,0.3,0.8,220,5130,0.583,3.59,18437.0,0.3496,0.2335,4.06,4500.5,4.84,-4500.5,8023.2,9,0.778,0.106,0.172,0.024,173
Jul-Aug25,0.6,10,6,NO,0.0,1.0,220,4248,0.6568,23.4,99417.0,0.437,0.2198,8.13,3426.4,17.38,-3426.4,24949.6,9,0.778,0.564,0.632,0.3239,169
Jul-Aug25,0.6,10,6,NO,0.0,0.5,220,1392,0.3578,54.41,75734.0,0.437,-0.0793,5.72,3570.1,10.56,-3570.1,25225.8,9,0.667,0.638,0.708,0.4154,99
Jul-Aug25,0.6,10,6,NO,0.0,0.7,220,2424,0.4794,34.06,82561.0,0.437,0.0424,6.4,4321.0,11.31,-4321.0,24432.5,9,0.778,0.599,0.664,0.3651,139
Jul-Aug25,0.6,10,6,NO,0.3,0.8,220,2706,0.605,4.48,12134.0,0.437,0.1679,2.23,6941.9,2.51,-3219.5,10648.1,9,0.556,0.082,0.155,0.0244,157
Jul-Aug25,0.6,10,6,YES,0.0,1.0,220,3621,0.5733,8.56,30996.0,0.2879,0.2854,3.59,1665.0,5.1,-4398.6,14607.0,9,0.556,0.387,0.451,0.1571,156
Jul-Aug25,0.6,10,6,YES,0.0,0.5,220,1667,0.3509,13.25,22093.0,0.2879,0.063,2.61,3854.2,2.91,-5223.9,13242.7,9,0.444,0.435,0.504,0.1987,117
Jul-Aug25,0.6,10,6,YES,0.0,0.7,220,2489,0.4395,9.65,24020.0,0.2879,0.1516,2.77,4068.6,3.19,-5165.4,14388.8,9,0.444,0.419,0.483,0.1839,136
Jul-Aug25,0.6,10,6,YES,0.3,0.8,220,2424,0.5586,2.6,6303.0,0.2879,0.2707,2.08,1614.1,2.11,-2624.9,5338.0,9,0.556,0.088,0.181,0.0242,144
Jul-Aug25,0.6,10,9,ALL,0.0,1.0,69,4189,0.5858,31.44,131693.0,0.3496,0.2363,8.1,0.0,inf,649.2,37798.2,9,1.0,0.705,0.784,0.5032,62
Jul-Aug25,0.6,10,9,ALL,0.0,0.5,69,2123,0.3806,52.55,111562.0,0.3496,0.031,6.16,565.8,17.37,-6188.4,37060.6,9,0.667,0.72,0.791,0.5267,55
Jul-Aug25,0.6,10,9,ALL,0.0,0.7,69,2996,0.4586,39.53,118427.0,0.3496,0.109,6.91,1145.7,42.86,-1683.4,36710.1,9,0.778,0.712,0.781,0.5137,60
Jul-Aug25,0.6,10,9,ALL,0.3,0.8,69,2958,0.568,5.96,17616.0,0.3496,0.2184,5.94,1503.1,12.72,-1503.1,6579.0,9,0.889,0.246,0.35,0.083,62
Jul-Aug25,0.6,10,9,NO,0.0,1.0,69,2326,0.6221,40.78,94843.0,0.437,0.1851,8.13,1476.9,42.81,-1476.9,25937.3,9,0.778,0.699,0.783,0.4963,62
Jul-Aug25,0.6,10,9,NO,0.0,0.5,69,999,0.3684,79.54,79463.0,0.437,-0.0687,6.15,1642.5,20.41,-1642.5,26016.3,9,0.667,0.729,0.808,0.5406,40
Jul-Aug25,0.6,10,9,NO,0.0,0.7,69,1536,0.4727,55.56,85340.0,0.437,0.0356,6.89,2019.9,22.99,-2019.9,25488.0,9,0.778,0.715,0.793,0.5194,50
Jul-Aug25,0.6,10,9,NO,0.3,0.8,69,1608,0.5846,4.96,7975.0,0.437,0.1476,2.17,4142.0,2.78,-2472.2,7516.9,9,0.556,0.172,0.31,0.0733,58
Jul-Aug25,0.6,10,9,YES,0.0,1.0,69,1863,0.5405,19.78,36850.0,0.2879,0.2526,4.34,1761.3,6.61,-4807.4,15908.2,9,0.667,0.616,0.706,0.3884,55
Jul-Aug25,0.6,10,9,YES,0.0,0.5,69,1124,0.3915,28.56,32099.0,0.2879,0.1036,3.86,928.9,6.12,-5345.7,15224.1,9,0.667,0.626,0.718,0.4019,46
Jul-Aug25,0.6,10,9,YES,0.0,0.7,69,1460,0.4438,22.66,33087.0,0.2879,0.1559,3.99,1605.9,5.92,-5125.4,15489.3,9,0.667,0.634,0.715,0.4093,52
Jul-Aug25,0.6,10,9,YES,0.3,0.8,69,1350,0.5481,7.14,9641.0,0.2879,0.2602,4.7,772.7,5.87,-937.9,3669.3,9,0.667,0.205,0.396,0.0778,55
Jul-Aug25,0.6,30,3,ALL,0.0,1.0,662,15012,0.6269,18.35,275497.0,0.3496,0.2773,6.54,7630.9,24.94,-7630.9,101117.1,9,0.778,0.254,0.538,0.1092,415
Jul-Aug25,0.6,30,3,ALL,0.0,0.5,662,4917,0.3101,42.73,210080.0,0.3496,-0.0394,4.71,15886.4,6.73,-15886.4,96012.0,9,0.667,0.279,0.588,0.1305,298
Jul-Aug25,0.6,30,3,ALL,0.0,0.7,662,8939,0.4546,25.56,228437.0,0.3496,0.1051,5.21,12179.8,10.42,-12179.8,99755.1,9,0.667,0.266,0.557,0.1174,362
Jul-Aug25,0.6,30,3,ALL,0.3,0.8,662,9344,0.6009,2.74,25605.0,0.3496,0.2514,3.1,6693.1,3.37,-4954.1,14009.3,9,0.556,0.058,0.104,0.0107,381
Jul-Aug25,0.6,30,3,NO,0.0,1.0,662,8962,0.6621,28.11,251888.0,0.437,0.2251,6.94,6991.2,22.03,-6991.2,83552.9,9,0.778,0.235,0.605,0.1294,378
Jul-Aug25,0.6,30,3,NO,0.0,0.5,662,2450,0.3147,83.37,204253.0,0.437,-0.1223,5.43,9546.0,14.81,-9546.0,82519.7,9,0.778,0.263,0.675,0.1601,204
Jul-Aug25,0.6,30,3,NO,0.0,0.7,662,4907,0.475,44.15,216628.0,0.437,0.038,5.84,9602.0,13.57,-9602.0,82701.1,9,0.778,0.248,0.63,0.14,296
Jul-Aug25,0.6,30,3,NO,0.3,0.8,662,5467,0.6195,3.49,19105.0,0.437,0.1825,1.92,12902.2,2.2,-6971.2,18100.4,9,0.444,0.047,0.089,0.0108,330
Jul-Aug25,0.6,30,3,YES,0.0,1.0,662,6050,0.5747,3.9,23609.0,0.2879,0.2868,1.87,6302.1,2.07,-12655.5,17564.2,9,0.556,0.231,0.296,0.0605,351
Jul-Aug25,0.6,30,3,YES,0.0,0.5,662,2467,0.3056,2.36,5826.0,0.2879,0.0177,0.47,10580.1,1.18,-13819.4,13492.3,9,0.444,0.275,0.35,0.0848,249
Jul-Aug25,0.6,30,3,YES,0.0,0.7,662,4032,0.4298,2.93,11809.0,0.2879,0.1419,0.93,9800.7,1.41,-13727.0,17054.0,9,0.444,0.255,0.321,0.0725,308
Jul-Aug25,0.6,30,3,YES,0.3,0.8,662,3877,0.5747,1.68,6500.0,0.2879,0.2868,1.61,4321.7,1.77,-4091.1,5346.6,9,0.667,0.047,0.101,0.0104,312
Jul-Aug25,0.6,30,6,ALL,0.0,1.0,215,7861,0.6185,16.61,130596.0,0.3496,0.2689,7.76,3930.7,34.22,-3930.7,38583.9,9,0.889,0.545,0.606,0.302,176
Jul-Aug25,0.6,30,6,ALL,0.0,0.5,215,3057,0.3539,32.0,97822.0,0.3496,0.0044,5.16,4584.8,7.36,-6479.6,37251.8,9,0.667,0.594,0.652,0.3596,137
Jul-Aug25,0.6,30,6,ALL,0.0,0.7,215,4907,0.4593,21.77,106813.0,0.3496,0.1098,5.87,6185.6,13.24,-6185.6,37100.9,9,0.667,0.57,0.626,0.3303,163
Jul-Aug25,0.6,30,6,ALL,0.3,0.8,215,5123,0.5833,3.64,18636.0,0.3496,0.2337,4.1,4500.5,4.88,-4500.5,8023.2,9,0.778,0.107,0.173,0.0243,171
Jul-Aug25,0.6,30,6,NO,0.0,1.0,215,4244,0.6569,23.43,99448.0,0.437,0.2199,8.18,3426.4,17.94,-3426.4,24845.5,9,0.778,0.565,0.633,0.3246,167
Jul-Aug25,0.6,30,6,NO,0.0,0.5,215,1391,0.3573,54.37,75630.0,0.437,-0.0797,5.72,3570.1,10.54,-3570.1,25121.8,9,0.667,0.639,0.708,0.4161,98
Jul-Aug25,0.6,30,6,NO,0.0,0.7,215,2420,0.4793,34.13,82593.0,0.437,0.0423,6.43,4321.0,11.58,-4321.0,24328.4,9,0.778,0.599,0.665,0.366,137
Jul-Aug25,0.6,30,6,NO,0.3,0.8,215,2702,0.6051,4.5,12166.0,0.437,0.1681,2.24,7046.0,2.53,-3323.5,10648.1,9,0.556,0.082,0.156,0.0246,155
Jul-Aug25,0.6,30,6,YES,0.0,1.0,215,3617,0.5734,8.61,31148.0,0.2879,0.2855,3.61,1665.0,5.12,-4398.6,14607.0,9,0.556,0.388,0.453,0.158,153
Jul-Aug25,0.6,30,6,YES,0.0,0.5,215,1666,0.3511,13.32,22193.0,0.2879,0.0632,2.62,3854.2,2.92,-5223.9,13242.7,9,0.444,0.436,0.505,0.1992,116
Jul-Aug25,0.6,30,6,YES,0.0,0.7,215,2487,0.4399,9.74,24220.0,0.2879,0.152,2.79,4068.6,3.21,-5165.4,14388.8,9,0.444,0.42,0.484,0.1848,135
Jul-Aug25,0.6,30,6,YES,0.3,0.8,215,2421,0.5589,2.67,6470.0,0.2879,0.271,2.14,1614.1,2.14,-2624.9,5304.6,9,0.556,0.089,0.182,0.0244,142
Jul-Aug25,0.6,30,9,ALL,0.0,1.0,69,4189,0.5858,31.44,131693.0,0.3496,0.2363,8.1,0.0,inf,649.2,37798.2,9,1.0,0.705,0.784,0.5032,62
Jul-Aug25,0.6,30,9,ALL,0.0,0.5,69,2123,0.3806,52.55,111562.0,0.3496,0.031,6.16,565.8,17.37,-6188.4,37060.6,9,0.667,0.72,0.791,0.5267,55
Jul-Aug25,0.6,30,9,ALL,0.0,0.7,69,2996,0.4586,39.53,118427.0,0.3496,0.109,6.91,1145.7,42.86,-1683.4,36710.1,9,0.778,0.712,0.781,0.5137,60
Jul-Aug25,0.6,30,9,ALL,0.3,0.8,69,2958,0.568,5.96,17616.0,0.3496,0.2184,5.94,1503.1,12.72,-1503.1,6579.0,9,0.889,0.246,0.35,0.083,62
Jul-Aug25,0.6,30,9,NO,0.0,1.0,69,2326,0.6221,40.78,94843.0,0.437,0.1851,8.13,1476.9,42.81,-1476.9,25937.3,9,0.778,0.699,0.783,0.4963,62
Jul-Aug25,0.6,30,9,NO,0.0,0.5,69,999,0.3684,79.54,79463.0,0.437,-0.0687,6.15,1642.5,20.41,-1642.5,26016.3,9,0.667,0.729,0.808,0.5406,40
Jul-Aug25,0.6,30,9,NO,0.0,0.7,69,1536,0.4727,55.56,85340.0,0.437,0.0356,6.89,2019.9,22.99,-2019.9,25488.0,9,0.778,0.715,0.793,0.5194,50
Jul-Aug25,0.6,30,9,NO,0.3,0.8,69,1608,0.5846,4.96,7975.0,0.437,0.1476,2.17,4142.0,2.78,-2472.2,7516.9,9,0.556,0.172,0.31,0.0733,58
Jul-Aug25,0.6,30,9,YES,0.0,1.0,69,1863,0.5405,19.78,36850.0,0.2879,0.2526,4.34,1761.3,6.61,-4807.4,15908.2,9,0.667,0.616,0.706,0.3884,55
Jul-Aug25,0.6,30,9,YES,0.0,0.5,69,1124,0.3915,28.56,32099.0,0.2879,0.1036,3.86,928.9,6.12,-5345.7,15224.1,9,0.667,0.626,0.718,0.4019,46
Jul-Aug25,0.6,30,9,YES,0.0,0.7,69,1460,0.4438,22.66,33087.0,0.2879,0.1559,3.99,1605.9,5.92,-5125.4,15489.3,9,0.667,0.634,0.715,0.4093,52
Jul-Aug25,0.6,30,9,YES,0.3,0.8,69,1350,0.5481,7.14,9641.0,0.2879,0.2602,4.7,772.7,5.87,-937.9,3669.3,9,0.667,0.205,0.396,0.0778,55
Jul-Aug25,0.6,50,3,ALL,0.0,1.0,415,13782,0.6222,20.17,277975.0,0.3496,0.2726,6.62,5812.0,29.38,-5812.0,101611.1,9,0.778,0.268,0.568,0.1218,296
Jul-Aug25,0.6,50,3,ALL,0.0,0.5,415,4653,0.3146,46.74,217498.0,0.3496,-0.0349,4.94,13863.9,7.94,-13863.9,96167.2,9,0.667,0.291,0.615,0.1424,223
Jul-Aug25,0.6,50,3,ALL,0.0,0.7,415,8399,0.4552,27.8,233524.0,0.3496,0.1056,5.37,10243.8,12.83,-10243.8,100136.2,9,0.667,0.278,0.584,0.129,268
Jul-Aug25,0.6,50,3,ALL,0.3,0.8,415,8766,0.5991,2.82,24731.0,0.3496,0.2496,3.09,7081.3,3.13,-4970.0,13563.6,9,0.667,0.066,0.118,0.0136,277
Jul-Aug25,0.6,50,3,NO,0.0,1.0,415,8358,0.657,29.98,250566.0,0.437,0.22,6.91,5761.3,26.37,-5761.3,84250.7,9,0.778,0.246,0.632,0.1409,276
Jul-Aug25,0.6,50,3,NO,0.0,0.5,415,2358,0.3151,87.16,205525.0,0.437,-0.1219,5.48,8662.7,16.55,-8662.7,82919.7,9,0.778,0.27,0.694,0.1691,160
Jul-Aug25,0.6,50,3,NO,0.0,0.7,415,4681,0.4736,46.36,217006.0,0.437,0.0366,5.87,8608.5,15.04,-8608.5,83367.7,9,0.778,0.256,0.652,0.15,228
Jul-Aug25,0.6,50,3,NO,0.3,0.8,415,5192,0.6185,3.53,18307.0,0.437,0.1814,1.96,12288.9,2.26,-7181.4,17299.4,9,0.444,0.053,0.101,0.0134,251
Jul-Aug25,0.6,50,3,YES,0.0,1.0,415,5424,0.5686,5.05,27408.0,0.2879,0.2807,2.36,5472.5,2.66,-9678.6,17360.4,9,0.444,0.262,0.336,0.0773,252
Jul-Aug25,0.6,50,3,YES,0.0,0.5,415,2295,0.3142,5.22,11973.0,0.2879,0.0263,1.04,9200.6,1.45,-11429.8,13247.6,9,0.444,0.309,0.392,0.1064,187
Jul-Aug25,0.6,50,3,YES,0.0,0.7,415,3718,0.432,4.44,16518.0,0.2879,0.144,1.4,8832.3,1.7,-11563.5,16768.5,9,0.444,0.286,0.359,0.0907,228
Jul-Aug25,0.6,50,3,YES,0.3,0.8,415,3574,0.5711,1.8,6424.0,0.2879,0.2832,1.64,3474.2,1.83,-3735.8,5070.2,9,0.556,0.055,0.117,0.0136,228
Jul-Aug25,0.6,50,6,ALL,0.0,1.0,190,7715,0.6178,16.95,130787.0,0.3496,0.2682,7.78,3909.2,34.46,-3909.2,37862.6,9,0.889,0.553,0.615,0.3107,157
Jul-Aug25,0.6,50,6,ALL,0.0,0.5,190,3026,0.3533,32.36,97912.0,0.3496,0.0037,5.15,4765.3,7.31,-6379.6,36859.5,9,0.667,0.6,0.659,0.3668,128
Jul-Aug25,0.6,50,6,ALL,0.0,0.7,190,4827,0.4587,22.23,107298.0,0.3496,0.1091,5.88,6198.7,13.67,-6198.7,36555.8,9,0.667,0.577,0.633,0.338,149
Jul-Aug25,0.6,50,6,ALL,0.3,0.8,190,5021,0.5828,3.67,18419.0,0.3496,0.2332,3.98,4446.9,4.76,-4446.9,8256.3,9,0.778,0.111,0.18,0.026,153
Jul-Aug25,0.6,50,6,NO,0.0,1.0,190,4162,0.6562,23.89,99414.0,0.437,0.2192,8.19,3306.8,18.85,-3306.8,24783.8,9,0.778,0.572,0.641,0.3329,152
Jul-Aug25,0.6,50,6,NO,0.0,0.5,190,1380,0.3565,54.77,75582.0,0.437,-0.0805,5.72,3486.9,10.71,-3486.9,25121.8,9,0.667,0.643,0.712,0.421,92
Jul-Aug25,0.6,50,6,NO,0.0,0.7,190,2383,0.4784,34.66,82602.0,0.437,0.0414,6.43,4251.0,11.8,-4251.0,24328.4,9,0.778,0.605,0.671,0.3725,127
Jul-Aug25,0.6,50,6,NO,0.3,0.8,190,2648,0.6046,4.54,12025.0,0.437,0.1676,2.22,7181.3,2.49,-3385.3,10681.3,9,0.556,0.085,0.161,0.0262,141
Jul-Aug25,0.6,50,6,YES,0.0,1.0,190,3553,0.5728,8.83,31373.0,0.2879,0.2849,3.72,1710.0,5.73,-4116.0,14811.5,9,0.444,0.395,0.461,0.1637,138
Jul-Aug25,0.6,50,6,YES,0.0,0.5,190,1646,0.3505,13.57,22329.0,0.2879,0.0626,2.67,4007.3,3.04,-5223.9,13342.7,9,0.444,0.442,0.513,0.2054,109
Jul-Aug25,0.6,50,6,YES,0.0,0.7,190,2444,0.4394,10.1,24696.0,0.2879,0.1515,2.9,4064.5,3.45,-5026.7,14637.8,9,0.444,0.428,0.493,0.1915,125
Jul-Aug25,0.6,50,6,YES,0.3,0.8,190,2373,0.5584,2.69,6395.0,0.2879,0.2705,2.27,1516.7,2.23,-2425.0,4699.0,9,0.556,0.091,0.187,0.0257,130
Jul-Aug25,0.6,50,9,ALL,0.0,1.0,69,4189,0.5858,31.44,131693.0,0.3496,0.2363,8.1,0.0,inf,649.2,37798.2,9,1.0,0.705,0.784,0.5032,62
Jul-Aug25,0.6,50,9,ALL,0.0,0.5,69,2123,0.3806,52.55,111562.0,0.3496,0.031,6.16,565.8,17.37,-6188.4,37060.6,9,0.667,0.72,0.791,0.5267,55
Jul-Aug25,0.6,50,9,ALL,0.0,0.7,69,2996,0.4586,39.53,118427.0,0.3496,0.109,6.91,1145.7,42.86,-1683.4,36710.1,9,0.778,0.712,0.781,0.5137,60
Jul-Aug25,0.6,50,9,ALL,0.3,0.8,69,2958,0.568,5.96,17616.0,0.3496,0.2184,5.94,1503.1,12.72,-1503.1,6579.0,9,0.889,0.246,0.35,0.083,62
Jul-Aug25,0.6,50,9,NO,0.0,1.0,69,2326,0.6221,40.78,94843.0,0.437,0.1851,8.13,1476.9,42.81,-1476.9,25937.3,9,0.778,0.699,0.783,0.4963,62
Jul-Aug25,0.6,50,9,NO,0.0,0.5,69,999,0.3684,79.54,79463.0,0.437,-0.0687,6.15,1642.5,20.41,-1642.5,26016.3,9,0.667,0.729,0.808,0.5406,40
Jul-Aug25,0.6,50,9,NO,0.0,0.7,69,1536,0.4727,55.56,85340.0,0.437,0.0356,6.89,2019.9,22.99,-2019.9,25488.0,9,0.778,0.715,0.793,0.5194,50
Jul-Aug25,0.6,50,9,NO,0.3,0.8,69,1608,0.5846,4.96,7975.0,0.437,0.1476,2.17,4142.0,2.78,-2472.2,7516.9,9,0.556,0.172,0.31,0.0733,58
Jul-Aug25,0.6,50,9,YES,0.0,1.0,69,1863,0.5405,19.78,36850.0,0.2879,0.2526,4.34,1761.3,6.61,-4807.4,15908.2,9,0.667,0.616,0.706,0.3884,55
Jul-Aug25,0.6,50,9,YES,0.0,0.5,69,1124,0.3915,28.56,32099.0,0.2879,0.1036,3.86,928.9,6.12,-5345.7,15224.1,9,0.667,0.626,0.718,0.4019,46
Jul-Aug25,0.6,50,9,YES,0.0,0.7,69,1460,0.4438,22.66,33087.0,0.2879,0.1559,3.99,1605.9,5.92,-5125.4,15489.3,9,0.667,0.634,0.715,0.4093,52
Jul-Aug25,0.6,50,9,YES,0.3,0.8,69,1350,0.5481,7.14,9641.0,0.2879,0.2602,4.7,772.7,5.87,-937.9,3669.3,9,0.667,0.205,0.396,0.0778,55
Jul-Aug25,0.65,10,3,ALL,0.0,1.0,907,9854,0.6847,29.43,290043.0,0.3496,0.3351,7.33,0.0,inf,921.1,100806.8,9,1.0,0.29,0.615,0.1408,492
Jul-Aug25,0.65,10,3,ALL,0.0,0.5,907,2300,0.3126,102.52,235789.0,0.3496,-0.037,5.55,5842.3,26.68,-5842.3,98175.3,9,0.778,0.328,0.692,0.1777,306
Jul-Aug25,0.65,10,3,ALL,0.0,0.7,907,4970,0.4911,50.73,252122.0,0.3496,0.1416,6.09,2331.3,109.15,-2331.3,100262.4,9,0.889,0.31,0.65,0.1578,410
Jul-Aug25,0.65,10,3,ALL,0.3,0.8,907,5732,0.6436,5.12,29350.0,0.3496,0.294,4.23,4257.8,7.89,-3606.0,13456.5,9,0.778,0.03,0.082,0.0084,426
Jul-Aug25,0.65,10,3,NO,0.0,1.0,907,5946,0.7217,44.01,261666.0,0.437,0.2846,7.64,495.2,529.41,-495.2,84002.5,9,0.889,0.262,0.675,0.1594,409
Jul-Aug25,0.65,10,3,NO,0.0,0.5,907,1091,0.352,207.41,226280.0,0.437,-0.085,6.28,2114.4,108.02,-2114.4,83400.0,9,0.889,0.302,0.774,0.2084,178
Jul-Aug25,0.65,10,3,NO,0.0,0.7,907,2707,0.5253,86.9,235240.0,0.437,0.0883,6.72,1832.0,129.4,-1832.0,83452.1,9,0.889,0.281,0.715,0.1785,307
Jul-Aug25,0.65,10,3,NO,0.3,0.8,907,3382,0.6641,6.69,22642.0,0.437,0.2271,2.84,4509.3,4.0,-2670.0,16105.8,9,0.333,0.029,0.08,0.0088,332
Jul-Aug25,0.65,10,3,YES,0.0,1.0,907,3908,0.6285,7.26,28376.0,0.2879,0.3406,3.05,901.6,3.68,-8824.6,16804.3,9,0.667,0.276,0.317,0.0815,394
Jul-Aug25,0.65,10,3,YES,0.0,0.5,907,1209,0.2771,7.87,9509.0,0.2879,-0.0108,1.02,6362.1,1.49,-10023.0,14775.3,9,0.556,0.34,0.382,0.1224,262
Jul-Aug25,0.65,10,3,YES,0.0,0.7,907,2263,0.4503,7.46,16882.0,0.2879,0.1624,1.75,2617.7,2.1,-10123.0,16810.3,9,0.556,0.309,0.347,0.1015,329
Jul-Aug25,0.65,10,3,YES,0.3,0.8,907,2350,0.614,2.85,6707.0,0.2879,0.3261,2.62,2519.8,2.3,-2649.3,3123.3,9,0.778,0.027,0.068,0.0081,335
Jul-Aug25,0.65,10,6,ALL,0.0,1.0,149,3950,0.6927,32.6,128782.0,0.3496,0.3431,7.55,578.2,122.25,-578.2,39819.3,9,0.778,0.705,0.736,0.4984,126
Jul-Aug25,0.65,10,6,ALL,0.0,0.5,149,929,0.3283,115.78,107563.0,0.3496,-0.0213,5.9,2788.7,21.58,-2788.7,38497.8,9,0.667,0.785,0.804,0.6172,91
Jul-Aug25,0.65,10,6,ALL,0.0,0.7,149,1930,0.4927,58.66,113209.0,0.3496,0.1432,6.32,1835.7,32.65,-1835.7,38806.1,9,0.778,0.748,0.773,0.5613,114
Jul-Aug25,0.65,10,6,ALL,0.3,0.8,149,2224,0.6461,6.34,14096.0,0.3496,0.2966,4.65,1106.9,11.81,-1106.9,6472.8,9,0.778,0.058,0.144,0.0242,120
Jul-Aug25,0.65,10,6,NO,0.0,1.0,149,2062,0.7415,45.89,94615.0,0.437,0.3045,7.55,2064.4,33.78,-2064.4,28150.4,9,0.778,0.739,0.763,0.5473,118
Jul-Aug25,0.65,10,6,NO,0.0,0.5,149,375,0.376,213.53,80074.0,0.437,-0.061,6.02,1721.1,32.89,-1721.1,28242.1,9,0.778,0.852,0.863,0.7268,65
Jul-Aug25,0.65,10,6,NO,0.0,0.7,149,885,0.5401,95.35,84386.0,0.437,0.1031,6.38,2317.2,24.48,-2317.2,27973.1,9,0.778,0.798,0.818,0.6372,95
Jul-Aug25,0.65,10,6,NO,0.3,0.8,149,1132,0.682,10.37,11742.0,0.437,0.245,3.46,1500.5,5.19,-1500.5,7077.2,9,0.556,0.07,0.173,0.0266,107
Jul-Aug25,0.65,10,6,YES,0.0,1.0,149,1888,0.6393,18.1,34167.0,0.2879,0.3514,4.56,667.9,13.09,-1960.8,14491.1,9,0.667,0.505,0.547,0.2609,111
Jul-Aug25,0.65,10,6,YES,0.0,0.5,149,554,0.296,49.62,27488.0,0.2879,0.0081,3.65,1621.4,6.05,-2095.1,14184.0,9,0.444,0.587,0.625,0.3528,77
Jul-Aug25,0.65,10,6,YES,0.0,0.7,149,1045,0.4526,27.58,28823.0,0.2879,0.1647,3.82,1435.0,7.01,-2233.9,14476.9,9,0.556,0.554,0.586,0.3137,94
Jul-Aug25,0.65,10,6,YES,0.3,0.8,149,1092,0.609,2.15,2353.0,0.2879,0.3211,1.96,695.8,2.5,-695.8,2570.5,9,0.667,0.061,0.134,0.0288,101
Jul-Aug25,0.65,10,9,ALL,0.0,1.0,42,1343,0.6947,90.5,121547.0,0.3496,0.3452,7.34,0.0,inf,1055.3,37073.5,9,1.0,0.868,0.903,0.755,40
Jul-Aug25,0.65,10,9,ALL,0.0,0.5,42,323,0.3498,353.38,114141.0,0.3496,0.0003,6.58,0.0,1476.57,-77.4,37550.8,9,0.889,0.9,0.92,0.8102,35
Jul-Aug25,0.65,10,9,ALL,0.0,0.7,42,673,0.4993,171.68,115539.0,0.3496,0.1497,6.77,0.0,inf,532.1,37069.6,9,1.0,0.884,0.908,0.782,39
Jul-Aug25,0.65,10,9,ALL,0.3,0.8,42,756,0.6772,10.34,7814.0,0.3496,0.3277,4.17,535.7,15.59,-535.7,4271.0,9,0.889,0.116,0.322,0.0582,40
Jul-Aug25,0.65,10,9,NO,0.0,1.0,42,754,0.7387,114.24,86137.0,0.437,0.3017,7.03,507.0,170.9,-507.0,27749.5,9,0.889,0.882,0.911,0.779,40
Jul-Aug25,0.65,10,9,NO,0.0,0.5,42,141,0.3688,568.59,80171.0,0.437,-0.0682,6.14,726.4,111.37,-715.0,28432.6,9,0.778,0.929,0.941,0.8637,27
Jul-Aug25,0.65,10,9,NO,0.0,0.7,42,341,0.5396,239.98,81833.0,0.437,0.1026,6.35,771.1,92.67,-622.6,28002.6,9,0.667,0.908,0.926,0.8252,32
Jul-Aug25,0.65,10,9,NO,0.3,0.8,42,432,0.6944,11.38,4917.0,0.437,0.2574,2.47,1197.0,3.43,-1019.2,4251.6,9,0.556,0.149,0.376,0.0711,36
Jul-Aug25,0.65,10,9,YES,0.0,1.0,42,589,0.6384,60.12,35410.0,0.2879,0.3505,4.67,820.5,17.14,-1373.6,15963.1,9,0.667,0.75,0.794,0.5661,37
Jul-Aug25,0.65,10,9,YES,0.0,0.5,42,182,0.3352,186.65,33970.0,0.2879,0.0473,4.56,581.0,19.13,-1292.3,15743.9,9,0.667,0.796,0.843,0.6375,28
Jul-Aug25,0.65,10,9,YES,0.0,0.7,42,332,0.4578,101.52,33706.0,0.2879,0.1699,4.54,726.1,17.15,-1361.4,15758.9,9,0.667,0.779,0.819,0.6104,34
Jul-Aug25,0.65,10,9,YES,0.3,0.8,42,324,0.6543,8.94,2897.0,0.2879,0.3664,6.53,440.6,7.57,-440.6,700.0,9,0.889,0.105,0.305,0.0583,37
Jul-Aug25,0.65,30,3,ALL,0.0,1.0,434,8716,0.6918,33.19,289306.0,0.3496,0.3423,7.34,0.0,inf,3263.4,100170.0,9,1.0,0.316,0.67,0.1675,279
Jul-Aug25,0.65,30,3,ALL,0.0,0.5,434,1926,0.3074,123.71,238259.0,0.3496,-0.0422,5.68,3585.3,45.64,-3585.3,97784.8,9,0.778,0.351,0.739,0.203,186
Jul-Aug25,0.65,30,3,ALL,0.0,0.7,434,4337,0.4978,58.79,254968.0,0.3496,0.1482,6.2,0.0,inf,95.9,100097.2,9,1.0,0.336,0.705,0.1854,241
Jul-Aug25,0.65,30,3,ALL,0.3,0.8,434,5021,0.6471,5.43,27255.0,0.3496,0.2975,5.3,550.2,50.54,-550.2,11349.8,9,0.889,0.039,0.107,0.0131,254
Jul-Aug25,0.65,30,3,NO,0.0,1.0,434,5394,0.7217,47.43,255839.0,0.437,0.2847,7.35,0.0,inf,677.4,84030.4,9,1.0,0.282,0.726,0.1846,252
Jul-Aug25,0.65,30,3,NO,0.0,0.5,434,1001,0.3387,221.09,221308.0,0.437,-0.0984,6.06,1514.4,147.14,-1514.4,83472.1,9,0.889,0.317,0.813,0.2296,124
Jul-Aug25,0.65,30,3,NO,0.0,0.7,434,2473,0.5233,93.41,230997.0,0.437,0.0862,6.46,918.5,229.88,-918.5,83751.8,9,0.778,0.3,0.763,0.2032,197
Jul-Aug25,0.65,30,3,NO,0.3,0.8,434,3057,0.6627,6.74,20611.0,0.437,0.2257,3.25,3515.7,5.24,-2444.4,13009.0,9,0.444,0.037,0.102,0.0132,216
Jul-Aug25,0.65,30,3,YES,0.0,1.0,434,3322,0.6433,10.07,33467.0,0.2879,0.3554,3.88,1494.5,5.03,-5893.9,16139.6,9,0.667,0.337,0.386,0.1205,238
Jul-Aug25,0.65,30,3,YES,0.0,0.5,434,925,0.2735,18.33,16952.0,0.2879,-0.0144,2.0,3812.0,2.23,-6826.4,14312.7,9,0.444,0.411,0.461,0.1779,157
Jul-Aug25,0.65,30,3,YES,0.0,0.7,434,1864,0.4641,12.86,23971.0,0.2879,0.1762,2.68,3033.2,3.04,-6664.5,16345.4,9,0.556,0.377,0.422,0.1499,205
Jul-Aug25,0.65,30,3,YES,0.3,0.8,434,1964,0.6227,3.38,6644.0,0.2879,0.3348,3.3,1368.9,3.11,-1659.1,3054.1,9,0.556,0.037,0.093,0.0133,210
Jul-Aug25,0.65,30,6,ALL,0.0,1.0,144,3942,0.693,32.72,128966.0,0.3496,0.3435,7.6,483.9,170.22,-483.9,39681.9,9,0.778,0.706,0.738,0.5009,123
Jul-Aug25,0.65,30,6,ALL,0.0,0.5,144,927,0.3279,116.03,107559.0,0.3496,-0.0216,5.91,2788.7,21.58,-2788.7,38393.7,9,0.667,0.785,0.804,0.6172,90
Jul-Aug25,0.65,30,6,ALL,0.0,0.7,144,1924,0.4932,58.96,113441.0,0.3496,0.1437,6.36,1835.7,35.62,-1835.7,38702.1,9,0.778,0.75,0.775,0.5639,112
Jul-Aug25,0.65,30,6,ALL,0.3,0.8,144,2217,0.6468,6.45,14294.0,0.3496,0.2973,4.78,806.9,15.23,-806.9,6472.8,9,0.778,0.059,0.145,0.0246,118
Jul-Aug25,0.65,30,6,NO,0.0,1.0,144,2058,0.742,45.99,94647.0,0.437,0.305,7.59,1864.4,36.23,-1864.4,28046.3,9,0.778,0.74,0.764,0.5488,116
Jul-Aug25,0.65,30,6,NO,0.0,0.5,144,374,0.3743,213.82,79970.0,0.437,-0.0627,6.03,1721.1,32.85,-1721.1,28138.1,9,0.778,0.853,0.864,0.7284,64
Jul-Aug25,0.65,30,6,NO,0.0,0.7,144,881,0.5403,95.82,84418.0,0.437,0.1033,6.41,2117.2,25.87,-2117.2,27869.0,9,0.778,0.799,0.819,0.6391,93
Jul-Aug25,0.65,30,6,NO,0.3,0.8,144,1128,0.6826,10.44,11774.0,0.437,0.2456,3.5,1300.5,5.35,-1300.5,7077.2,9,0.556,0.07,0.174,0.0269,105
Jul-Aug25,0.65,30,6,YES,0.0,1.0,144,1884,0.6396,18.22,34319.0,0.2879,0.3517,4.58,667.9,13.14,-1960.8,14491.1,9,0.667,0.506,0.549,0.2629,108
Jul-Aug25,0.65,30,6,YES,0.0,0.5,144,553,0.2966,49.89,27588.0,0.2879,0.0087,3.66,1621.4,6.07,-2095.1,14184.0,9,0.444,0.588,0.626,0.3541,76
Jul-Aug25,0.65,30,6,YES,0.0,0.7,144,1043,0.4535,27.83,29023.0,0.2879,0.1656,3.84,1435.0,7.05,-2233.9,14476.9,9,0.556,0.556,0.588,0.3158,93
Jul-Aug25,0.65,30,6,YES,0.3,0.8,144,1089,0.6097,2.31,2520.0,0.2879,0.3218,2.11,695.8,2.6,-695.8,2537.2,9,0.667,0.062,0.136,0.0293,99
Jul-Aug25,0.65,30,9,ALL,0.0,1.0,42,1343,0.6947,90.5,121547.0,0.3496,0.3452,7.34,0.0,inf,1055.3,37073.5,9,1.0,0.868,0.903,0.755,40
Jul-Aug25,0.65,30,9,ALL,0.0,0.5,42,323,0.3498,353.38,114141.0,0.3496,0.0003,6.58,0.0,1476.57,-77.4,37550.8,9,0.889,0.9,0.92,0.8102,35
Jul-Aug25,0.65,30,9,ALL,0.0,0.7,42,673,0.4993,171.68,115539.0,0.3496,0.1497,6.77,0.0,inf,532.1,37069.6,9,1.0,0.884,0.908,0.782,39
Jul-Aug25,0.65,30,9,ALL,0.3,0.8,42,756,0.6772,10.34,7814.0,0.3496,0.3277,4.17,535.7,15.59,-535.7,4271.0,9,0.889,0.116,0.322,0.0582,40
Jul-Aug25,0.65,30,9,NO,0.0,1.0,42,754,0.7387,114.24,86137.0,0.437,0.3017,7.03,507.0,170.9,-507.0,27749.5,9,0.889,0.882,0.911,0.779,40
Jul-Aug25,0.65,30,9,NO,0.0,0.5,42,141,0.3688,568.59,80171.0,0.437,-0.0682,6.14,726.4,111.37,-715.0,28432.6,9,0.778,0.929,0.941,0.8637,27
Jul-Aug25,0.65,30,9,NO,0.0,0.7,42,341,0.5396,239.98,81833.0,0.437,0.1026,6.35,771.1,92.67,-622.6,28002.6,9,0.667,0.908,0.926,0.8252,32
Jul-Aug25,0.65,30,9,NO,0.3,0.8,42,432,0.6944,11.38,4917.0,0.437,0.2574,2.47,1197.0,3.43,-1019.2,4251.6,9,0.556,0.149,0.376,0.0711,36
Jul-Aug25,0.65,30,9,YES,0.0,1.0,42,589,0.6384,60.12,35410.0,0.2879,0.3505,4.67,820.5,17.14,-1373.6,15963.1,9,0.667,0.75,0.794,0.5661,37
Jul-Aug25,0.65,30,9,YES,0.0,0.5,42,182,0.3352,186.65,33970.0,0.2879,0.0473,4.56,581.0,19.13,-1292.3,15743.9,9,0.667,0.796,0.843,0.6375,28
Jul-Aug25,0.65,30,9,YES,0.0,0.7,42,332,0.4578,101.52,33706.0,0.2879,0.1699,4.54,726.1,17.15,-1361.4,15758.9,9,0.667,0.779,0.819,0.6104,34
Jul-Aug25,0.65,30,9,YES,0.3,0.8,42,324,0.6543,8.94,2897.0,0.2879,0.3664,6.53,440.6,7.57,-440.6,700.0,9,0.889,0.105,0.305,0.0583,37
Jul-Aug25,0.65,50,3,ALL,0.0,1.0,266,7888,0.6894,36.6,288738.0,0.3496,0.3398,7.32,0.0,inf,3739.6,100491.5,9,1.0,0.33,0.7,0.1824,197
Jul-Aug25,0.65,50,3,ALL,0.0,0.5,266,1780,0.3107,135.5,241188.0,0.3496,-0.0389,5.78,2850.0,53.36,-2850.0,97640.1,9,0.778,0.362,0.763,0.2164,140
Jul-Aug25,0.65,50,3,ALL,0.0,0.7,266,4009,0.4996,64.02,256637.0,0.3496,0.1501,6.26,0.0,inf,699.1,100176.4,9,1.0,0.348,0.73,0.199,178
Jul-Aug25,0.65,50,3,ALL,0.3,0.8,266,4646,0.6481,5.64,26184.0,0.3496,0.2985,5.25,752.8,33.94,-752.8,11000.1,9,0.778,0.045,0.123,0.0168,183
Jul-Aug25,0.65,50,3,NO,0.0,1.0,266,4997,0.7176,50.81,253884.0,0.437,0.2806,7.26,0.0,inf,935.1,84475.1,9,1.0,0.291,0.748,0.1958,184
Jul-Aug25,0.65,50,3,NO,0.0,0.5,266,959,0.3368,230.67,221213.0,0.437,-0.1002,6.06,1231.1,180.69,-1231.1,83672.1,9,0.889,0.322,0.827,0.2377,97
Jul-Aug25,0.65,50,3,NO,0.0,0.7,266,2345,0.522,98.31,230534.0,0.437,0.0849,6.44,691.1,334.59,-691.1,84118.4,9,0.889,0.307,0.781,0.213,152
Jul-Aug25,0.65,50,3,NO,0.3,0.8,266,2884,0.663,6.81,19653.0,0.437,0.2259,3.34,3090.8,5.73,-2702.8,12101.2,9,0.444,0.042,0.116,0.0166,162
Jul-Aug25,0.65,50,3,YES,0.0,1.0,266,2891,0.6406,12.06,34855.0,0.2879,0.3527,4.22,1803.6,6.41,-4490.9,16016.4,9,0.667,0.381,0.437,0.1539,171
Jul-Aug25,0.65,50,3,YES,0.0,0.5,266,821,0.2801,24.33,19975.0,0.2879,-0.0078,2.44,2973.8,2.78,-6044.8,13968.0,9,0.444,0.461,0.518,0.2237,119
Jul-Aug25,0.65,50,3,YES,0.0,0.7,266,1664,0.4681,15.69,26103.0,0.2879,0.1802,3.04,2719.1,3.68,-5883.6,16058.0,9,0.667,0.422,0.473,0.1876,152
Jul-Aug25,0.65,50,3,YES,0.3,0.8,266,1762,0.6237,3.71,6531.0,0.2879,0.3358,3.97,865.8,3.9,-1101.1,2660.8,9,0.556,0.044,0.111,0.0179,154
Jul-Aug25,0.65,50,6,ALL,0.0,1.0,124,3811,0.6946,33.88,129135.0,0.3496,0.345,7.6,462.4,162.09,-462.4,39039.2,9,0.778,0.718,0.751,0.5181,107
Jul-Aug25,0.65,50,6,ALL,0.0,0.5,124,899,0.3237,119.41,107348.0,0.3496,-0.0259,5.87,2953.4,20.27,-2953.4,38001.4,9,0.667,0.793,0.813,0.631,83
Jul-Aug25,0.65,50,6,ALL,0.0,0.7,124,1849,0.4927,61.52,113756.0,0.3496,0.1431,6.36,1848.8,34.21,-1848.8,38156.9,9,0.778,0.761,0.786,0.5801,100
Jul-Aug25,0.65,50,6,ALL,0.3,0.8,124,2124,0.6497,6.73,14296.0,0.3496,0.3002,4.69,967.9,13.74,-967.9,6804.7,9,0.667,0.062,0.154,0.027,103
Jul-Aug25,0.65,50,6,NO,0.0,1.0,124,1986,0.7437,47.62,94578.0,0.437,0.3067,7.56,1781.1,39.08,-1781.1,28011.2,9,0.778,0.75,0.775,0.5646,103
Jul-Aug25,0.65,50,6,NO,0.0,0.5,124,365,0.3699,218.42,79723.0,0.437,-0.0672,5.99,1737.9,32.04,-1737.9,28138.1,9,0.778,0.858,0.869,0.7367,60
Jul-Aug25,0.65,50,6,NO,0.0,0.7,124,848,0.5401,99.48,84357.0,0.437,0.1031,6.39,2133.9,26.25,-2133.9,27869.0,9,0.778,0.807,0.828,0.6528,85
Jul-Aug25,0.65,50,6,NO,0.3,0.8,124,1080,0.6861,10.89,11758.0,0.437,0.2491,3.53,1317.3,5.78,-1317.3,7209.2,9,0.667,0.074,0.183,0.0295,93
Jul-Aug25,0.65,50,6,YES,0.0,1.0,124,1825,0.6411,18.93,34556.0,0.2879,0.3532,4.7,244.5,18.97,-1678.2,14723.8,9,0.778,0.517,0.561,0.2742,96
Jul-Aug25,0.65,50,6,YES,0.0,0.5,124,534,0.2921,51.73,27625.0,0.2879,0.0042,3.7,1310.5,6.59,-2095.1,14284.0,9,0.444,0.6,0.638,0.3678,70
Jul-Aug25,0.65,50,6,YES,0.0,0.7,124,1001,0.4525,29.37,29399.0,0.2879,0.1646,3.95,1530.9,8.47,-2095.2,14725.9,9,0.556,0.568,0.602,0.3301,84
Jul-Aug25,0.65,50,6,YES,0.3,0.8,124,1044,0.6121,2.43,2538.0,0.2879,0.3242,2.82,286.5,3.76,-404.5,1965.0,9,0.556,0.065,0.143,0.0319,89
Jul-Aug25,0.65,50,9,ALL,0.0,1.0,42,1343,0.6947,90.5,121547.0,0.3496,0.3452,7.34,0.0,inf,1055.3,37073.5,9,1.0,0.868,0.903,0.755,40
Jul-Aug25,0.65,50,9,ALL,0.0,0.5,42,323,0.3498,353.38,114141.0,0.3496,0.0003,6.58,0.0,1476.57,-77.4,37550.8,9,0.889,0.9,0.92,0.8102,35
Jul-Aug25,0.65,50,9,ALL,0.0,0.7,42,673,0.4993,171.68,115539.0,0.3496,0.1497,6.77,0.0,inf,532.1,37069.6,9,1.0,0.884,0.908,0.782,39
Jul-Aug25,0.65,50,9,ALL,0.3,0.8,42,756,0.6772,10.34,7814.0,0.3496,0.3277,4.17,535.7,15.59,-535.7,4271.0,9,0.889,0.116,0.322,0.0582,40
Jul-Aug25,0.65,50,9,NO,0.0,1.0,42,754,0.7387,114.24,86137.0,0.437,0.3017,7.03,507.0,170.9,-507.0,27749.5,9,0.889,0.882,0.911,0.779,40
Jul-Aug25,0.65,50,9,NO,0.0,0.5,42,141,0.3688,568.59,80171.0,0.437,-0.0682,6.14,726.4,111.37,-715.0,28432.6,9,0.778,0.929,0.941,0.8637,27
Jul-Aug25,0.65,50,9,NO,0.0,0.7,42,341,0.5396,239.98,81833.0,0.437,0.1026,6.35,771.1,92.67,-622.6,28002.6,9,0.667,0.908,0.926,0.8252,32
Jul-Aug25,0.65,50,9,NO,0.3,0.8,42,432,0.6944,11.38,4917.0,0.437,0.2574,2.47,1197.0,3.43,-1019.2,4251.6,9,0.556,0.149,0.376,0.0711,36
Jul-Aug25,0.65,50,9,YES,0.0,1.0,42,589,0.6384,60.12,35410.0,0.2879,0.3505,4.67,820.5,17.14,-1373.6,15963.1,9,0.667,0.75,0.794,0.5661,37
Jul-Aug25,0.65,50,9,YES,0.0,0.5,42,182,0.3352,186.65,33970.0,0.2879,0.0473,4.56,581.0,19.13,-1292.3,15743.9,9,0.667,0.796,0.843,0.6375,28
Jul-Aug25,0.65,50,9,YES,0.0,0.7,42,332,0.4578,101.52,33706.0,0.2879,0.1699,4.54,726.1,17.15,-1361.4,15758.9,9,0.667,0.779,0.819,0.6104,34
Jul-Aug25,0.65,50,9,YES,0.3,0.8,42,324,0.6543,8.94,2897.0,0.2879,0.3664,6.53,440.6,7.57,-440.6,700.0,9,0.889,0.105,0.305,0.0583,37
Jul-Aug25,0.7,10,3,ALL,0.0,1.0,546,4799,0.7368,18.86,90494.0,0.3496,0.3873,3.14,1663.1,42.62,-1046.7,70870.1,9,0.667,0.463,0.512,0.2181,306
Jul-Aug25,0.7,10,3,ALL,0.0,0.5,546,854,0.3267,70.09,59853.0,0.3496,-0.0229,1.99,10740.9,5.03,-3717.2,70716.1,9,0.333,0.596,0.615,0.358,178
Jul-Aug25,0.7,10,3,ALL,0.0,0.7,546,1918,0.5136,35.44,67968.0,0.3496,0.164,2.3,7264.5,7.94,-2522.7,70370.0,9,0.444,0.526,0.558,0.2797,246
Jul-Aug25,0.7,10,3,ALL,0.3,0.8,546,2483,0.6867,8.67,21524.0,0.3496,0.3371,5.11,1204.5,18.87,-1204.5,9831.1,9,0.889,0.053,0.137,0.0138,254
Jul-Aug25,0.7,10,3,NO,0.0,1.0,546,2474,0.7858,36.88,91237.0,0.437,0.3488,3.22,1648.3,49.62,-1271.7,69367.4,9,0.667,0.592,0.628,0.3524,252
Jul-Aug25,0.7,10,3,NO,0.0,0.5,546,289,0.4464,257.22,74337.0,0.437,0.0093,2.59,1822.0,29.97,-946.2,69418.4,9,0.556,0.764,0.781,0.5845,101
Jul-Aug25,0.7,10,3,NO,0.0,0.7,546,835,0.5784,92.68,77387.0,0.437,0.1414,2.73,1505.7,23.81,-973.2,68803.4,9,0.556,0.673,0.697,0.4535,181
Jul-Aug25,0.7,10,3,NO,0.3,0.8,546,1244,0.7162,11.6,14426.0,0.437,0.2792,3.5,911.9,13.73,-460.9,9369.8,9,0.556,0.055,0.127,0.0136,193
Jul-Aug25,0.7,10,3,YES,0.0,1.0,546,2325,0.6847,-0.32,-744.0,0.2879,0.3968,-0.26,4686.7,0.9,-4447.0,2662.8,9,0.556,0.039,0.088,0.0168,247
Jul-Aug25,0.7,10,3,YES,0.0,0.5,546,565,0.2655,-25.64,-14484.0,0.2879,-0.0224,-4.77,12171.2,0.16,-5148.0,1537.2,9,0.222,0.029,0.069,0.0277,155
Jul-Aug25,0.7,10,3,YES,0.0,0.7,546,1083,0.4635,-8.7,-9419.0,0.2879,0.1756,-3.36,8350.5,0.28,-4547.6,1726.0,9,0.333,0.027,0.075,0.0214,202
Jul-Aug25,0.7,10,3,YES,0.3,0.8,546,1239,0.657,5.73,7098.0,0.2879,0.3691,5.57,1143.6,7.21,-1143.6,2455.6,9,0.889,0.046,0.104,0.014,208
Jul-Aug25,0.7,10,6,ALL,0.0,1.0,91,2251,0.7552,4.66,10491.0,0.3496,0.4057,4.12,378.1,16.78,-378.1,5958.5,9,0.778,0.087,0.216,0.0328,81
Jul-Aug25,0.7,10,6,ALL,0.0,0.5,91,331,0.3807,1.41,467.0,0.3496,0.0311,0.67,1161.2,1.29,-1161.2,771.9,9,0.667,0.061,0.168,0.0382,53
Jul-Aug25,0.7,10,6,ALL,0.0,0.7,91,797,0.5257,1.22,975.0,0.3496,0.1762,0.92,1902.7,1.43,-1148.2,1773.4,9,0.444,0.066,0.175,0.0343,72
Jul-Aug25,0.7,10,6,ALL,0.3,0.8,91,1088,0.6719,7.0,7621.0,0.3496,0.3223,3.51,1076.2,5.89,-1003.6,4344.6,9,0.667,0.089,0.205,0.0344,76
Jul-Aug25,0.7,10,6,NO,0.0,1.0,91,1228,0.7858,6.82,8380.0,0.437,0.3488,2.7,1198.5,4.71,-611.9,6538.4,9,0.444,0.078,0.19,0.0306,75
Jul-Aug25,0.7,10,6,NO,0.0,0.5,91,145,0.4552,12.58,1825.0,0.437,0.0182,2.03,894.5,2.23,-894.5,1435.7,9,0.667,0.064,0.188,0.0409,36
Jul-Aug25,0.7,10,6,NO,0.0,0.7,91,392,0.5536,4.23,1659.0,0.437,0.1166,1.1,2254.4,1.53,-1071.9,2636.6,9,0.444,0.06,0.143,0.0296,60
Jul-Aug25,0.7,10,6,NO,0.3,0.8,91,585,0.6872,9.21,5388.0,0.437,0.2502,2.46,1733.4,2.88,-687.0,4075.1,9,0.444,0.082,0.227,0.0341,65
Jul-Aug25,0.7,10,6,YES,0.0,1.0,91,1023,0.7185,2.06,2111.0,0.2879,0.4306,2.38,714.3,2.22,-714.3,1239.4,9,0.667,0.072,0.197,0.0357,73
Jul-Aug25,0.7,10,6,YES,0.0,0.5,91,186,0.3226,-7.3,-1358.0,0.2879,0.0347,-1.71,1508.2,0.57,-1062.7,623.8,9,0.444,0.077,0.177,0.0613,44
Jul-Aug25,0.7,10,6,YES,0.0,0.7,91,405,0.4988,-1.69,-684.0,0.2879,0.2109,-0.88,929.3,0.75,-929.3,567.8,9,0.556,0.076,0.189,0.0555,59
Jul-Aug25,0.7,10,6,YES,0.3,0.8,91,503,0.6541,4.44,2233.0,0.2879,0.3662,3.85,610.6,4.66,-610.6,996.4,9,0.889,0.076,0.179,0.0516,66
Jul-Aug25,0.7,10,9,ALL,0.0,1.0,26,758,0.7441,4.25,3224.0,0.3496,0.3945,1.83,1736.1,2.18,-1200.7,3464.9,9,0.556,0.266,0.382,0.1116,25
Jul-Aug25,0.7,10,9,ALL,0.0,0.5,26,112,0.375,0.55,62.0,0.3496,0.0254,0.08,1625.5,1.03,-877.8,810.7,9,0.444,0.119,0.296,0.0884,20
Jul-Aug25,0.7,10,9,ALL,0.0,0.7,26,295,0.522,-1.11,-329.0,0.3496,0.1725,-0.37,2174.2,0.86,-1001.7,1435.6,9,0.444,0.191,0.308,0.0902,24
Jul-Aug25,0.7,10,9,ALL,0.3,0.8,26,409,0.6797,6.08,2485.0,0.3496,0.3301,2.0,1244.7,2.33,-499.7,2292.0,9,0.444,0.26,0.431,0.1087,25
Jul-Aug25,0.7,10,9,NO,0.0,1.0,26,459,0.78,6.69,3071.0,0.437,0.3429,1.73,1511.7,2.38,-950.1,3632.6,9,0.222,0.213,0.411,0.0913,25
Jul-Aug25,0.7,10,9,NO,0.0,0.5,26,54,0.3704,-2.41,-130.0,0.437,-0.0667,-0.24,953.4,0.92,-700.0,823.3,9,0.444,0.152,0.332,0.1099,14
Jul-Aug25,0.7,10,9,NO,0.0,0.7,26,160,0.5375,-0.5,-80.0,0.437,0.1005,-0.09,1630.5,0.96,-1052.8,1550.3,9,0.222,0.118,0.287,0.0974,19
Jul-Aug25,0.7,10,9,NO,0.3,0.8,26,246,0.6951,7.31,1798.0,0.437,0.2581,1.46,1501.2,1.85,-809.7,2259.3,9,0.444,0.229,0.471,0.109,21
Jul-Aug25,0.7,10,9,YES,0.0,1.0,26,299,0.689,0.51,152.0,0.2879,0.4011,0.24,1322.9,1.09,-897.2,738.1,9,0.556,0.178,0.311,0.0884,24
Jul-Aug25,0.7,10,9,YES,0.0,0.5,26,58,0.3793,3.31,192.0,0.2879,0.0914,0.37,1112.7,1.14,-493.3,675.5,9,0.444,0.163,0.31,0.1079,16
Jul-Aug25,0.7,10,9,YES,0.0,0.7,26,135,0.5037,-1.84,-248.0,0.2879,0.2158,-0.44,1285.1,0.86,-680.7,583.1,9,0.556,0.206,0.345,0.0955,22
Jul-Aug25,0.7,10,9,YES,0.3,0.8,26,163,0.6564,4.21,687.0,0.2879,0.3685,3.26,172.9,3.08,-172.9,310.0,9,0.778,0.204,0.395,0.0963,24
Jul-Aug25,0.7,30,3,ALL,0.0,1.0,231,3996,0.7535,21.78,87031.0,0.3496,0.4039,3.03,350.7,249.19,-350.7,70540.5,9,0.889,0.549,0.608,0.3071,159
Jul-Aug25,0.7,30,3,ALL,0.0,0.5,231,597,0.3132,99.95,59667.0,0.3496,-0.0363,2.0,8331.7,6.49,-2444.4,70443.5,9,0.222,0.688,0.71,0.4768,100
Jul-Aug25,0.7,30,3,ALL,0.0,0.7,231,1494,0.5295,45.34,67741.0,0.3496,0.1799,2.3,5058.7,14.2,-2239.3,70482.6,9,0.333,0.622,0.661,0.3911,136
Jul-Aug25,0.7,30,3,ALL,0.3,0.8,231,1992,0.6968,9.2,18335.0,0.3496,0.3472,5.72,170.2,108.76,-170.2,8054.2,9,0.889,0.074,0.191,0.0237,142
Jul-Aug25,0.7,30,3,NO,0.0,1.0,231,2079,0.7903,40.98,85199.0,0.437,0.3533,3.01,565.4,115.14,-565.4,69224.3,9,0.667,0.686,0.727,0.4723,143
Jul-Aug25,0.7,30,3,NO,0.0,0.5,231,241,0.4108,287.31,69241.0,0.437,-0.0262,2.4,2171.4,20.88,-1031.4,69290.5,9,0.444,0.843,0.859,0.7117,69
Jul-Aug25,0.7,30,3,NO,0.0,0.7,231,693,0.5758,105.13,72852.0,0.437,0.1387,2.55,2035.7,25.81,-1012.4,68975.5,9,0.444,0.766,0.792,0.5871,112
Jul-Aug25,0.7,30,3,NO,0.3,0.8,231,1027,0.7147,11.65,11960.0,0.437,0.2777,3.81,600.4,20.22,-600.4,7240.2,9,0.778,0.077,0.177,0.0225,118
Jul-Aug25,0.7,30,3,YES,0.0,1.0,231,1917,0.7136,0.96,1832.0,0.2879,0.4257,1.02,2224.4,1.38,-2224.4,1765.4,9,0.667,0.054,0.123,0.0296,139
Jul-Aug25,0.7,30,3,YES,0.0,0.5,231,356,0.2472,-26.89,-9573.0,0.2879,-0.0407,-4.89,7136.2,0.16,-3659.0,1153.0,9,0.222,0.044,0.103,0.0553,83
Jul-Aug25,0.7,30,3,YES,0.0,0.7,231,801,0.4894,-6.38,-5111.0,0.2879,0.2015,-2.74,4719.0,0.33,-2706.7,1507.1,9,0.333,0.04,0.109,0.0405,117
Jul-Aug25,0.7,30,3,YES,0.3,0.8,231,965,0.6777,6.61,6375.0,0.2879,0.3898,10.27,336.8,19.93,-336.8,1544.2,9,0.889,0.066,0.149,0.0252,123
Jul-Aug25,0.7,30,6,ALL,0.0,1.0,87,2248,0.7549,4.62,10379.0,0.3496,0.4053,4.08,378.1,16.61,-378.1,5958.5,9,0.778,0.087,0.217,0.0331,79
Jul-Aug25,0.7,30,6,ALL,0.0,0.5,87,331,0.3807,1.41,467.0,0.3496,0.0311,0.67,1161.2,1.29,-1161.2,771.9,9,0.667,0.061,0.168,0.0382,53
Jul-Aug25,0.7,30,6,ALL,0.0,0.7,87,796,0.5251,1.14,911.0,0.3496,0.1756,0.87,1902.7,1.4,-1148.2,1773.4,9,0.444,0.066,0.175,0.0345,71
Jul-Aug25,0.7,30,6,ALL,0.3,0.8,87,1086,0.6713,6.93,7524.0,0.3496,0.3217,3.48,1076.2,5.83,-1003.6,4344.6,9,0.667,0.09,0.206,0.0348,75
Jul-Aug25,0.7,30,6,NO,0.0,1.0,87,1227,0.7857,6.78,8316.0,0.437,0.3486,2.68,1198.5,4.68,-611.9,6538.4,9,0.444,0.079,0.191,0.0309,74
Jul-Aug25,0.7,30,6,NO,0.0,0.5,87,145,0.4552,12.58,1825.0,0.437,0.0182,2.03,894.5,2.23,-894.5,1435.7,9,0.667,0.064,0.188,0.0409,36
Jul-Aug25,0.7,30,6,NO,0.0,0.7,87,391,0.5524,4.08,1595.0,0.437,0.1154,1.06,2254.4,1.51,-1071.9,2636.6,9,0.444,0.061,0.144,0.03,59
Jul-Aug25,0.7,30,6,NO,0.3,0.8,87,584,0.6866,9.12,5324.0,0.437,0.2496,2.45,1733.4,2.86,-687.0,4075.1,9,0.444,0.082,0.228,0.0345,64
Jul-Aug25,0.7,30,6,YES,0.0,1.0,87,1021,0.7179,2.02,2063.0,0.2879,0.43,2.34,714.3,2.19,-714.3,1239.4,9,0.667,0.072,0.198,0.0359,71
Jul-Aug25,0.7,30,6,YES,0.0,0.5,87,186,0.3226,-7.3,-1358.0,0.2879,0.0347,-1.71,1508.2,0.57,-1062.7,623.8,9,0.444,0.077,0.177,0.0613,44
Jul-Aug25,0.7,30,6,YES,0.0,0.7,87,405,0.4988,-1.69,-684.0,0.2879,0.2109,-0.88,929.3,0.75,-929.3,567.8,9,0.556,0.076,0.189,0.0555,59
Jul-Aug25,0.7,30,6,YES,0.3,0.8,87,502,0.6534,4.38,2200.0,0.2879,0.3655,3.85,610.6,4.6,-610.6,963.1,9,0.889,0.076,0.18,0.0519,65
Jul-Aug25,0.7,30,9,ALL,0.0,1.0,26,758,0.7441,4.25,3224.0,0.3496,0.3945,1.83,1736.1,2.18,-1200.7,3464.9,9,0.556,0.266,0.382,0.1116,25
Jul-Aug25,0.7,30,9,ALL,0.0,0.5,26,112,0.375,0.55,62.0,0.3496,0.0254,0.08,1625.5,1.03,-877.8,810.7,9,0.444,0.119,0.296,0.0884,20
Jul-Aug25,0.7,30,9,ALL,0.0,0.7,26,295,0.522,-1.11,-329.0,0.3496,0.1725,-0.37,2174.2,0.86,-1001.7,1435.6,9,0.444,0.191,0.308,0.0902,24
Jul-Aug25,0.7,30,9,ALL,0.3,0.8,26,409,0.6797,6.08,2485.0,0.3496,0.3301,2.0,1244.7,2.33,-499.7,2292.0,9,0.444,0.26,0.431,0.1087,25
Jul-Aug25,0.7,30,9,NO,0.0,1.0,26,459,0.78,6.69,3071.0,0.437,0.3429,1.73,1511.7,2.38,-950.1,3632.6,9,0.222,0.213,0.411,0.0913,25
Jul-Aug25,0.7,30,9,NO,0.0,0.5,26,54,0.3704,-2.41,-130.0,0.437,-0.0667,-0.24,953.4,0.92,-700.0,823.3,9,0.444,0.152,0.332,0.1099,14
Jul-Aug25,0.7,30,9,NO,0.0,0.7,26,160,0.5375,-0.5,-80.0,0.437,0.1005,-0.09,1630.5,0.96,-1052.8,1550.3,9,0.222,0.118,0.287,0.0974,19
Jul-Aug25,0.7,30,9,NO,0.3,0.8,26,246,0.6951,7.31,1798.0,0.437,0.2581,1.46,1501.2,1.85,-809.7,2259.3,9,0.444,0.229,0.471,0.109,21
Jul-Aug25,0.7,30,9,YES,0.0,1.0,26,299,0.689,0.51,152.0,0.2879,0.4011,0.24,1322.9,1.09,-897.2,738.1,9,0.556,0.178,0.311,0.0884,24
Jul-Aug25,0.7,30,9,YES,0.0,0.5,26,58,0.3793,3.31,192.0,0.2879,0.0914,0.37,1112.7,1.14,-493.3,675.5,9,0.444,0.163,0.31,0.1079,16
Jul-Aug25,0.7,30,9,YES,0.0,0.7,26,135,0.5037,-1.84,-248.0,0.2879,0.2158,-0.44,1285.1,0.86,-680.7,583.1,9,0.556,0.206,0.345,0.0955,22
Jul-Aug25,0.7,30,9,YES,0.3,0.8,26,163,0.6564,4.21,687.0,0.2879,0.3685,3.26,172.9,3.08,-172.9,310.0,9,0.778,0.204,0.395,0.0963,24
Jul-Aug25,0.7,50,3,ALL,0.0,1.0,135,3400,0.7568,25.25,85840.0,0.3496,0.4072,2.97,781.9,110.78,-781.9,70920.2,9,0.889,0.596,0.66,0.3613,106
Jul-Aug25,0.7,50,3,ALL,0.0,0.5,135,503,0.3201,121.82,61274.0,0.3496,-0.0295,2.06,6456.1,7.79,-2568.6,70298.7,9,0.111,0.738,0.762,0.5488,71
Jul-Aug25,0.7,50,3,ALL,0.0,0.7,135,1271,0.5397,54.41,69150.0,0.3496,0.1902,2.34,5154.1,14.42,-2233.7,70673.9,9,0.444,0.671,0.713,0.4551,95
Jul-Aug25,0.7,50,3,ALL,0.3,0.8,135,1722,0.7062,10.33,17781.0,0.3496,0.3566,5.91,213.3,84.36,-213.3,7554.6,9,0.889,0.088,0.229,0.0324,97
Jul-Aug25,0.7,50,3,NO,0.0,1.0,135,1810,0.795,46.71,84551.0,0.437,0.358,2.96,686.9,80.78,-686.9,69761.8,9,0.778,0.725,0.769,0.5277,101
Jul-Aug25,0.7,50,3,NO,0.0,0.5,135,210,0.4238,332.53,69830.0,0.437,-0.0132,2.42,1624.9,28.11,-931.4,69490.5,9,0.444,0.876,0.893,0.7687,50
Jul-Aug25,0.7,50,3,NO,0.0,0.7,135,601,0.5874,122.24,73465.0,0.437,0.1503,2.56,2222.5,25.57,-1132.1,69405.0,9,0.444,0.804,0.832,0.6478,82
Jul-Aug25,0.7,50,3,NO,0.3,0.8,135,903,0.7243,12.82,11577.0,0.437,0.2872,3.96,575.2,21.13,-465.7,6868.7,9,0.778,0.094,0.217,0.0316,84
Jul-Aug25,0.7,50,3,YES,0.0,1.0,135,1590,0.7132,0.81,1289.0,0.2879,0.4253,0.7,2070.3,1.25,-2070.3,1877.4,9,0.667,0.067,0.153,0.0425,96
Jul-Aug25,0.7,50,3,YES,0.0,0.5,135,293,0.2457,-29.2,-8556.0,0.2879,-0.0422,-4.27,6724.1,0.19,-3739.3,808.2,9,0.444,0.044,0.102,0.0833,61
Jul-Aug25,0.7,50,3,YES,0.0,0.7,135,670,0.497,-6.44,-4314.0,0.2879,0.2091,-2.2,4737.2,0.43,-2871.3,1268.9,9,0.333,0.05,0.133,0.059,83
Jul-Aug25,0.7,50,3,YES,0.3,0.8,135,819,0.6862,7.58,6205.0,0.2879,0.3983,8.05,537.9,12.53,-537.9,1518.5,9,0.889,0.08,0.18,0.0349,88
Jul-Aug25,0.7,50,6,ALL,0.0,1.0,71,2132,0.7608,4.85,10339.0,0.3496,0.4112,4.08,581.0,15.13,-581.0,6091.5,9,0.778,0.095,0.237,0.038,65
Jul-Aug25,0.7,50,6,ALL,0.0,0.5,71,303,0.3729,0.85,256.0,0.3496,0.0234,0.43,1088.7,1.19,-742.1,971.9,9,0.556,0.069,0.186,0.0444,46
Jul-Aug25,0.7,50,6,ALL,0.0,0.7,71,725,0.5269,1.61,1166.0,0.3496,0.1773,0.92,2770.4,1.42,-1436.1,2073.4,9,0.556,0.074,0.195,0.0404,61
Jul-Aug25,0.7,50,6,ALL,0.3,0.8,71,1000,0.678,7.3,7301.0,0.3496,0.3284,3.33,1529.7,5.46,-1191.5,4537.7,9,0.556,0.099,0.227,0.0405,62
Jul-Aug25,0.7,50,6,NO,0.0,1.0,71,1162,0.79,6.91,8026.0,0.437,0.353,2.68,1324.1,5.31,-647.0,6510.3,9,0.444,0.085,0.206,0.0348,63
Jul-Aug25,0.7,50,6,NO,0.0,0.5,71,136,0.4485,11.6,1577.0,0.437,0.0115,1.81,894.5,2.05,-894.5,1435.7,9,0.667,0.07,0.203,0.0455,32
Jul-Aug25,0.7,50,6,NO,0.0,0.7,71,359,0.5515,3.99,1434.0,0.437,0.1145,0.94,2559.5,1.47,-1071.9,2836.6,9,0.333,0.067,0.159,0.0346,52
Jul-Aug25,0.7,50,6,NO,0.3,0.8,71,539,0.692,9.54,5143.0,0.437,0.255,2.4,1907.0,2.95,-688.5,4207.1,9,0.444,0.091,0.251,0.0401,54
Jul-Aug25,0.7,50,6,YES,0.0,1.0,71,970,0.7258,2.38,2313.0,0.2879,0.4379,2.74,734.8,2.42,-734.8,1141.3,9,0.667,0.078,0.214,0.0409,60
Jul-Aug25,0.7,50,6,YES,0.0,0.5,71,167,0.3114,-7.91,-1321.0,0.2879,0.0235,-1.8,1469.5,0.52,-1062.7,723.8,9,0.556,0.086,0.197,0.0732,38
Jul-Aug25,0.7,50,6,YES,0.0,0.7,71,366,0.5027,-0.73,-268.0,0.2879,0.2148,-0.34,1140.1,0.89,-929.3,692.1,9,0.667,0.084,0.211,0.066,51
Jul-Aug25,0.7,50,6,YES,0.3,0.8,71,461,0.6616,4.68,2158.0,0.2879,0.3737,4.47,623.3,4.17,-623.3,589.7,9,0.778,0.083,0.196,0.0597,56
Jul-Aug25,0.7,50,9,ALL,0.0,1.0,26,758,0.7441,4.25,3224.0,0.3496,0.3945,1.83,1736.1,2.18,-1200.7,3464.9,9,0.556,0.266,0.382,0.1116,25
Jul-Aug25,0.7,50,9,ALL,0.0,0.5,26,112,0.375,0.55,62.0,0.3496,0.0254,0.08,1625.5,1.03,-877.8,810.7,9,0.444,0.119,0.296,0.0884,20
Jul-Aug25,0.7,50,9,ALL,0.0,0.7,26,295,0.522,-1.11,-329.0,0.3496,0.1725,-0.37,2174.2,0.86,-1001.7,1435.6,9,0.444,0.191,0.308,0.0902,24
Jul-Aug25,0.7,50,9,ALL,0.3,0.8,26,409,0.6797,6.08,2485.0,0.3496,0.3301,2.0,1244.7,2.33,-499.7,2292.0,9,0.444,0.26,0.431,0.1087,25
Jul-Aug25,0.7,50,9,NO,0.0,1.0,26,459,0.78,6.69,3071.0,0.437,0.3429,1.73,1511.7,2.38,-950.1,3632.6,9,0.222,0.213,0.411,0.0913,25
Jul-Aug25,0.7,50,9,NO,0.0,0.5,26,54,0.3704,-2.41,-130.0,0.437,-0.0667,-0.24,953.4,0.92,-700.0,823.3,9,0.444,0.152,0.332,0.1099,14
Jul-Aug25,0.7,50,9,NO,0.0,0.7,26,160,0.5375,-0.5,-80.0,0.437,0.1005,-0.09,1630.5,0.96,-1052.8,1550.3,9,0.222,0.118,0.287,0.0974,19
Jul-Aug25,0.7,50,9,NO,0.3,0.8,26,246,0.6951,7.31,1798.0,0.437,0.2581,1.46,1501.2,1.85,-809.7,2259.3,9,0.444,0.229,0.471,0.109,21
Jul-Aug25,0.7,50,9,YES,0.0,1.0,26,299,0.689,0.51,152.0,0.2879,0.4011,0.24,1322.9,1.09,-897.2,738.1,9,0.556,0.178,0.311,0.0884,24
Jul-Aug25,0.7,50,9,YES,0.0,0.5,26,58,0.3793,3.31,192.0,0.2879,0.0914,0.37,1112.7,1.14,-493.3,675.5,9,0.444,0.163,0.31,0.1079,16
Jul-Aug25,0.7,50,9,YES,0.0,0.7,26,135,0.5037,-1.84,-248.0,0.2879,0.2158,-0.44,1285.1,0.86,-680.7,583.1,9,0.556,0.206,0.345,0.0955,22
Jul-Aug25,0.7,50,9,YES,0.3,0.8,26,163,0.6564,4.21,687.0,0.2879,0.3685,3.26,172.9,3.08,-172.9,310.0,9,0.778,0.204,0.395,0.0963,24
Jul-Aug25,0.75,10,3,ALL,0.0,1.0,334,3007,0.7665,29.46,88598.0,0.3496,0.417,3.07,1104.9,81.19,-1104.9,71133.8,9,0.889,0.586,0.641,0.3473,196
Jul-Aug25,0.75,10,3,ALL,0.0,0.5,334,467,0.3619,145.28,67844.0,0.3496,0.0123,2.29,4536.4,11.69,-2480.7,70717.4,9,0.333,0.728,0.747,0.5308,112
Jul-Aug25,0.75,10,3,ALL,0.0,0.7,334,1054,0.537,69.53,73282.0,0.3496,0.1874,2.5,2648.4,20.84,-1478.1,70546.9,9,0.556,0.66,0.684,0.4374,156
Jul-Aug25,0.75,10,3,ALL,0.3,0.8,334,1442,0.6921,8.99,12967.0,0.3496,0.3425,4.92,1704.1,8.61,-1216.2,5426.6,9,0.778,0.086,0.169,0.0212,161
Jul-Aug25,0.75,10,3,NO,0.0,1.0,334,1542,0.8178,55.51,85597.0,0.437,0.3807,2.98,756.8,114.1,-663.2,70341.6,9,0.778,0.704,0.74,0.497,162
Jul-Aug25,0.75,10,3,NO,0.0,0.5,334,156,0.5128,472.31,73680.0,0.437,0.0758,2.55,764.1,85.61,-552.4,69857.2,9,0.556,0.859,0.875,0.739,63
Jul-Aug25,0.75,10,3,NO,0.0,0.7,334,448,0.6116,169.35,75867.0,0.437,0.1746,2.64,720.4,65.12,-720.4,69672.8,9,0.778,0.79,0.806,0.6249,111
Jul-Aug25,0.75,10,3,NO,0.3,0.8,334,683,0.7291,13.94,9523.0,0.437,0.2921,3.64,921.4,7.01,-921.4,5878.3,9,0.667,0.072,0.16,0.0199,122
Jul-Aug25,0.75,10,3,YES,0.0,1.0,334,1465,0.7126,2.05,3001.0,0.2879,0.4247,1.38,2631.5,1.68,-2189.7,3709.6,9,0.667,0.065,0.139,0.0196,157
Jul-Aug25,0.75,10,3,YES,0.0,0.5,334,311,0.2862,-18.77,-5836.0,0.2879,-0.0017,-3.06,5579.2,0.33,-3068.7,1951.8,9,0.333,0.051,0.119,0.0273,95
Jul-Aug25,0.75,10,3,YES,0.0,0.7,334,606,0.4818,-4.27,-2585.0,0.2879,0.1939,-1.3,3097.7,0.6,-2939.1,2578.0,9,0.444,0.043,0.124,0.0245,125
Jul-Aug25,0.75,10,3,YES,0.3,0.8,334,759,0.6588,4.54,3444.0,0.2879,0.3709,2.34,1546.2,2.72,-748.9,3053.2,9,0.556,0.073,0.129,0.0238,130
Jul-Aug25,0.75,10,6,ALL,0.0,1.0,58,1440,0.759,4.18,6017.0,0.3496,0.4095,4.18,379.6,7.11,-379.6,3220.1,9,0.667,0.121,0.258,0.0484,53
Jul-Aug25,0.75,10,6,ALL,0.0,0.5,58,214,0.3692,-1.06,-228.0,0.3496,0.0196,-0.51,1185.7,0.84,-478.2,532.7,9,0.444,0.097,0.26,0.0725,32
Jul-Aug25,0.75,10,6,ALL,0.0,0.7,58,477,0.5262,2.45,1168.0,0.3496,0.1766,1.26,1679.0,1.55,-750.1,1156.5,9,0.444,0.098,0.26,0.0592,46
Jul-Aug25,0.75,10,6,ALL,0.3,0.8,58,642,0.6604,5.88,3773.0,0.3496,0.3109,3.05,839.1,3.2,-839.1,2168.1,9,0.667,0.122,0.233,0.0531,49
Jul-Aug25,0.75,10,6,NO,0.0,1.0,58,782,0.8043,7.26,5680.0,0.437,0.3673,3.08,688.3,4.94,-604.0,3970.5,9,0.556,0.128,0.263,0.0485,48
Jul-Aug25,0.75,10,6,NO,0.0,0.5,58,89,0.4831,14.97,1332.0,0.437,0.0461,2.3,520.8,2.27,-477.8,895.3,9,0.556,0.14,0.346,0.0677,22
Jul-Aug25,0.75,10,6,NO,0.0,0.7,58,223,0.565,6.55,1460.0,0.437,0.128,1.46,1150.1,1.82,-978.7,1764.4,9,0.556,0.112,0.254,0.049,37
Jul-Aug25,0.75,10,6,NO,0.3,0.8,58,325,0.6769,9.87,3207.0,0.437,0.2399,2.47,719.7,2.97,-719.7,2492.8,9,0.556,0.135,0.279,0.0496,41
Jul-Aug25,0.75,10,6,YES,0.0,1.0,58,658,0.7052,0.51,337.0,0.2879,0.4173,0.36,732.2,1.13,-750.4,1493.4,9,0.556,0.101,0.217,0.0549,47
Jul-Aug25,0.75,10,6,YES,0.0,0.5,58,125,0.288,-12.48,-1560.0,0.2879,0.0001,-2.77,1950.7,0.4,-785.0,448.2,9,0.333,0.103,0.236,0.1011,26
Jul-Aug25,0.75,10,6,YES,0.0,0.7,58,254,0.4921,-1.15,-292.0,0.2879,0.2042,-0.37,1167.0,0.88,-770.0,1149.2,9,0.556,0.099,0.248,0.088,37
Jul-Aug25,0.75,10,6,YES,0.3,0.8,58,317,0.6435,1.78,566.0,0.2879,0.3556,0.82,793.2,1.38,-793.2,1131.6,9,0.556,0.077,0.198,0.0828,42
Jul-Aug25,0.75,10,9,ALL,0.0,1.0,18,414,0.7754,4.05,1678.0,0.3496,0.4258,1.76,1200.1,2.1,-546.2,1625.4,9,0.333,0.344,0.435,0.1707,17
Jul-Aug25,0.75,10,9,ALL,0.0,0.5,18,51,0.3725,-5.58,-285.0,0.3496,0.023,-0.56,1177.1,0.81,-800.0,685.4,9,0.556,0.19,0.348,0.1548,13
Jul-Aug25,0.75,10,9,ALL,0.0,0.7,18,124,0.5484,2.95,365.0,0.3496,0.1988,0.63,987.5,1.26,-450.1,1015.6,9,0.444,0.285,0.418,0.1463,16
Jul-Aug25,0.75,10,9,ALL,0.3,0.8,18,186,0.6882,8.13,1513.0,0.3496,0.3386,2.27,606.7,2.43,-606.7,988.7,9,0.556,0.4,0.526,0.2008,17
Jul-Aug25,0.75,10,9,NO,0.0,1.0,18,274,0.8175,7.26,1990.0,0.437,0.3805,1.8,1052.3,2.22,-456.4,2185.6,9,0.333,0.35,0.523,0.1663,17
Jul-Aug25,0.75,10,9,NO,0.0,0.5,18,24,0.4167,-0.15,-4.0,0.437,-0.0204,-0.01,777.2,1.0,-300.0,546.7,9,0.444,0.2,0.431,0.1528,8
Jul-Aug25,0.75,10,9,NO,0.0,0.7,18,72,0.5833,5.62,405.0,0.437,0.1463,0.64,999.6,1.26,-519.2,1112.8,9,0.444,0.268,0.479,0.1383,12
Jul-Aug25,0.75,10,9,NO,0.3,0.8,18,119,0.7059,10.89,1296.0,0.437,0.2689,1.68,582.2,1.98,-582.2,1418.7,9,0.444,0.38,0.565,0.1843,14
Jul-Aug25,0.75,10,9,YES,0.0,1.0,18,140,0.6929,-2.23,-312.0,0.2879,0.405,-0.91,484.8,0.71,-560.3,262.3,9,0.556,0.242,0.386,0.1397,16
Jul-Aug25,0.75,10,9,YES,0.0,0.5,18,27,0.3333,-10.42,-281.0,0.2879,0.0454,-1.12,593.3,0.64,-500.0,230.0,8,0.375,0.215,0.411,0.1678,10
Jul-Aug25,0.75,10,9,YES,0.0,0.7,18,52,0.5,-0.76,-40.0,0.2879,0.2121,-0.16,405.9,0.94,-405.9,322.9,8,0.5,0.258,0.433,0.137,15
Jul-Aug25,0.75,10,9,YES,0.3,0.8,18,67,0.6567,3.23,216.0,0.2879,0.3688,0.69,103.5,1.32,-473.3,427.1,9,0.556,0.266,0.399,0.1298,16
Jul-Aug25,0.75,30,3,ALL,0.0,1.0,126,2481,0.7852,34.03,84435.0,0.3496,0.4356,2.93,176.9,478.41,-176.9,70717.0,9,0.889,0.682,0.746,0.4684,96
Jul-Aug25,0.75,30,3,ALL,0.0,0.5,126,300,0.35,221.48,66443.0,0.3496,0.0004,2.25,2569.7,14.01,-1461.5,70367.0,9,0.333,0.822,0.844,0.6773,59
Jul-Aug25,0.75,30,3,ALL,0.0,0.7,126,793,0.5612,90.83,72025.0,0.3496,0.2116,2.46,1920.7,29.21,-1041.8,70598.1,9,0.667,0.759,0.787,0.5786,81
Jul-Aug25,0.75,30,3,ALL,0.3,0.8,126,1127,0.6983,8.58,9674.0,0.3496,0.3488,5.14,393.5,14.66,-393.5,4260.6,9,0.778,0.128,0.245,0.0394,85
Jul-Aug25,0.75,30,3,NO,0.0,1.0,126,1287,0.8205,62.16,79997.0,0.437,0.3835,2.78,710.1,78.36,-710.1,69998.4,9,0.778,0.79,0.831,0.6259,87
Jul-Aug25,0.75,30,3,NO,0.0,0.5,126,125,0.456,554.44,69305.0,0.437,0.019,2.39,1413.5,29.29,-976.8,69629.4,9,0.556,0.926,0.936,0.8575,40
Jul-Aug25,0.75,30,3,NO,0.0,0.7,126,366,0.6038,196.09,71770.0,0.437,0.1668,2.48,1409.6,32.83,-1207.1,69744.9,9,0.556,0.872,0.888,0.761,65
Jul-Aug25,0.75,30,3,NO,0.3,0.8,126,550,0.7182,12.57,6914.0,0.437,0.2812,3.56,647.6,6.5,-647.6,4375.0,9,0.778,0.105,0.23,0.0331,72
Jul-Aug25,0.75,30,3,YES,0.0,1.0,126,1194,0.7471,3.72,4438.0,0.2879,0.4592,3.65,503.1,3.56,-825.9,2196.3,9,0.667,0.095,0.205,0.0352,83
Jul-Aug25,0.75,30,3,YES,0.0,0.5,126,175,0.2743,-16.35,-2862.0,0.2879,-0.0136,-2.64,2541.0,0.38,-2026.9,737.7,9,0.444,0.085,0.199,0.0539,48
Jul-Aug25,0.75,30,3,YES,0.0,0.7,126,427,0.5246,0.6,254.0,0.2879,0.2367,0.22,1079.1,1.08,-1637.3,1119.2,9,0.667,0.067,0.192,0.0462,69
Jul-Aug25,0.75,30,3,YES,0.3,0.8,126,577,0.6794,4.78,2760.0,0.2879,0.3915,3.21,619.1,3.65,-619.1,1653.0,9,0.556,0.107,0.191,0.0461,74
Jul-Aug25,0.75,30,6,ALL,0.0,1.0,56,1439,0.7589,4.17,6002.0,0.3496,0.4093,4.17,379.6,7.09,-379.6,3220.1,9,0.667,0.121,0.258,0.0484,52
Jul-Aug25,0.75,30,6,ALL,0.0,0.5,56,214,0.3692,-1.06,-228.0,0.3496,0.0196,-0.51,1185.7,0.84,-478.2,532.7,9,0.444,0.097,0.26,0.0725,32
Jul-Aug25,0.75,30,6,ALL,0.0,0.7,56,477,0.5262,2.45,1168.0,0.3496,0.1766,1.26,1679.0,1.55,-750.1,1156.5,9,0.444,0.098,0.26,0.0592,46
Jul-Aug25,0.75,30,6,ALL,0.3,0.8,56,642,0.6604,5.88,3773.0,0.3496,0.3109,3.05,839.1,3.2,-839.1,2168.1,9,0.667,0.122,0.233,0.0531,49
Jul-Aug25,0.75,30,6,NO,0.0,1.0,56,782,0.8043,7.26,5680.0,0.437,0.3673,3.08,688.3,4.94,-604.0,3970.5,9,0.556,0.128,0.263,0.0485,48
Jul-Aug25,0.75,30,6,NO,0.0,0.5,56,89,0.4831,14.97,1332.0,0.437,0.0461,2.3,520.8,2.27,-477.8,895.3,9,0.556,0.14,0.346,0.0677,22
Jul-Aug25,0.75,30,6,NO,0.0,0.7,56,223,0.565,6.55,1460.0,0.437,0.128,1.46,1150.1,1.82,-978.7,1764.4,9,0.556,0.112,0.254,0.049,37
Jul-Aug25,0.75,30,6,NO,0.3,0.8,56,325,0.6769,9.87,3207.0,0.437,0.2399,2.47,719.7,2.97,-719.7,2492.8,9,0.556,0.135,0.279,0.0496,41
Jul-Aug25,0.75,30,6,YES,0.0,1.0,56,657,0.7047,0.49,322.0,0.2879,0.4168,0.35,732.2,1.13,-750.4,1493.4,9,0.556,0.101,0.218,0.055,46
Jul-Aug25,0.75,30,6,YES,0.0,0.5,56,125,0.288,-12.48,-1560.0,0.2879,0.0001,-2.77,1950.7,0.4,-785.0,448.2,9,0.333,0.103,0.236,0.1011,26
Jul-Aug25,0.75,30,6,YES,0.0,0.7,56,254,0.4921,-1.15,-292.0,0.2879,0.2042,-0.37,1167.0,0.88,-770.0,1149.2,9,0.556,0.099,0.248,0.088,37
Jul-Aug25,0.75,30,6,YES,0.3,0.8,56,317,0.6435,1.78,566.0,0.2879,0.3556,0.82,793.2,1.38,-793.2,1131.6,9,0.556,0.077,0.198,0.0828,42
Jul-Aug25,0.75,30,9,ALL,0.0,1.0,18,414,0.7754,4.05,1678.0,0.3496,0.4258,1.76,1200.1,2.1,-546.2,1625.4,9,0.333,0.344,0.435,0.1707,17
Jul-Aug25,0.75,30,9,ALL,0.0,0.5,18,51,0.3725,-5.58,-285.0,0.3496,0.023,-0.56,1177.1,0.81,-800.0,685.4,9,0.556,0.19,0.348,0.1548,13
Jul-Aug25,0.75,30,9,ALL,0.0,0.7,18,124,0.5484,2.95,365.0,0.3496,0.1988,0.63,987.5,1.26,-450.1,1015.6,9,0.444,0.285,0.418,0.1463,16
Jul-Aug25,0.75,30,9,ALL,0.3,0.8,18,186,0.6882,8.13,1513.0,0.3496,0.3386,2.27,606.7,2.43,-606.7,988.7,9,0.556,0.4,0.526,0.2008,17
Jul-Aug25,0.75,30,9,NO,0.0,1.0,18,274,0.8175,7.26,1990.0,0.437,0.3805,1.8,1052.3,2.22,-456.4,2185.6,9,0.333,0.35,0.523,0.1663,17
Jul-Aug25,0.75,30,9,NO,0.0,0.5,18,24,0.4167,-0.15,-4.0,0.437,-0.0204,-0.01,777.2,1.0,-300.0,546.7,9,0.444,0.2,0.431,0.1528,8
Jul-Aug25,0.75,30,9,NO,0.0,0.7,18,72,0.5833,5.62,405.0,0.437,0.1463,0.64,999.6,1.26,-519.2,1112.8,9,0.444,0.268,0.479,0.1383,12
Jul-Aug25,0.75,30,9,NO,0.3,0.8,18,119,0.7059,10.89,1296.0,0.437,0.2689,1.68,582.2,1.98,-582.2,1418.7,9,0.444,0.38,0.565,0.1843,14
Jul-Aug25,0.75,30,9,YES,0.0,1.0,18,140,0.6929,-2.23,-312.0,0.2879,0.405,-0.91,484.8,0.71,-560.3,262.3,9,0.556,0.242,0.386,0.1397,16
Jul-Aug25,0.75,30,9,YES,0.0,0.5,18,27,0.3333,-10.42,-281.0,0.2879,0.0454,-1.12,593.3,0.64,-500.0,230.0,8,0.375,0.215,0.411,0.1678,10
Jul-Aug25,0.75,30,9,YES,0.0,0.7,18,52,0.5,-0.76,-40.0,0.2879,0.2121,-0.16,405.9,0.94,-405.9,322.9,8,0.5,0.258,0.433,0.137,15
Jul-Aug25,0.75,30,9,YES,0.3,0.8,18,67,0.6567,3.23,216.0,0.2879,0.3688,0.69,103.5,1.32,-473.3,427.1,9,0.556,0.266,0.399,0.1298,16
Jul-Aug25,0.75,50,3,ALL,0.0,1.0,74,2093,0.7793,39.04,81716.0,0.3496,0.4297,2.84,212.9,384.83,-212.9,70376.6,9,0.889,0.725,0.793,0.5291,63
Jul-Aug25,0.75,50,3,ALL,0.0,0.5,74,265,0.3585,252.85,67005.0,0.3496,0.0089,2.29,2305.2,19.27,-1205.4,69922.3,9,0.333,0.862,0.884,0.7434,41
Jul-Aug25,0.75,50,3,ALL,0.0,0.7,74,694,0.5648,103.61,71909.0,0.3496,0.2153,2.47,2261.8,29.84,-958.7,70189.5,9,0.556,0.801,0.83,0.6434,57
Jul-Aug25,0.75,50,3,ALL,0.3,0.8,74,988,0.6964,8.55,8447.0,0.3496,0.3468,4.84,460.2,12.69,-460.2,3651.4,9,0.778,0.152,0.29,0.0528,58
Jul-Aug25,0.75,50,3,NO,0.0,1.0,74,1109,0.8215,71.4,79178.0,0.437,0.3844,2.75,936.4,74.48,-936.4,70086.2,9,0.778,0.82,0.862,0.6746,61
Jul-Aug25,0.75,50,3,NO,0.0,0.5,74,110,0.4818,635.49,69904.0,0.437,0.0448,2.41,1028.0,43.37,-676.8,69629.4,9,0.556,0.946,0.957,0.8955,28
Jul-Aug25,0.75,50,3,NO,0.0,0.7,74,321,0.6137,224.5,72063.0,0.437,0.1767,2.49,1400.9,37.17,-1078.7,69744.9,9,0.667,0.895,0.912,0.802,48
Jul-Aug25,0.75,50,3,NO,0.3,0.8,74,486,0.7222,13.25,6441.0,0.437,0.2852,3.76,587.6,6.9,-587.6,3880.9,9,0.778,0.129,0.285,0.0467,51
Jul-Aug25,0.75,50,3,YES,0.0,1.0,74,984,0.7317,2.58,2539.0,0.2879,0.4438,1.91,1061.8,2.02,-1061.8,2394.0,9,0.667,0.121,0.257,0.0492,56
Jul-Aug25,0.75,50,3,YES,0.0,0.5,74,155,0.271,-18.71,-2900.0,0.2879,-0.0169,-2.94,2734.3,0.35,-1726.9,651.8,9,0.333,0.086,0.197,0.0751,36
Jul-Aug25,0.75,50,3,YES,0.0,0.7,74,373,0.5228,-0.41,-155.0,0.2879,0.2349,-0.13,1521.6,0.95,-1397.5,1419.2,9,0.667,0.08,0.208,0.0643,50
Jul-Aug25,0.75,50,3,YES,0.3,0.8,74,502,0.6713,4.0,2006.0,0.2879,0.3834,2.05,993.0,2.29,-993.0,1786.0,9,0.556,0.126,0.225,0.0611,54
Jul-Aug25,0.75,50,6,ALL,0.0,1.0,46,1402,0.7568,4.02,5643.0,0.3496,0.4072,4.08,340.1,7.01,-340.1,3097.3,9,0.667,0.129,0.274,0.0538,43
Jul-Aug25,0.75,50,6,ALL,0.0,0.5,46,209,0.3684,-0.74,-155.0,0.3496,0.0189,-0.38,1085.7,0.88,-470.0,418.2,9,0.556,0.102,0.276,0.0802,29
Jul-Aug25,0.75,50,6,ALL,0.0,0.7,46,467,0.5246,2.36,1104.0,0.3496,0.1751,1.15,1873.9,1.5,-805.6,1302.6,9,0.444,0.105,0.277,0.0662,40
Jul-Aug25,0.75,50,6,ALL,0.3,0.8,46,627,0.6571,5.47,3432.0,0.3496,0.3075,2.79,851.9,2.96,-851.9,2205.4,9,0.667,0.131,0.25,0.0598,41
Jul-Aug25,0.75,50,6,NO,0.0,1.0,46,754,0.8011,7.0,5275.0,0.437,0.364,3.07,756.7,4.92,-504.0,3747.7,9,0.556,0.137,0.282,0.0544,42
Jul-Aug25,0.75,50,6,NO,0.0,0.5,46,87,0.4828,15.15,1318.0,0.437,0.0457,2.3,529.0,2.39,-477.8,895.3,9,0.556,0.15,0.371,0.0752,20
Jul-Aug25,0.75,50,6,NO,0.0,0.7,46,218,0.5596,5.82,1268.0,0.437,0.1226,1.32,1050.1,1.73,-878.7,1764.4,9,0.444,0.12,0.272,0.054,34
Jul-Aug25,0.75,50,6,NO,0.3,0.8,46,315,0.673,9.49,2991.0,0.437,0.236,2.42,719.7,2.97,-719.7,2430.1,9,0.667,0.148,0.306,0.0567,36
Jul-Aug25,0.75,50,6,YES,0.0,1.0,46,648,0.7052,0.57,368.0,0.2879,0.4173,0.37,863.0,1.14,-856.2,1693.4,9,0.556,0.105,0.228,0.0598,39
Jul-Aug25,0.75,50,6,YES,0.0,0.5,46,122,0.2869,-12.07,-1473.0,0.2879,-0.001,-2.37,2063.5,0.46,-785.0,648.2,9,0.333,0.108,0.246,0.1088,24
Jul-Aug25,0.75,50,6,YES,0.0,0.7,46,249,0.494,-0.66,-164.0,0.2879,0.2061,-0.19,1338.5,0.93,-877.3,1349.2,9,0.556,0.104,0.26,0.0964,33
Jul-Aug25,0.75,50,6,YES,0.3,0.8,46,312,0.641,1.41,441.0,0.2879,0.3531,0.63,905.9,1.29,-905.9,1131.6,9,0.556,0.08,0.205,0.0891,37
Jul-Aug25,0.75,50,9,ALL,0.0,1.0,18,414,0.7754,4.05,1678.0,0.3496,0.4258,1.76,1200.1,2.1,-546.2,1625.4,9,0.333,0.344,0.435,0.1707,17
Jul-Aug25,0.75,50,9,ALL,0.0,0.5,18,51,0.3725,-5.58,-285.0,0.3496,0.023,-0.56,1177.1,0.81,-800.0,685.4,9,0.556,0.19,0.348,0.1548,13
Jul-Aug25,0.75,50,9,ALL,0.0,0.7,18,124,0.5484,2.95,365.0,0.3496,0.1988,0.63,987.5,1.26,-450.1,1015.6,9,0.444,0.285,0.418,0.1463,16
Jul-Aug25,0.75,50,9,ALL,0.3,0.8,18,186,0.6882,8.13,1513.0,0.3496,0.3386,2.27,606.7,2.43,-606.7,988.7,9,0.556,0.4,0.526,0.2008,17
Jul-Aug25,0.75,50,9,NO,0.0,1.0,18,274,0.8175,7.26,1990.0,0.437,0.3805,1.8,1052.3,2.22,-456.4,2185.6,9,0.333,0.35,0.523,0.1663,17
Jul-Aug25,0.75,50,9,NO,0.0,0.5,18,24,0.4167,-0.15,-4.0,0.437,-0.0204,-0.01,777.2,1.0,-300.0,546.7,9,0.444,0.2,0.431,0.1528,8
Jul-Aug25,0.75,50,9,NO,0.0,0.7,18,72,0.5833,5.62,405.0,0.437,0.1463,0.64,999.6,1.26,-519.2,1112.8,9,0.444,0.268,0.479,0.1383,12
Jul-Aug25,0.75,50,9,NO,0.3,0.8,18,119,0.7059,10.89,1296.0,0.437,0.2689,1.68,582.2,1.98,-582.2,1418.7,9,0.444,0.38,0.565,0.1843,14
Jul-Aug25,0.75,50,9,YES,0.0,1.0,18,140,0.6929,-2.23,-312.0,0.2879,0.405,-0.91,484.8,0.71,-560.3,262.3,9,0.556,0.242,0.386,0.1397,16
Jul-Aug25,0.75,50,9,YES,0.0,0.5,18,27,0.3333,-10.42,-281.0,0.2879,0.0454,-1.12,593.3,0.64,-500.0,230.0,8,0.375,0.215,0.411,0.1678,10
Jul-Aug25,0.75,50,9,YES,0.0,0.7,18,52,0.5,-0.76,-40.0,0.2879,0.2121,-0.16,405.9,0.94,-405.9,322.9,8,0.5,0.258,0.433,0.137,15
Jul-Aug25,0.75,50,9,YES,0.3,0.8,18,67,0.6567,3.23,216.0,0.2879,0.3688,0.69,103.5,1.32,-473.3,427.1,9,0.556,0.266,0.399,0.1298,16
Jul-Aug25,0.8,10,3,ALL,0.0,1.0,167,1708,0.8056,7.47,12767.0,0.3496,0.4561,6.06,914.1,14.97,-522.1,4996.5,9,0.778,0.159,0.251,0.0464,97
Jul-Aug25,0.8,10,3,ALL,0.0,0.5,167,158,0.3608,2.83,446.0,0.3496,0.0112,0.47,2030.5,1.18,-1109.1,1028.7,9,0.667,0.072,0.191,0.0333,52
Jul-Aug25,0.8,10,3,ALL,0.0,0.7,167,444,0.5833,9.89,4389.0,0.3496,0.2338,3.53,1008.5,3.44,-791.0,1961.2,9,0.667,0.07,0.199,0.0301,74
Jul-Aug25,0.8,10,3,ALL,0.3,0.8,167,710,0.7423,13.0,9232.0,0.3496,0.3927,5.86,330.7,28.92,-196.8,3870.0,9,0.778,0.175,0.31,0.0524,76
Jul-Aug25,0.8,10,3,NO,0.0,1.0,167,849,0.8363,9.39,7971.0,0.437,0.3993,3.92,951.6,5.99,-645.7,4743.8,9,0.667,0.145,0.267,0.0458,82
Jul-Aug25,0.8,10,3,NO,0.0,0.5,167,46,0.4565,32.35,1488.0,0.437,0.0195,2.67,561.6,2.62,-398.4,873.1,9,0.556,0.119,0.297,0.0579,27
Jul-Aug25,0.8,10,3,NO,0.0,0.7,167,185,0.6486,18.33,3392.0,0.437,0.2116,3.1,721.6,3.68,-721.6,2338.9,9,0.667,0.077,0.214,0.0375,53
Jul-Aug25,0.8,10,3,NO,0.3,0.8,167,332,0.759,13.06,4335.0,0.437,0.322,3.27,794.4,3.87,-794.4,2777.8,9,0.667,0.141,0.285,0.0458,60
Jul-Aug25,0.8,10,3,YES,0.0,1.0,167,859,0.7753,5.58,4796.0,0.2879,0.4874,6.16,638.5,8.51,-463.5,1298.4,9,0.778,0.133,0.242,0.0418,72
Jul-Aug25,0.8,10,3,YES,0.0,0.5,167,112,0.3214,-9.3,-1042.0,0.2879,0.0335,-1.47,1643.7,0.59,-758.2,886.3,9,0.444,0.117,0.207,0.0441,41
Jul-Aug25,0.8,10,3,YES,0.0,0.7,167,259,0.5367,3.85,997.0,0.2879,0.2488,1.65,670.7,1.89,-377.7,1161.0,9,0.444,0.104,0.217,0.038,53
Jul-Aug25,0.8,10,3,YES,0.3,0.8,167,378,0.7275,12.95,4897.0,0.2879,0.4396,7.97,85.6,58.19,-85.6,1370.3,9,0.889,0.153,0.239,0.0472,58
Jul-Aug25,0.8,10,6,ALL,0.0,1.0,24,593,0.796,-0.41,-242.0,0.3496,0.4464,-0.27,2604.2,0.91,-1017.0,1316.7,9,0.444,0.163,0.325,0.1133,24
Jul-Aug25,0.8,10,6,ALL,0.0,0.5,24,36,0.3333,-12.06,-434.0,0.3496,-0.0162,-1.52,853.7,0.57,-463.3,224.3,9,0.444,0.269,0.43,0.1886,11
Jul-Aug25,0.8,10,6,ALL,0.0,0.7,24,92,0.5326,-3.53,-325.0,0.3496,0.183,-0.94,1091.8,0.72,-348.0,499.7,9,0.333,0.246,0.414,0.1321,18
Jul-Aug25,0.8,10,6,ALL,0.3,0.8,24,149,0.7047,5.14,765.0,0.3496,0.3551,1.44,710.0,1.77,-710.0,816.5,9,0.667,0.167,0.395,0.0996,21
Jul-Aug25,0.8,10,6,NO,0.0,1.0,24,320,0.8313,2.36,756.0,0.437,0.3942,0.88,1326.1,1.44,-439.7,1697.6,9,0.333,0.206,0.461,0.1262,20
Jul-Aug25,0.8,10,6,NO,0.0,0.5,24,14,0.5,14.69,206.0,0.437,0.063,1.38,200.0,1.69,-100.0,313.3,7,0.571,0.379,0.656,0.2364,6
Jul-Aug25,0.8,10,6,NO,0.0,0.7,24,40,0.6,4.59,184.0,0.437,0.163,0.51,656.4,1.21,-300.0,607.5,9,0.556,0.287,0.501,0.1492,13
Jul-Aug25,0.8,10,6,NO,0.3,0.8,24,76,0.6842,1.17,89.0,0.437,0.2472,0.17,816.1,1.07,-529.8,905.0,9,0.333,0.284,0.442,0.1338,16
Jul-Aug25,0.8,10,6,YES,0.0,1.0,24,273,0.7546,-3.66,-998.0,0.2879,0.4667,-2.26,1468.1,0.46,-719.5,443.1,9,0.333,0.114,0.226,0.1155,21
Jul-Aug25,0.8,10,6,YES,0.0,0.5,24,22,0.2273,-29.08,-640.0,0.2879,-0.0606,-2.66,903.3,0.36,-500.0,212.7,8,0.375,0.209,0.35,0.2201,8
Jul-Aug25,0.8,10,6,YES,0.0,0.7,24,52,0.4808,-9.78,-509.0,0.2879,0.1929,-1.99,855.7,0.51,-410.9,257.5,9,0.333,0.185,0.328,0.1343,15
Jul-Aug25,0.8,10,6,YES,0.3,0.8,24,73,0.726,9.26,676.0,0.2879,0.4381,3.31,180.3,2.92,-180.3,294.5,9,0.667,0.168,0.343,0.0968,19
Jul-Aug25,0.8,10,9,ALL,0.0,1.0,6,179,0.743,-8.53,-1526.0,0.3496,0.3935,-2.83,2023.5,0.36,-836.1,477.1,9,0.444,0.097,0.205,0.3407,6
Jul-Aug25,0.8,10,9,ALL,0.0,0.5,6,19,0.2105,-51.42,-977.0,0.3496,-0.139,-5.01,989.0,0.1,-500.0,104.1,7,0.286,0.186,0.365,0.4574,4
Jul-Aug25,0.8,10,9,ALL,0.0,0.7,6,34,0.3235,-40.02,-1361.0,0.3496,-0.026,-5.08,1489.2,0.1,-500.0,120.7,8,0.375,0.149,0.21,0.3079,6
Jul-Aug25,0.8,10,9,ALL,0.3,0.8,6,50,0.56,-13.96,-698.0,0.3496,0.2104,-2.71,868.7,0.36,-471.1,150.7,8,0.5,0.088,0.157,0.3738,6
Jul-Aug25,0.8,10,9,NO,0.0,1.0,6,109,0.8073,-2.92,-318.0,0.437,0.3703,-0.67,1135.5,0.77,-475.3,817.6,9,0.333,0.086,0.217,0.3148,6
Jul-Aug25,0.8,10,9,NO,0.0,0.7,6,13,0.3846,-35.16,-457.0,0.437,-0.0524,-2.69,800.0,0.43,-300.0,220.7,6,0.333,0.084,0.63,0.3095,4
Jul-Aug25,0.8,10,9,NO,0.3,0.8,6,27,0.5926,-14.3,-386.0,0.437,0.1556,-1.61,709.6,0.54,-400.0,323.5,8,0.375,0.097,0.395,0.2468,5
Jul-Aug25,0.8,10,9,YES,0.0,1.0,6,70,0.6429,-17.26,-1208.0,0.2879,0.355,-5.21,1029.1,0.13,-360.8,111.3,9,0.222,0.102,0.239,0.2941,6
Jul-Aug25,0.8,10,9,YES,0.0,0.5,6,14,0.2143,-49.94,-699.0,0.2879,-0.0736,-6.25,703.3,0.13,-300.0,104.1,6,0.167,0.227,1.0,0.4565,3
Jul-Aug25,0.8,10,9,YES,0.0,0.7,6,21,0.2857,-43.02,-904.0,0.2879,-0.0022,-8.41,803.5,0.03,-300.0,25.4,7,0.143,0.178,0.308,0.2704,6
Jul-Aug25,0.8,10,9,YES,0.3,0.8,6,23,0.5217,-13.57,-312.0,0.2879,0.2338,-2.5,236.8,0.45,-200.0,124.8,8,0.375,0.207,0.33,0.2819,6
Jul-Aug25,0.8,30,3,ALL,0.0,1.0,60,1420,0.8169,5.6,7954.0,0.3496,0.4673,6.18,540.2,15.73,-271.8,3098.8,9,0.778,0.242,0.38,0.0923,46
Jul-Aug25,0.8,30,3,ALL,0.0,0.5,60,87,0.2989,-19.79,-1722.0,0.3496,-0.0507,-2.4,2048.4,0.46,-798.4,806.2,9,0.222,0.125,0.284,0.069,27
Jul-Aug25,0.8,30,3,ALL,0.0,0.7,60,324,0.5988,4.93,1597.0,0.3496,0.2492,1.67,1058.2,1.88,-760.3,1649.5,9,0.556,0.118,0.337,0.0629,35
Jul-Aug25,0.8,30,3,ALL,0.3,0.8,60,536,0.7425,10.9,5841.0,0.3496,0.393,5.46,567.1,11.25,-567.1,2430.2,9,0.778,0.279,0.446,0.1096,39
Jul-Aug25,0.8,30,3,NO,0.0,1.0,60,697,0.8393,6.61,4604.0,0.437,0.4023,3.54,409.9,8.05,-409.9,3085.2,9,0.667,0.247,0.434,0.0977,42
Jul-Aug25,0.8,30,3,NO,0.0,0.5,60,34,0.3529,-19.37,-659.0,0.437,-0.0841,-1.81,987.0,0.55,-398.4,451.4,9,0.444,0.152,0.286,0.0766,18
Jul-Aug25,0.8,30,3,NO,0.0,0.7,60,141,0.6241,5.35,754.0,0.437,0.1871,1.07,1111.7,1.57,-521.6,1354.8,9,0.444,0.125,0.349,0.0665,29
Jul-Aug25,0.8,30,3,NO,0.3,0.8,60,249,0.739,10.03,2497.0,0.437,0.3019,2.86,723.6,3.41,-619.5,1844.5,9,0.556,0.222,0.44,0.0888,33
Jul-Aug25,0.8,30,3,YES,0.0,1.0,60,723,0.7953,4.63,3350.0,0.2879,0.5074,5.94,352.9,10.49,-229.3,1008.0,9,0.667,0.191,0.347,0.0773,37
Jul-Aug25,0.8,30,3,YES,0.0,0.5,60,53,0.2642,-20.06,-1063.0,0.2879,-0.0238,-1.92,1210.7,0.51,-700.0,663.8,9,0.444,0.196,0.337,0.0966,20
Jul-Aug25,0.8,30,3,YES,0.0,0.7,60,183,0.5792,4.6,842.0,0.2879,0.2913,1.42,591.8,1.71,-349.5,1138.5,9,0.444,0.16,0.335,0.0745,29
Jul-Aug25,0.8,30,3,YES,0.3,0.8,60,287,0.7456,11.65,3344.0,0.2879,0.4577,10.31,0.0,inf,52.4,733.0,9,1.0,0.23,0.349,0.0916,34
Jul-Aug25,0.8,30,6,ALL,0.0,1.0,23,592,0.7956,-0.43,-257.0,0.3496,0.446,-0.28,2619.3,0.91,-1032.1,1316.7,9,0.444,0.163,0.326,0.1137,23
Jul-Aug25,0.8,30,6,ALL,0.0,0.5,23,36,0.3333,-12.06,-434.0,0.3496,-0.0162,-1.52,853.7,0.57,-463.3,224.3,9,0.444,0.269,0.43,0.1886,11
Jul-Aug25,0.8,30,6,ALL,0.0,0.7,23,92,0.5326,-3.53,-325.0,0.3496,0.183,-0.94,1091.8,0.72,-348.0,499.7,9,0.333,0.246,0.414,0.1321,18
Jul-Aug25,0.8,30,6,ALL,0.3,0.8,23,149,0.7047,5.14,765.0,0.3496,0.3551,1.44,710.0,1.77,-710.0,816.5,9,0.667,0.167,0.395,0.0996,21
Jul-Aug25,0.8,30,6,NO,0.0,1.0,23,320,0.8313,2.36,756.0,0.437,0.3942,0.88,1326.1,1.44,-439.7,1697.6,9,0.333,0.206,0.461,0.1262,20
Jul-Aug25,0.8,30,6,NO,0.0,0.5,23,14,0.5,14.69,206.0,0.437,0.063,1.38,200.0,1.69,-100.0,313.3,7,0.571,0.379,0.656,0.2364,6
Jul-Aug25,0.8,30,6,NO,0.0,0.7,23,40,0.6,4.59,184.0,0.437,0.163,0.51,656.4,1.21,-300.0,607.5,9,0.556,0.287,0.501,0.1492,13
Jul-Aug25,0.8,30,6,NO,0.3,0.8,23,76,0.6842,1.17,89.0,0.437,0.2472,0.17,816.1,1.07,-529.8,905.0,9,0.333,0.284,0.442,0.1338,16
Jul-Aug25,0.8,30,6,YES,0.0,1.0,23,272,0.7537,-3.73,-1013.0,0.2879,0.4658,-2.27,1483.2,0.46,-734.6,443.1,9,0.333,0.115,0.227,0.1163,20
Jul-Aug25,0.8,30,6,YES,0.0,0.5,23,22,0.2273,-29.08,-640.0,0.2879,-0.0606,-2.66,903.3,0.36,-500.0,212.7,8,0.375,0.209,0.35,0.2201,8
Jul-Aug25,0.8,30,6,YES,0.0,0.7,23,52,0.4808,-9.78,-509.0,0.2879,0.1929,-1.99,855.7,0.51,-410.9,257.5,9,0.333,0.185,0.328,0.1343,15
Jul-Aug25,0.8,30,6,YES,0.3,0.8,23,73,0.726,9.26,676.0,0.2879,0.4381,3.31,180.3,2.92,-180.3,294.5,9,0.667,0.168,0.343,0.0968,19
Jul-Aug25,0.8,30,9,ALL,0.0,1.0,6,179,0.743,-8.53,-1526.0,0.3496,0.3935,-2.83,2023.5,0.36,-836.1,477.1,9,0.444,0.097,0.205,0.3407,6
Jul-Aug25,0.8,30,9,ALL,0.0,0.5,6,19,0.2105,-51.42,-977.0,0.3496,-0.139,-5.01,989.0,0.1,-500.0,104.1,7,0.286,0.186,0.365,0.4574,4
Jul-Aug25,0.8,30,9,ALL,0.0,0.7,6,34,0.3235,-40.02,-1361.0,0.3496,-0.026,-5.08,1489.2,0.1,-500.0,120.7,8,0.375,0.149,0.21,0.3079,6
Jul-Aug25,0.8,30,9,ALL,0.3,0.8,6,50,0.56,-13.96,-698.0,0.3496,0.2104,-2.71,868.7,0.36,-471.1,150.7,8,0.5,0.088,0.157,0.3738,6
Jul-Aug25,0.8,30,9,NO,0.0,1.0,6,109,0.8073,-2.92,-318.0,0.437,0.3703,-0.67,1135.5,0.77,-475.3,817.6,9,0.333,0.086,0.217,0.3148,6
Jul-Aug25,0.8,30,9,NO,0.0,0.7,6,13,0.3846,-35.16,-457.0,0.437,-0.0524,-2.69,800.0,0.43,-300.0,220.7,6,0.333,0.084,0.63,0.3095,4
Jul-Aug25,0.8,30,9,NO,0.3,0.8,6,27,0.5926,-14.3,-386.0,0.437,0.1556,-1.61,709.6,0.54,-400.0,323.5,8,0.375,0.097,0.395,0.2468,5
Jul-Aug25,0.8,30,9,YES,0.0,1.0,6,70,0.6429,-17.26,-1208.0,0.2879,0.355,-5.21,1029.1,0.13,-360.8,111.3,9,0.222,0.102,0.239,0.2941,6
Jul-Aug25,0.8,30,9,YES,0.0,0.5,6,14,0.2143,-49.94,-699.0,0.2879,-0.0736,-6.25,703.3,0.13,-300.0,104.1,6,0.167,0.227,1.0,0.4565,3
Jul-Aug25,0.8,30,9,YES,0.0,0.7,6,21,0.2857,-43.02,-904.0,0.2879,-0.0022,-8.41,803.5,0.03,-300.0,25.4,7,0.143,0.178,0.308,0.2704,6
Jul-Aug25,0.8,30,9,YES,0.3,0.8,6,23,0.5217,-13.57,-312.0,0.2879,0.2338,-2.5,236.8,0.45,-200.0,124.8,8,0.375,0.207,0.33,0.2819,6
Jul-Aug25,0.8,50,3,ALL,0.0,1.0,29,1091,0.8121,4.56,4975.0,0.3496,0.4625,4.34,1100.1,5.52,-734.0,2487.8,9,0.778,0.325,0.501,0.1505,25
Jul-Aug25,0.8,50,3,ALL,0.0,0.5,29,63,0.3016,-25.86,-1629.0,0.3496,-0.048,-3.37,1467.0,0.33,-663.3,361.5,9,0.333,0.197,0.316,0.1196,15
Jul-Aug25,0.8,50,3,ALL,0.0,0.7,29,247,0.6032,2.81,694.0,0.3496,0.2537,0.9,1487.6,1.43,-680.5,1240.9,9,0.556,0.172,0.411,0.1011,20
Jul-Aug25,0.8,50,3,ALL,0.3,0.8,29,421,0.7458,10.83,4557.0,0.3496,0.3963,4.74,416.9,7.28,-416.9,1905.1,9,0.667,0.348,0.557,0.1652,21
Jul-Aug25,0.8,50,3,NO,0.0,1.0,29,556,0.8489,7.71,4288.0,0.437,0.4119,4.01,392.6,10.84,-236.4,2585.2,9,0.667,0.318,0.557,0.1541,25
Jul-Aug25,0.8,50,3,NO,0.0,0.5,29,22,0.4545,2.7,59.0,0.437,0.0175,0.28,338.4,1.1,-298.4,313.3,8,0.5,0.272,0.492,0.1621,9
Jul-Aug25,0.8,50,3,NO,0.0,0.7,29,105,0.6667,11.4,1197.0,0.437,0.2296,1.98,719.6,2.21,-295.5,1201.4,9,0.444,0.168,0.466,0.1038,17
Jul-Aug25,0.8,50,3,NO,0.3,0.8,29,200,0.76,11.88,2376.0,0.437,0.323,3.54,383.4,5.02,-279.5,1456.3,9,0.667,0.297,0.587,0.1473,19
Jul-Aug25,0.8,50,3,YES,0.0,1.0,29,535,0.7738,1.28,687.0,0.2879,0.4859,1.52,993.7,1.63,-497.6,547.3,9,0.556,0.278,0.386,0.1292,20
Jul-Aug25,0.8,50,3,YES,0.0,0.5,29,41,0.2195,-41.18,-1688.0,0.2879,-0.0684,-4.01,1241.9,0.22,-700.0,219.0,9,0.333,0.14,0.234,0.1314,13
Jul-Aug25,0.8,50,3,YES,0.0,0.7,29,142,0.5563,-3.54,-502.0,0.2879,0.2684,-1.08,952.3,0.68,-504.1,729.8,9,0.333,0.137,0.323,0.0978,18
Jul-Aug25,0.8,50,3,YES,0.3,0.8,29,221,0.733,9.87,2182.0,0.2879,0.4451,5.06,208.7,8.44,-208.7,766.0,9,0.667,0.299,0.453,0.1416,20
Jul-Aug25,0.8,50,6,ALL,0.0,1.0,17,576,0.7951,-0.46,-266.0,0.3496,0.4456,-0.29,2644.9,0.9,-1032.1,1325.6,9,0.444,0.173,0.346,0.1273,17
Jul-Aug25,0.8,50,6,ALL,0.0,0.5,17,35,0.3429,-9.55,-334.0,0.3496,-0.0067,-1.15,853.7,0.67,-463.3,224.3,9,0.444,0.277,0.444,0.1996,10
Jul-Aug25,0.8,50,6,ALL,0.0,0.7,17,89,0.5393,-2.06,-184.0,0.3496,0.1898,-0.49,1050.5,0.84,-348.0,599.7,9,0.333,0.26,0.438,0.1466,15
Jul-Aug25,0.8,50,6,ALL,0.3,0.8,17,141,0.7092,6.32,891.0,0.3496,0.3597,1.69,610.0,1.89,-610.0,853.9,9,0.667,0.187,0.44,0.1203,16
Jul-Aug25,0.8,50,6,NO,0.0,1.0,17,310,0.8323,2.54,789.0,0.437,0.3952,0.98,1326.1,1.49,-439.7,1606.4,9,0.444,0.223,0.499,0.1447,17
Jul-Aug25,0.8,50,6,NO,0.0,0.5,17,13,0.5385,23.51,306.0,0.437,0.1014,2.36,100.0,2.54,-100.0,313.3,6,0.667,0.414,0.717,0.2742,5
Jul-Aug25,0.8,50,6,NO,0.0,0.7,17,39,0.6154,7.28,284.0,0.437,0.1784,0.83,556.4,1.37,-209.3,607.5,9,0.556,0.3,0.524,0.1612,12
Jul-Aug25,0.8,50,6,NO,0.3,0.8,17,72,0.6944,3.14,226.0,0.437,0.2574,0.46,616.1,1.19,-429.8,842.4,9,0.444,0.319,0.497,0.1592,14
Jul-Aug25,0.8,50,6,YES,0.0,1.0,17,266,0.7519,-3.96,-1055.0,0.2879,0.464,-2.5,1508.8,0.41,-734.6,428.2,9,0.333,0.122,0.241,0.1298,15
Jul-Aug25,0.8,50,6,YES,0.0,0.5,17,22,0.2273,-29.08,-640.0,0.2879,-0.0606,-2.66,903.3,0.36,-500.0,212.7,8,0.375,0.209,0.35,0.2201,8
Jul-Aug25,0.8,50,6,YES,0.0,0.7,17,50,0.48,-9.35,-467.0,0.2879,0.1921,-1.88,855.7,0.51,-410.9,257.5,9,0.333,0.196,0.348,0.1489,13
Jul-Aug25,0.8,50,6,YES,0.3,0.8,17,69,0.7246,9.64,665.0,0.2879,0.4367,3.42,180.3,3.51,-180.3,294.5,9,0.778,0.185,0.378,0.114,15
Jul-Aug25,0.8,50,9,ALL,0.0,1.0,6,179,0.743,-8.53,-1526.0,0.3496,0.3935,-2.83,2023.5,0.36,-836.1,477.1,9,0.444,0.097,0.205,0.3407,6
Jul-Aug25,0.8,50,9,ALL,0.0,0.5,6,19,0.2105,-51.42,-977.0,0.3496,-0.139,-5.01,989.0,0.1,-500.0,104.1,7,0.286,0.186,0.365,0.4574,4
Jul-Aug25,0.8,50,9,ALL,0.0,0.7,6,34,0.3235,-40.02,-1361.0,0.3496,-0.026,-5.08,1489.2,0.1,-500.0,120.7,8,0.375,0.149,0.21,0.3079,6
Jul-Aug25,0.8,50,9,ALL,0.3,0.8,6,50,0.56,-13.96,-698.0,0.3496,0.2104,-2.71,868.7,0.36,-471.1,150.7,8,0.5,0.088,0.157,0.3738,6
Jul-Aug25,0.8,50,9,NO,0.0,1.0,6,109,0.8073,-2.92,-318.0,0.437,0.3703,-0.67,1135.5,0.77,-475.3,817.6,9,0.333,0.086,0.217,0.3148,6
Jul-Aug25,0.8,50,9,NO,0.0,0.7,6,13,0.3846,-35.16,-457.0,0.437,-0.0524,-2.69,800.0,0.43,-300.0,220.7,6,0.333,0.084,0.63,0.3095,4
Jul-Aug25,0.8,50,9,NO,0.3,0.8,6,27,0.5926,-14.3,-386.0,0.437,0.1556,-1.61,709.6,0.54,-400.0,323.5,8,0.375,0.097,0.395,0.2468,5
Jul-Aug25,0.8,50,9,YES,0.0,1.0,6,70,0.6429,-17.26,-1208.0,0.2879,0.355,-5.21,1029.1,0.13,-360.8,111.3,9,0.222,0.102,0.239,0.2941,6
Jul-Aug25,0.8,50,9,YES,0.0,0.5,6,14,0.2143,-49.94,-699.0,0.2879,-0.0736,-6.25,703.3,0.13,-300.0,104.1,6,0.167,0.227,1.0,0.4565,3
Jul-Aug25,0.8,50,9,YES,0.0,0.7,6,21,0.2857,-43.02,-904.0,0.2879,-0.0022,-8.41,803.5,0.03,-300.0,25.4,7,0.143,0.178,0.308,0.2704,6
Jul-Aug25,0.8,50,9,YES,0.3,0.8,6,23,0.5217,-13.57,-312.0,0.2879,0.2338,-2.5,236.8,0.45,-200.0,124.8,8,0.375,0.207,0.33,0.2819,6
Jul-Aug25,0.85,10,3,ALL,0.0,1.0,65,843,0.8114,6.48,5464.0,0.3496,0.4618,4.63,1213.7,5.5,-695.8,2363.8,9,0.667,0.094,0.278,0.0588,44
Jul-Aug25,0.85,10,3,ALL,0.0,0.5,65,57,0.3509,14.66,836.0,0.3496,0.0013,1.59,798.4,1.77,-500.0,863.1,9,0.556,0.146,0.388,0.078,21
Jul-Aug25,0.85,10,3,ALL,0.0,0.7,65,180,0.5833,11.63,2093.0,0.3496,0.2338,3.25,561.2,3.01,-517.5,926.5,9,0.667,0.145,0.358,0.0653,35
Jul-Aug25,0.85,10,3,ALL,0.3,0.8,65,307,0.7427,10.53,3232.0,0.3496,0.3931,4.22,254.0,12.8,-254.0,1848.1,9,0.778,0.155,0.384,0.0724,38
Jul-Aug25,0.85,10,3,NO,0.0,1.0,65,381,0.8294,8.16,3110.0,0.437,0.3924,3.18,644.3,4.36,-633.1,2176.1,9,0.667,0.121,0.312,0.062,38
Jul-Aug25,0.85,10,3,NO,0.0,0.5,65,19,0.5263,53.75,1021.0,0.437,0.0893,5.6,200.0,6.11,-200.0,385.4,7,0.857,0.23,0.546,0.1304,12
Jul-Aug25,0.85,10,3,NO,0.0,0.7,65,78,0.6667,22.47,1753.0,0.437,0.2296,2.87,421.6,3.42,-421.6,1322.1,9,0.778,0.131,0.391,0.0754,27
Jul-Aug25,0.85,10,3,NO,0.3,0.8,65,142,0.7606,13.46,1912.0,0.437,0.3235,2.6,485.6,3.03,-461.6,1504.4,9,0.556,0.141,0.403,0.0737,30
Jul-Aug25,0.85,10,3,YES,0.0,1.0,65,462,0.7965,5.1,2354.0,0.2879,0.5086,3.9,872.0,3.7,-532.0,868.1,9,0.667,0.14,0.287,0.0675,34
Jul-Aug25,0.85,10,3,YES,0.0,0.5,65,38,0.2632,-4.89,-186.0,0.2879,-0.0247,-0.32,919.5,0.89,-665.5,863.1,9,0.444,0.247,0.421,0.1126,17
Jul-Aug25,0.85,10,3,YES,0.0,0.7,65,102,0.5196,3.33,340.0,0.2879,0.2317,0.69,555.3,1.29,-545.9,816.8,9,0.444,0.23,0.387,0.1,24
Jul-Aug25,0.85,10,3,YES,0.3,0.8,65,165,0.7273,8.0,1321.0,0.2879,0.4394,3.56,485.6,3.72,-392.6,521.8,9,0.667,0.106,0.283,0.0815,28
Jul-Aug25,0.85,10,6,ALL,0.0,1.0,14,267,0.794,-0.14,-38.0,0.3496,0.4444,-0.08,1163.0,0.97,-467.1,570.0,9,0.444,0.303,0.429,0.2225,14
Jul-Aug25,0.85,10,6,ALL,0.0,0.5,14,11,0.4545,26.03,286.0,0.3496,0.105,1.71,300.0,1.72,-200.0,246.7,7,0.571,0.596,0.731,0.4009,5
Jul-Aug25,0.85,10,6,ALL,0.0,0.7,14,40,0.6,8.27,331.0,0.3496,0.2504,1.47,428.5,1.6,-225.6,290.3,9,0.556,0.514,0.579,0.3057,10
Jul-Aug25,0.85,10,6,ALL,0.3,0.8,14,65,0.7077,4.48,291.0,0.3496,0.3581,1.24,439.7,1.66,-421.5,222.4,9,0.778,0.328,0.507,0.1738,12
Jul-Aug25,0.85,10,6,NO,0.0,1.0,14,124,0.8145,1.76,219.0,0.437,0.3775,0.63,416.8,1.26,-245.8,591.6,9,0.444,0.393,0.483,0.2565,11
Jul-Aug25,0.85,10,6,NO,0.0,0.7,14,20,0.65,9.39,188.0,0.437,0.213,0.81,500.0,1.31,-300.0,333.2,8,0.625,0.471,0.568,0.2749,8
Jul-Aug25,0.85,10,6,NO,0.3,0.8,14,37,0.6757,1.47,54.0,0.437,0.2387,0.22,543.8,1.09,-371.8,364.8,8,0.625,0.432,0.517,0.251,9
Jul-Aug25,0.85,10,6,YES,0.0,1.0,14,143,0.7762,-1.79,-256.0,0.2879,0.4883,-0.76,928.2,0.77,-460.6,402.4,9,0.444,0.206,0.385,0.193,13
Jul-Aug25,0.85,10,6,YES,0.0,0.7,14,20,0.55,7.15,143.0,0.2879,0.2621,1.05,72.2,1.48,-200.0,246.7,7,0.571,0.427,0.525,0.2421,8
Jul-Aug25,0.85,10,6,YES,0.3,0.8,14,28,0.75,8.46,237.0,0.2879,0.4621,2.34,49.7,2.23,-142.4,153.8,8,0.75,0.174,0.414,0.1218,11
Jul-Aug25,0.85,30,3,ALL,0.0,1.0,27,719,0.815,4.35,3128.0,0.3496,0.4655,3.38,924.5,4.38,-449.2,1868.2,9,0.556,0.142,0.407,0.1009,23
Jul-Aug25,0.85,30,3,ALL,0.0,0.5,27,37,0.2432,-17.39,-644.0,0.3496,-0.1063,-1.47,798.4,0.63,-423.4,486.8,9,0.333,0.217,0.448,0.13,12
Jul-Aug25,0.85,30,3,ALL,0.0,0.7,27,146,0.6027,7.1,1037.0,0.3496,0.2532,1.88,623.0,1.84,-572.0,647.8,9,0.556,0.221,0.512,0.1216,18
Jul-Aug25,0.85,30,3,ALL,0.3,0.8,27,231,0.7273,7.37,1702.0,0.3496,0.3777,2.67,280.7,4.01,-280.7,1456.4,9,0.667,0.231,0.488,0.1159,21
Jul-Aug25,0.85,30,3,NO,0.0,1.0,27,311,0.836,5.36,1666.0,0.437,0.399,2.11,845.0,2.75,-397.0,1728.2,9,0.556,0.215,0.473,0.1142,21
Jul-Aug25,0.85,30,3,NO,0.0,0.5,27,14,0.3571,-25.0,-350.0,0.437,-0.0799,-1.68,492.1,0.56,-400.0,206.2,7,0.429,0.303,0.448,0.1786,8
Jul-Aug25,0.85,30,3,NO,0.0,0.7,27,63,0.6667,9.54,601.0,0.437,0.2296,1.05,652.6,1.5,-400.0,1093.7,9,0.556,0.221,0.493,0.1301,16
Jul-Aug25,0.85,30,3,NO,0.3,0.8,27,103,0.7379,10.48,1079.0,0.437,0.3008,1.81,462.0,2.24,-361.6,1246.1,9,0.556,0.211,0.506,0.1201,17
Jul-Aug25,0.85,30,3,YES,0.0,1.0,27,408,0.799,3.58,1462.0,0.2879,0.5111,3.15,514.2,2.94,-286.9,659.0,9,0.556,0.185,0.379,0.1055,20
Jul-Aug25,0.85,30,3,YES,0.0,0.5,27,23,0.1739,-12.76,-294.0,0.2879,-0.114,-0.78,500.0,0.77,-565.5,444.7,8,0.375,0.317,0.486,0.1702,10
Jul-Aug25,0.85,30,3,YES,0.0,0.7,27,83,0.5542,5.25,436.0,0.2879,0.2663,1.19,250.4,1.5,-445.9,398.4,9,0.556,0.306,0.514,0.1638,15
Jul-Aug25,0.85,30,3,YES,0.3,0.8,27,128,0.7188,4.86,622.0,0.2879,0.4308,3.27,161.5,3.02,-146.3,312.7,9,0.667,0.143,0.374,0.138,18
Jul-Aug25,0.85,30,6,ALL,0.0,1.0,13,266,0.7932,-0.2,-53.0,0.3496,0.4437,-0.11,1178.1,0.96,-481.9,570.0,9,0.444,0.304,0.43,0.2242,13
Jul-Aug25,0.85,30,6,ALL,0.0,0.5,13,11,0.4545,26.03,286.0,0.3496,0.105,1.71,300.0,1.72,-200.0,246.7,7,0.571,0.596,0.731,0.4009,5
Jul-Aug25,0.85,30,6,ALL,0.0,0.7,13,40,0.6,8.27,331.0,0.3496,0.2504,1.47,428.5,1.6,-225.6,290.3,9,0.556,0.514,0.579,0.3057,10
Jul-Aug25,0.85,30,6,ALL,0.3,0.8,13,65,0.7077,4.48,291.0,0.3496,0.3581,1.24,439.7,1.66,-421.5,222.4,9,0.778,0.328,0.507,0.1738,12
Jul-Aug25,0.85,30,6,NO,0.0,1.0,13,124,0.8145,1.76,219.0,0.437,0.3775,0.63,416.8,1.26,-245.8,591.6,9,0.444,0.393,0.483,0.2565,11
Jul-Aug25,0.85,30,6,NO,0.0,0.7,13,20,0.65,9.39,188.0,0.437,0.213,0.81,500.0,1.31,-300.0,333.2,8,0.625,0.471,0.568,0.2749,8
Jul-Aug25,0.85,30,6,NO,0.3,0.8,13,37,0.6757,1.47,54.0,0.437,0.2387,0.22,543.8,1.09,-371.8,364.8,8,0.625,0.432,0.517,0.251,9
Jul-Aug25,0.85,30,6,YES,0.0,1.0,13,142,0.7746,-1.91,-272.0,0.2879,0.4867,-0.8,943.3,0.76,-460.6,402.4,9,0.444,0.207,0.387,0.1954,12
Jul-Aug25,0.85,30,6,YES,0.0,0.7,13,20,0.55,7.15,143.0,0.2879,0.2621,1.05,72.2,1.48,-200.0,246.7,7,0.571,0.427,0.525,0.2421,8
Jul-Aug25,0.85,30,6,YES,0.3,0.8,13,28,0.75,8.46,237.0,0.2879,0.4621,2.34,49.7,2.23,-142.4,153.8,8,0.75,0.174,0.414,0.1218,11
Jul-Aug25,0.85,50,3,ALL,0.0,1.0,14,443,0.7968,1.91,846.0,0.3496,0.4473,0.93,1832.3,1.46,-755.2,1645.1,9,0.444,0.236,0.508,0.1821,12
Jul-Aug25,0.85,50,3,ALL,0.0,0.5,14,21,0.3333,-12.8,-269.0,0.3496,-0.0162,-1.34,300.0,0.63,-323.4,246.7,7,0.429,0.434,0.581,0.2641,6
Jul-Aug25,0.85,50,3,ALL,0.0,0.7,14,94,0.6277,6.02,566.0,0.3496,0.2781,1.47,474.9,1.7,-372.0,619.5,9,0.556,0.392,0.594,0.2217,10
Jul-Aug25,0.85,50,3,ALL,0.3,0.8,14,152,0.7237,7.07,1075.0,0.3496,0.3741,1.87,333.7,2.81,-294.8,1287.7,9,0.667,0.316,0.586,0.1868,11
Jul-Aug25,0.85,50,3,NO,0.0,1.0,14,201,0.8507,8.33,1673.0,0.437,0.4137,2.43,635.9,3.37,-414.3,1528.2,9,0.667,0.309,0.678,0.2063,12
Jul-Aug25,0.85,50,3,NO,0.0,0.7,14,40,0.775,27.22,1089.0,0.437,0.338,2.29,310.4,2.78,-200.0,1027.0,9,0.556,0.312,0.697,0.2211,9
Jul-Aug25,0.85,50,3,NO,0.3,0.8,14,73,0.7808,16.41,1198.0,0.437,0.3438,2.56,322.9,3.69,-264.9,1038.9,9,0.556,0.293,0.701,0.2031,10
Jul-Aug25,0.85,50,3,YES,0.0,1.0,14,242,0.7521,-3.42,-828.0,0.2879,0.4642,-1.93,1561.1,0.51,-666.8,375.3,9,0.556,0.161,0.302,0.1751,10
Jul-Aug25,0.85,50,3,YES,0.0,0.5,14,15,0.1333,-47.92,-719.0,0.2879,-0.1546,-3.57,300.0,0.26,-565.5,246.7,5,0.2,0.277,0.401,0.2128,6
Jul-Aug25,0.85,50,3,YES,0.0,0.7,14,54,0.5185,-9.69,-523.0,0.2879,0.2306,-2.17,261.7,0.43,-407.5,246.7,9,0.333,0.277,0.34,0.2055,9
Jul-Aug25,0.85,50,3,YES,0.3,0.8,14,79,0.6709,-1.56,-123.0,0.2879,0.383,-0.65,388.1,0.81,-243.7,248.7,8,0.375,0.21,0.361,0.2361,10
Jul-Aug25,0.85,50,6,ALL,0.0,1.0,9,255,0.7961,0.37,94.0,0.3496,0.4465,0.2,1203.6,1.08,-481.9,584.0,9,0.444,0.326,0.462,0.2565,9
Jul-Aug25,0.85,50,6,ALL,0.0,0.5,9,10,0.5,38.63,386.0,0.3496,0.1504,2.63,300.0,2.29,-200.0,246.7,6,0.667,0.639,0.856,0.4556,4
Jul-Aug25,0.85,50,6,ALL,0.0,0.7,9,38,0.6316,13.97,531.0,0.3496,0.282,2.43,328.5,2.18,-225.6,290.3,9,0.556,0.564,0.635,0.3627,8
Jul-Aug25,0.85,50,6,ALL,0.3,0.8,9,60,0.7333,8.97,538.0,0.3496,0.3838,2.52,321.5,2.67,-321.5,322.4,9,0.889,0.383,0.593,0.2245,9
Jul-Aug25,0.85,50,6,NO,0.0,1.0,9,118,0.822,2.95,348.0,0.437,0.385,1.12,409.5,1.56,-235.9,563.1,9,0.444,0.433,0.533,0.3032,9
Jul-Aug25,0.85,50,6,NO,0.0,0.7,9,19,0.6842,15.15,288.0,0.437,0.2472,1.37,400.0,1.58,-200.0,333.2,8,0.625,0.508,0.612,0.3134,7
Jul-Aug25,0.85,50,6,NO,0.3,0.8,9,35,0.7143,7.27,254.0,0.437,0.2773,1.24,343.8,1.63,-271.8,364.8,8,0.625,0.495,0.593,0.3084,8
Jul-Aug25,0.85,50,6,YES,0.0,1.0,9,137,0.7737,-1.86,-254.0,0.2879,0.4858,-0.76,968.8,0.77,-460.6,375.3,9,0.556,0.225,0.42,0.2273,8
Jul-Aug25,0.85,50,6,YES,0.0,0.7,9,19,0.5789,12.79,243.0,0.2879,0.291,2.14,72.2,2.23,-100.0,246.7,7,0.571,0.466,0.572,0.2793,7
Jul-Aug25,0.85,50,6,YES,0.3,0.8,9,25,0.76,11.36,284.0,0.2879,0.4721,4.09,49.7,4.09,-49.7,153.8,7,0.714,0.209,0.497,0.1559,8
Sep-Oct25,0.55,10,3,ALL,0.0,1.0,2242,33126,0.5861,32.3,1069964.0,0.3593,0.2267,5.62,35683.5,30.98,-31296.2,388287.3,9,0.778,0.469,0.652,0.2411,1227
Sep-Oct25,0.55,10,3,ALL,0.0,0.5,2242,12136,0.2862,80.07,971684.0,0.3593,-0.0732,5.17,58050.5,15.56,-39832.5,379118.0,9,0.667,0.484,0.672,0.257,871
Sep-Oct25,0.55,10,3,ALL,0.0,0.7,2242,20999,0.426,47.14,989951.0,0.3593,0.0667,5.28,51054.9,18.72,-36525.7,375868.3,9,0.667,0.473,0.658,0.2457,1077
Sep-Oct25,0.55,10,3,ALL,0.3,0.8,2242,20728,0.5991,2.29,47509.0,0.3593,0.2398,5.98,3511.2,14.53,-1910.8,16852.1,9,0.667,0.019,0.048,0.0039,1078
Sep-Oct25,0.55,10,3,NO,0.0,1.0,2242,19499,0.6076,35.88,699701.0,0.4246,0.183,5.82,19857.3,36.24,-19857.3,247848.7,9,0.889,0.376,0.671,0.1937,945
Sep-Oct25,0.55,10,3,NO,0.0,0.5,2242,6377,0.2936,101.69,648480.0,0.4246,-0.131,5.54,22715.9,29.55,-18898.5,229176.2,9,0.778,0.398,0.711,0.2176,569
Sep-Oct25,0.55,10,3,NO,0.0,0.7,2242,11659,0.4394,56.16,654756.0,0.4246,0.0148,5.57,19985.6,33.76,-19985.6,236172.2,9,0.889,0.385,0.687,0.2033,772
Sep-Oct25,0.55,10,3,NO,0.3,0.8,2242,12232,0.6007,1.24,15207.0,0.4246,0.1761,1.43,20380.5,1.58,-12001.5,13262.9,9,0.556,0.018,0.051,0.0042,797
Sep-Oct25,0.55,10,3,YES,0.0,1.0,2242,13627,0.5553,27.17,370263.0,0.3104,0.2449,2.79,36593.5,9.27,-12946.1,320249.7,9,0.556,0.534,0.579,0.2884,1047
Sep-Oct25,0.55,10,3,YES,0.0,0.5,2242,5759,0.278,56.12,323204.0,0.3104,-0.0324,2.41,59279.2,6.02,-20934.0,318076.2,9,0.556,0.562,0.607,0.3186,725
Sep-Oct25,0.55,10,3,YES,0.0,0.7,2242,9340,0.4093,35.89,335195.0,0.3104,0.0989,2.54,52697.7,6.68,-17418.9,314929.6,9,0.556,0.541,0.586,0.2956,887
Sep-Oct25,0.55,10,3,YES,0.3,0.8,2242,8496,0.5969,3.8,32301.0,0.3104,0.2865,4.6,3929.4,5.76,-3929.4,12624.5,9,0.778,0.02,0.052,0.0041,881
Sep-Oct25,0.55,10,6,ALL,0.0,1.0,419,16935,0.5694,62.35,1055902.0,0.3593,0.21,5.73,31651.9,34.36,-27937.5,391473.8,9,0.778,0.588,0.817,0.3772,331
Sep-Oct25,0.55,10,6,ALL,0.0,0.5,419,6583,0.2819,152.85,1006243.0,0.3593,-0.0774,5.5,39835.7,26.22,-31221.8,387266.7,9,0.667,0.588,0.816,0.3771,259
Sep-Oct25,0.55,10,6,ALL,0.0,0.7,419,11212,0.4232,91.01,1020353.0,0.3593,0.0639,5.58,38075.0,27.8,-30688.7,386087.3,9,0.778,0.585,0.812,0.3732,313
Sep-Oct25,0.55,10,6,ALL,0.3,0.8,419,10778,0.5974,2.27,24504.0,0.3593,0.2381,4.05,5862.5,5.18,-3800.1,10974.5,9,0.667,0.044,0.106,0.011,314
Sep-Oct25,0.55,10,6,NO,0.0,1.0,419,9733,0.5967,70.05,681752.0,0.4246,0.1722,5.72,18165.2,38.53,-16820.7,238147.8,9,0.778,0.467,0.835,0.2985,315
Sep-Oct25,0.55,10,6,NO,0.0,0.5,419,3323,0.2982,197.44,656100.0,0.4246,-0.1263,5.61,20382.7,33.19,-15685.2,227273.8,9,0.778,0.474,0.847,0.3073,220
Sep-Oct25,0.55,10,6,NO,0.0,0.7,419,6085,0.4455,108.91,662689.0,0.4246,0.0209,5.62,19734.3,34.58,-16921.0,232668.5,9,0.778,0.469,0.838,0.301,277
Sep-Oct25,0.55,10,6,NO,0.3,0.8,419,6320,0.6022,1.67,10562.0,0.4246,0.1776,1.34,14785.4,1.56,-8480.1,11513.6,9,0.556,0.038,0.105,0.0103,282
Sep-Oct25,0.55,10,6,YES,0.0,1.0,419,7202,0.5324,51.95,374150.0,0.3104,0.2219,2.8,14716.8,14.27,-11116.8,325159.7,9,0.556,0.713,0.745,0.5101,296
Sep-Oct25,0.55,10,6,YES,0.0,0.5,419,3260,0.2653,107.41,350143.0,0.3104,-0.0451,2.6,22585.2,10.34,-15536.7,324963.6,9,0.556,0.725,0.755,0.5287,223
Sep-Oct25,0.55,10,6,YES,0.0,0.7,419,5127,0.3967,69.76,357664.0,0.3104,0.0863,2.68,18340.7,11.35,-13767.7,322886.2,9,0.556,0.712,0.743,0.5096,264
Sep-Oct25,0.55,10,6,YES,0.3,0.8,419,4458,0.5906,3.13,13942.0,0.3104,0.2802,3.15,2362.7,2.99,-2535.9,6331.8,9,0.556,0.039,0.107,0.0125,271
Sep-Oct25,0.55,10,9,ALL,0.0,1.0,138,7453,0.594,108.66,809824.0,0.3593,0.2347,4.72,1478.7,548.66,-1478.7,398663.2,9,0.889,0.897,0.908,0.8046,119
Sep-Oct25,0.55,10,9,ALL,0.0,0.5,138,2819,0.3395,278.98,786438.0,0.3593,-0.0199,4.59,4187.3,188.82,-4187.3,395241.5,9,0.889,0.9,0.91,0.8101,105
Sep-Oct25,0.55,10,9,ALL,0.0,0.7,138,4956,0.4635,160.53,795571.0,0.3593,0.1041,4.65,2904.7,274.89,-2904.7,396176.2,9,0.889,0.898,0.909,0.8072,117
Sep-Oct25,0.55,10,9,ALL,0.3,0.8,138,5074,0.593,3.13,15882.0,0.3593,0.2337,4.58,2424.8,7.53,-1394.7,7306.9,9,0.667,0.079,0.189,0.0256,118
Sep-Oct25,0.55,10,9,NO,0.0,1.0,138,4463,0.6092,89.62,399952.0,0.4246,0.1847,4.69,0.0,inf,27.3,218586.6,9,1.0,0.874,0.893,0.7651,116
Sep-Oct25,0.55,10,9,NO,0.0,0.5,138,1519,0.3496,256.59,389764.0,0.4246,-0.075,4.53,1447.7,270.23,-1447.7,219031.5,9,0.889,0.891,0.909,0.7943,93
Sep-Oct25,0.55,10,9,NO,0.0,0.7,138,2834,0.4714,138.11,391403.0,0.4246,0.0468,4.6,520.8,752.58,-520.8,217040.8,9,0.889,0.879,0.897,0.7729,109
Sep-Oct25,0.55,10,9,NO,0.3,0.8,138,3064,0.5901,1.1,3364.0,0.4246,0.1655,0.81,7130.1,1.33,-3075.5,6821.0,9,0.444,0.082,0.197,0.0255,109
Sep-Oct25,0.55,10,9,YES,0.0,1.0,138,2990,0.5712,137.08,409872.0,0.3104,0.2608,3.05,2340.3,93.41,-2095.1,331011.3,9,0.667,0.878,0.89,0.7709,110
Sep-Oct25,0.55,10,9,YES,0.0,0.5,138,1300,0.3277,305.13,396675.0,0.3104,0.0173,2.95,5335.7,48.57,-3003.4,329859.4,9,0.667,0.885,0.897,0.7841,92
Sep-Oct25,0.55,10,9,YES,0.0,0.7,138,2122,0.4529,190.47,404168.0,0.3104,0.1425,3.02,4055.0,61.4,-2636.6,329863.1,9,0.667,0.881,0.893,0.7771,104
Sep-Oct25,0.55,10,9,YES,0.3,0.8,138,2010,0.5975,6.23,12518.0,0.3104,0.2871,5.92,859.5,13.06,-859.5,4663.9,9,0.778,0.086,0.171,0.0261,108
Sep-Oct25,0.55,30,3,ALL,0.0,1.0,1252,31172,0.585,34.63,1079495.0,0.3593,0.2257,5.69,32647.2,34.07,-29581.0,391302.7,9,0.778,0.487,0.676,0.2594,802
Sep-Oct25,0.55,30,3,ALL,0.0,0.5,1252,11485,0.2852,85.62,983292.0,0.3593,-0.0741,5.23,53996.4,17.1,-37468.7,382021.9,9,0.667,0.498,0.691,0.2716,613
Sep-Oct25,0.55,30,3,ALL,0.0,0.7,1252,19855,0.4259,50.5,1002756.0,0.3593,0.0666,5.36,47629.8,20.74,-35163.6,379091.7,9,0.667,0.49,0.68,0.2629,732
Sep-Oct25,0.55,30,3,ALL,0.3,0.8,1252,19622,0.5987,2.21,43327.0,0.3593,0.2393,7.15,3807.6,12.38,-2082.9,10533.8,9,0.778,0.023,0.057,0.0052,738
Sep-Oct25,0.55,30,3,NO,0.0,1.0,1252,18601,0.6074,38.13,709301.0,0.4246,0.1829,5.93,18035.5,40.33,-18035.5,246541.1,9,0.889,0.388,0.692,0.2061,690
Sep-Oct25,0.55,30,3,NO,0.0,0.5,1252,6160,0.2951,106.4,655402.0,0.4246,-0.1294,5.6,20364.2,33.18,-17437.1,229485.8,9,0.778,0.406,0.725,0.2261,458
Sep-Oct25,0.55,30,3,NO,0.0,0.7,1252,11210,0.4409,59.24,664134.0,0.4246,0.0163,5.66,18558.8,36.79,-18558.8,236340.9,9,0.889,0.395,0.706,0.2146,589
Sep-Oct25,0.55,30,3,NO,0.3,0.8,1252,11730,0.6029,1.66,19485.0,0.4246,0.1783,1.99,16483.0,1.92,-11715.6,12500.8,9,0.556,0.021,0.059,0.0054,608
Sep-Oct25,0.55,30,3,YES,0.0,1.0,1252,12571,0.5518,29.45,370195.0,0.3104,0.2414,2.77,35323.4,9.51,-12001.5,322366.2,9,0.556,0.566,0.613,0.3231,717
Sep-Oct25,0.55,30,3,YES,0.0,0.5,1252,5325,0.2738,61.58,327889.0,0.3104,-0.0366,2.44,55937.8,6.37,-20031.6,320050.6,9,0.556,0.588,0.637,0.3499,520
Sep-Oct25,0.55,30,3,YES,0.0,0.7,1252,8645,0.4066,39.17,338621.0,0.3104,0.0962,2.55,49795.3,7.04,-16604.8,317462.7,9,0.556,0.57,0.618,0.3285,627
Sep-Oct25,0.55,30,3,YES,0.3,0.8,1252,7892,0.5924,3.02,23842.0,0.3104,0.282,3.48,4415.8,3.87,-4415.8,11636.4,9,0.667,0.023,0.061,0.0055,637
Sep-Oct25,0.55,30,6,ALL,0.0,1.0,412,16917,0.5692,62.43,1056175.0,0.3593,0.2099,5.73,31574.3,34.45,-27837.5,391773.8,9,0.778,0.588,0.817,0.3774,327
Sep-Oct25,0.55,30,6,ALL,0.0,0.5,412,6580,0.2821,152.97,1006543.0,0.3593,-0.0773,5.5,39735.7,26.29,-31221.8,387466.7,9,0.667,0.588,0.816,0.3772,257
Sep-Oct25,0.55,30,6,ALL,0.0,0.7,412,11206,0.4233,91.09,1020786.0,0.3593,0.064,5.58,37941.7,27.9,-30588.7,386287.3,9,0.778,0.585,0.813,0.3734,310
Sep-Oct25,0.55,30,6,ALL,0.3,0.8,412,10770,0.5973,2.27,24471.0,0.3593,0.238,4.05,5788.9,5.23,-3700.1,10973.4,9,0.667,0.044,0.106,0.011,310
Sep-Oct25,0.55,30,6,NO,0.0,1.0,412,9724,0.5969,70.15,682173.0,0.4246,0.1723,5.72,18065.2,38.76,-16720.7,238134.0,9,0.778,0.468,0.835,0.2988,311
Sep-Oct25,0.55,30,6,NO,0.0,0.5,412,3321,0.2984,197.62,656300.0,0.4246,-0.1262,5.61,20382.7,33.2,-15685.2,227273.8,9,0.778,0.474,0.847,0.3074,219
Sep-Oct25,0.55,30,6,NO,0.0,0.7,412,6081,0.4458,109.04,663089.0,0.4246,0.0212,5.63,19634.3,34.77,-16821.0,232668.5,9,0.778,0.47,0.839,0.3013,274
Sep-Oct25,0.55,30,6,NO,0.3,0.8,412,6317,0.6023,1.7,10726.0,0.4246,0.1778,1.37,14685.4,1.57,-8380.1,11513.6,9,0.556,0.038,0.105,0.0103,280
Sep-Oct25,0.55,30,6,YES,0.0,1.0,412,7193,0.5319,52.0,374002.0,0.3104,0.2215,2.79,14743.2,14.24,-11116.8,325159.7,9,0.556,0.713,0.745,0.5107,292
Sep-Oct25,0.55,30,6,YES,0.0,0.5,412,3259,0.2654,107.47,350243.0,0.3104,-0.045,2.6,22485.2,10.37,-15536.7,324963.6,9,0.556,0.726,0.755,0.5289,222
Sep-Oct25,0.55,30,6,YES,0.0,0.7,412,5125,0.3967,69.79,357697.0,0.3104,0.0863,2.68,18307.4,11.36,-13767.7,322886.2,9,0.556,0.712,0.744,0.5098,262
Sep-Oct25,0.55,30,6,YES,0.3,0.8,412,4453,0.5902,3.09,13746.0,0.3104,0.2798,3.11,2362.7,2.94,-2535.9,6331.8,9,0.556,0.039,0.107,0.0125,268
Sep-Oct25,0.55,30,9,ALL,0.0,1.0,138,7453,0.594,108.66,809824.0,0.3593,0.2347,4.72,1478.7,548.66,-1478.7,398663.2,9,0.889,0.897,0.908,0.8046,119
Sep-Oct25,0.55,30,9,ALL,0.0,0.5,138,2819,0.3395,278.98,786438.0,0.3593,-0.0199,4.59,4187.3,188.82,-4187.3,395241.5,9,0.889,0.9,0.91,0.8101,105
Sep-Oct25,0.55,30,9,ALL,0.0,0.7,138,4956,0.4635,160.53,795571.0,0.3593,0.1041,4.65,2904.7,274.89,-2904.7,396176.2,9,0.889,0.898,0.909,0.8072,117
Sep-Oct25,0.55,30,9,ALL,0.3,0.8,138,5074,0.593,3.13,15882.0,0.3593,0.2337,4.58,2424.8,7.53,-1394.7,7306.9,9,0.667,0.079,0.189,0.0256,118
Sep-Oct25,0.55,30,9,NO,0.0,1.0,138,4463,0.6092,89.62,399952.0,0.4246,0.1847,4.69,0.0,inf,27.3,218586.6,9,1.0,0.874,0.893,0.7651,116
Sep-Oct25,0.55,30,9,NO,0.0,0.5,138,1519,0.3496,256.59,389764.0,0.4246,-0.075,4.53,1447.7,270.23,-1447.7,219031.5,9,0.889,0.891,0.909,0.7943,93
Sep-Oct25,0.55,30,9,NO,0.0,0.7,138,2834,0.4714,138.11,391403.0,0.4246,0.0468,4.6,520.8,752.58,-520.8,217040.8,9,0.889,0.879,0.897,0.7729,109
Sep-Oct25,0.55,30,9,NO,0.3,0.8,138,3064,0.5901,1.1,3364.0,0.4246,0.1655,0.81,7130.1,1.33,-3075.5,6821.0,9,0.444,0.082,0.197,0.0255,109
Sep-Oct25,0.55,30,9,YES,0.0,1.0,138,2990,0.5712,137.08,409872.0,0.3104,0.2608,3.05,2340.3,93.41,-2095.1,331011.3,9,0.667,0.878,0.89,0.7709,110
Sep-Oct25,0.55,30,9,YES,0.0,0.5,138,1300,0.3277,305.13,396675.0,0.3104,0.0173,2.95,5335.7,48.57,-3003.4,329859.4,9,0.667,0.885,0.897,0.7841,92
Sep-Oct25,0.55,30,9,YES,0.0,0.7,138,2122,0.4529,190.47,404168.0,0.3104,0.1425,3.02,4055.0,61.4,-2636.6,329863.1,9,0.667,0.881,0.893,0.7771,104
Sep-Oct25,0.55,30,9,YES,0.3,0.8,138,2010,0.5975,6.23,12518.0,0.3104,0.2871,5.92,859.5,13.06,-859.5,4663.9,9,0.778,0.086,0.171,0.0261,108
Sep-Oct25,0.55,50,3,ALL,0.0,1.0,798,28892,0.5828,37.61,1086699.0,0.3593,0.2235,5.71,25319.4,43.92,-22065.8,393759.5,9,0.778,0.504,0.7,0.278,551
Sep-Oct25,0.55,50,3,ALL,0.0,0.5,798,10720,0.2874,93.33,1000534.0,0.3593,-0.0719,5.3,45887.9,20.29,-31245.1,385703.1,9,0.667,0.514,0.714,0.2899,442
Sep-Oct25,0.55,50,3,ALL,0.0,0.7,798,18549,0.4266,54.83,1017121.0,0.3593,0.0673,5.41,39865.1,24.4,-28292.1,382507.5,9,0.667,0.506,0.703,0.2809,521
Sep-Oct25,0.55,50,3,ALL,0.3,0.8,798,18316,0.597,2.05,37610.0,0.3593,0.2376,7.25,2588.0,15.53,-2588.0,9679.3,9,0.889,0.026,0.066,0.0067,521
Sep-Oct25,0.55,50,3,NO,0.0,1.0,798,17533,0.605,40.48,709809.0,0.4246,0.1805,5.94,13281.6,54.44,-13281.6,245345.5,9,0.889,0.399,0.712,0.2184,504
Sep-Oct25,0.55,50,3,NO,0.0,0.5,798,5869,0.2973,112.48,660135.0,0.4246,-0.1272,5.62,17415.7,38.9,-14538.2,231358.3,9,0.778,0.416,0.744,0.2379,360
Sep-Oct25,0.55,50,3,NO,0.0,0.7,798,10666,0.4411,62.58,667482.0,0.4246,0.0165,5.66,14987.8,45.54,-14987.8,237329.4,9,0.889,0.406,0.725,0.2264,452
Sep-Oct25,0.55,50,3,NO,0.3,0.8,798,11122,0.603,1.82,20265.0,0.4246,0.1785,2.45,12786.7,2.19,-8252.4,11491.5,9,0.556,0.024,0.067,0.0066,459
Sep-Oct25,0.55,50,3,YES,0.0,1.0,798,11359,0.5486,33.18,376890.0,0.3104,0.2381,2.8,33534.8,9.74,-12449.9,324666.8,9,0.556,0.597,0.648,0.3602,494
Sep-Oct25,0.55,50,3,YES,0.0,0.5,798,4851,0.2754,70.17,340399.0,0.3104,-0.035,2.51,50590.4,6.87,-16706.9,323168.7,9,0.556,0.619,0.67,0.3872,376
Sep-Oct25,0.55,50,3,YES,0.0,0.7,798,7883,0.407,44.35,349639.0,0.3104,0.0965,2.61,45822.2,7.51,-15520.0,320359.4,9,0.556,0.601,0.651,0.3645,449
Sep-Oct25,0.55,50,3,YES,0.3,0.8,798,7194,0.5876,2.41,17344.0,0.3104,0.2772,2.57,4403.4,2.66,-4403.4,10818.8,9,0.444,0.028,0.073,0.0074,457
Sep-Oct25,0.55,50,6,ALL,0.0,1.0,374,16683,0.569,63.52,1059652.0,0.3593,0.2097,5.74,30304.8,35.97,-26591.9,392306.2,9,0.778,0.591,0.821,0.3811,302
Sep-Oct25,0.55,50,6,ALL,0.0,0.5,374,6499,0.2833,155.48,1010444.0,0.3593,-0.0761,5.51,38821.3,27.02,-30385.0,388188.5,9,0.667,0.59,0.819,0.3801,240
Sep-Oct25,0.55,50,6,ALL,0.0,0.7,374,11089,0.4244,92.39,1024562.0,0.3593,0.065,5.6,36855.7,28.8,-29463.8,386916.8,9,0.778,0.588,0.816,0.3766,287
Sep-Oct25,0.55,50,6,ALL,0.3,0.8,374,10665,0.5973,2.3,24491.0,0.3593,0.2379,4.28,4893.6,6.0,-3343.2,10343.9,9,0.667,0.045,0.109,0.0117,287
Sep-Oct25,0.55,50,6,NO,0.0,1.0,374,9607,0.5959,71.08,682900.0,0.4246,0.1713,5.73,17433.7,40.17,-16153.2,238257.2,9,0.778,0.469,0.838,0.3008,288
Sep-Oct25,0.55,50,6,NO,0.0,0.5,374,3300,0.2988,199.03,656814.0,0.4246,-0.1258,5.61,20271.6,33.4,-15485.2,227529.4,9,0.778,0.475,0.848,0.3086,209
Sep-Oct25,0.55,50,6,NO,0.0,0.7,374,6039,0.4459,109.89,663609.0,0.4246,0.0214,5.63,19270.3,35.44,-16321.0,232803.7,9,0.778,0.471,0.841,0.3027,257
Sep-Oct25,0.55,50,6,NO,0.3,0.8,374,6267,0.6025,1.77,11116.0,0.4246,0.1779,1.47,13930.5,1.62,-7921.9,11364.4,9,0.556,0.039,0.108,0.0108,261
Sep-Oct25,0.55,50,6,YES,0.0,1.0,374,7076,0.5325,53.24,376752.0,0.3104,0.2221,2.81,14687.7,14.67,-10438.7,325847.2,9,0.556,0.718,0.751,0.5183,272
Sep-Oct25,0.55,50,6,YES,0.0,0.5,374,3199,0.2673,110.54,353630.0,0.3104,-0.0431,2.62,20898.2,10.8,-14899.8,325685.5,9,0.556,0.731,0.761,0.5366,207
Sep-Oct25,0.55,50,6,YES,0.0,0.7,374,5050,0.3986,71.48,360953.0,0.3104,0.0882,2.7,17585.4,11.77,-13142.8,323608.0,9,0.556,0.718,0.749,0.5174,246
Sep-Oct25,0.55,50,6,YES,0.3,0.8,374,4398,0.5898,3.04,13374.0,0.3104,0.2794,3.09,2162.7,2.85,-2210.4,6431.5,9,0.556,0.04,0.11,0.0132,253
Sep-Oct25,0.55,50,9,ALL,0.0,1.0,138,7453,0.594,108.66,809824.0,0.3593,0.2347,4.72,1478.7,548.66,-1478.7,398663.2,9,0.889,0.897,0.908,0.8046,119
Sep-Oct25,0.55,50,9,ALL,0.0,0.5,138,2819,0.3395,278.98,786438.0,0.3593,-0.0199,4.59,4187.3,188.82,-4187.3,395241.5,9,0.889,0.9,0.91,0.8101,105
Sep-Oct25,0.55,50,9,ALL,0.0,0.7,138,4956,0.4635,160.53,795571.0,0.3593,0.1041,4.65,2904.7,274.89,-2904.7,396176.2,9,0.889,0.898,0.909,0.8072,117
Sep-Oct25,0.55,50,9,ALL,0.3,0.8,138,5074,0.593,3.13,15882.0,0.3593,0.2337,4.58,2424.8,7.53,-1394.7,7306.9,9,0.667,0.079,0.189,0.0256,118
Sep-Oct25,0.55,50,9,NO,0.0,1.0,138,4463,0.6092,89.62,399952.0,0.4246,0.1847,4.69,0.0,inf,27.3,218586.6,9,1.0,0.874,0.893,0.7651,116
Sep-Oct25,0.55,50,9,NO,0.0,0.5,138,1519,0.3496,256.59,389764.0,0.4246,-0.075,4.53,1447.7,270.23,-1447.7,219031.5,9,0.889,0.891,0.909,0.7943,93
Sep-Oct25,0.55,50,9,NO,0.0,0.7,138,2834,0.4714,138.11,391403.0,0.4246,0.0468,4.6,520.8,752.58,-520.8,217040.8,9,0.889,0.879,0.897,0.7729,109
Sep-Oct25,0.55,50,9,NO,0.3,0.8,138,3064,0.5901,1.1,3364.0,0.4246,0.1655,0.81,7130.1,1.33,-3075.5,6821.0,9,0.444,0.082,0.197,0.0255,109
Sep-Oct25,0.55,50,9,YES,0.0,1.0,138,2990,0.5712,137.08,409872.0,0.3104,0.2608,3.05,2340.3,93.41,-2095.1,331011.3,9,0.667,0.878,0.89,0.7709,110
Sep-Oct25,0.55,50,9,YES,0.0,0.5,138,1300,0.3277,305.13,396675.0,0.3104,0.0173,2.95,5335.7,48.57,-3003.4,329859.4,9,0.667,0.885,0.897,0.7841,92
Sep-Oct25,0.55,50,9,YES,0.0,0.7,138,2122,0.4529,190.47,404168.0,0.3104,0.1425,3.02,4055.0,61.4,-2636.6,329863.1,9,0.667,0.881,0.893,0.7771,104
Sep-Oct25,0.55,50,9,YES,0.3,0.8,138,2010,0.5975,6.23,12518.0,0.3104,0.2871,5.92,859.5,13.06,-859.5,4663.9,9,0.778,0.086,0.171,0.0261,108
Sep-Oct25,0.6,10,3,ALL,0.0,1.0,1636,20404,0.6165,50.99,1040458.0,0.3593,0.2572,5.33,12950.7,81.34,-12950.7,395384.3,9,0.889,0.559,0.733,0.3379,888
Sep-Oct25,0.6,10,3,ALL,0.0,0.5,1636,6513,0.2791,149.13,971288.0,0.3593,-0.0802,5.05,19735.8,40.14,-17227.0,387778.9,9,0.667,0.579,0.759,0.3629,593
Sep-Oct25,0.6,10,3,ALL,0.0,0.7,1636,11770,0.4291,83.22,979514.0,0.3593,0.0697,5.09,16138.6,54.85,-16106.1,385581.0,9,0.667,0.568,0.744,0.3486,756
Sep-Oct25,0.6,10,3,ALL,0.3,0.8,1636,12011,0.6147,3.18,38153.0,0.3593,0.2553,4.84,3959.5,10.64,-3064.2,17363.2,9,0.667,0.022,0.064,0.0058,767
Sep-Oct25,0.6,10,3,NO,0.0,1.0,1636,12277,0.6298,50.76,623238.0,0.4246,0.2052,5.03,5188.5,121.12,-5188.5,251283.3,9,0.889,0.462,0.735,0.2815,680
Sep-Oct25,0.6,10,3,NO,0.0,0.5,1636,3546,0.2786,166.17,589228.0,0.4246,-0.1459,4.88,4057.2,146.23,-4057.2,237471.1,9,0.889,0.494,0.782,0.3213,374
Sep-Oct25,0.6,10,3,NO,0.0,0.7,1636,6724,0.4331,87.43,587851.0,0.4246,0.0085,4.84,5175.3,114.59,-5175.3,241407.2,9,0.889,0.477,0.755,0.2999,539
Sep-Oct25,0.6,10,3,NO,0.3,0.8,1636,7172,0.6093,1.2,8612.0,0.4246,0.1847,1.16,17020.1,1.45,-6745.7,9380.4,9,0.556,0.027,0.074,0.0062,562
Sep-Oct25,0.6,10,3,YES,0.0,1.0,1636,8127,0.5964,51.34,417220.0,0.3104,0.286,3.13,10351.6,23.8,-7762.3,326485.0,9,0.556,0.632,0.685,0.4032,745
Sep-Oct25,0.6,10,3,YES,0.0,0.5,1636,2967,0.2797,128.77,382060.0,0.3104,-0.0307,2.86,19885.2,13.25,-13169.8,322992.4,9,0.556,0.663,0.717,0.4434,489
Sep-Oct25,0.6,10,3,YES,0.0,0.7,1636,5046,0.4237,77.62,391663.0,0.3104,0.1133,2.95,15947.7,14.74,-10930.8,321960.0,9,0.556,0.645,0.698,0.4191,605
Sep-Oct25,0.6,10,3,YES,0.3,0.8,1636,4839,0.6226,6.1,29540.0,0.3104,0.3122,6.35,3552.4,6.87,-3552.4,7982.8,9,0.778,0.031,0.073,0.0062,613
Sep-Oct25,0.6,10,6,ALL,0.0,1.0,295,8307,0.603,123.0,1021751.0,0.3593,0.2436,5.48,9515.9,108.37,-9515.9,396670.7,9,0.889,0.685,0.884,0.5044,233
Sep-Oct25,0.6,10,6,ALL,0.0,0.5,295,2904,0.3061,343.33,997032.0,0.3593,-0.0532,5.38,9765.4,103.1,-9765.4,394123.2,9,0.889,0.691,0.892,0.514,174
Sep-Oct25,0.6,10,6,ALL,0.0,0.7,295,5130,0.4404,195.3,1001871.0,0.3593,0.081,5.41,9629.5,105.04,-9629.5,392963.5,9,0.889,0.686,0.886,0.5061,217
Sep-Oct25,0.6,10,6,ALL,0.3,0.8,295,5066,0.6046,3.36,17024.0,0.3593,0.2453,3.5,4877.2,4.25,-2103.9,8409.8,9,0.556,0.053,0.127,0.0155,219
Sep-Oct25,0.6,10,6,NO,0.0,1.0,295,4510,0.6246,135.68,611920.0,0.4246,0.2,5.08,3614.1,170.32,-3614.1,240700.5,9,0.889,0.567,0.891,0.4218,221
Sep-Oct25,0.6,10,6,NO,0.0,0.5,295,1379,0.3147,435.57,600650.0,0.4246,-0.1099,5.07,2502.4,241.03,-2502.4,233297.3,9,0.889,0.581,0.913,0.4433,144
Sep-Oct25,0.6,10,6,NO,0.0,0.7,295,2629,0.4526,228.58,600932.0,0.4246,0.0281,5.05,2779.3,217.22,-2779.3,236027.0,9,0.889,0.573,0.9,0.4311,191
Sep-Oct25,0.6,10,6,NO,0.3,0.8,295,2719,0.6057,2.11,5728.0,0.4246,0.1812,1.17,10109.7,1.47,-4213.4,7210.4,9,0.556,0.06,0.134,0.0145,195
Sep-Oct25,0.6,10,6,YES,0.0,1.0,295,3797,0.5773,107.94,409831.0,0.3104,0.2669,3.07,5920.8,35.67,-5901.9,328557.4,9,0.667,0.803,0.837,0.6464,205
Sep-Oct25,0.6,10,6,YES,0.0,0.5,295,1525,0.2984,259.92,396382.0,0.3104,-0.012,2.97,7263.1,28.41,-7263.1,327792.3,9,0.667,0.821,0.855,0.6763,149
Sep-Oct25,0.6,10,6,YES,0.0,0.7,295,2501,0.4274,160.31,400939.0,0.3104,0.117,3.02,6850.2,32.17,-6850.2,326798.9,9,0.667,0.809,0.843,0.6562,177
Sep-Oct25,0.6,10,6,YES,0.3,0.8,295,2347,0.6033,4.81,11297.0,0.3104,0.2929,3.95,2639.3,3.8,-2639.3,4312.9,9,0.778,0.058,0.131,0.0192,187
Sep-Oct25,0.6,10,9,ALL,0.0,1.0,110,4749,0.625,171.61,814983.0,0.3593,0.2656,4.74,2221.1,367.92,-2221.1,399624.2,9,0.889,0.922,0.933,0.8498,95
Sep-Oct25,0.6,10,9,ALL,0.0,0.5,110,1648,0.3471,482.49,795136.0,0.3593,-0.0122,4.64,4492.0,178.01,-4492.0,396604.3,9,0.889,0.923,0.934,0.8525,82
Sep-Oct25,0.6,10,9,ALL,0.0,0.7,110,2934,0.4714,273.21,801594.0,0.3593,0.112,4.67,3583.2,224.71,-3583.2,397327.3,9,0.889,0.921,0.932,0.8484,94
Sep-Oct25,0.6,10,9,ALL,0.3,0.8,110,3034,0.6101,4.58,13911.0,0.3593,0.2507,3.94,2400.6,6.79,-1348.4,7658.0,9,0.556,0.098,0.234,0.0349,95
Sep-Oct25,0.6,10,9,NO,0.0,1.0,110,2547,0.6408,156.83,399454.0,0.4246,0.2162,4.64,1074.6,372.74,-1074.6,219624.9,9,0.889,0.904,0.923,0.8169,93
Sep-Oct25,0.6,10,9,NO,0.0,0.5,110,782,0.3517,500.11,391090.0,0.4246,-0.0729,4.53,2179.3,180.46,-2179.3,219278.4,9,0.889,0.917,0.936,0.8422,72
Sep-Oct25,0.6,10,9,NO,0.0,0.7,110,1487,0.4721,263.24,391442.0,0.4246,0.0475,4.55,1550.7,253.43,-1550.7,218532.7,9,0.889,0.906,0.925,0.8218,87
Sep-Oct25,0.6,10,9,NO,0.3,0.8,110,1591,0.604,1.84,2920.0,0.4246,0.1794,0.96,5712.9,1.43,-2564.3,5270.4,9,0.444,0.107,0.239,0.0341,87
Sep-Oct25,0.6,10,9,YES,0.0,1.0,110,2202,0.6067,188.71,415529.0,0.3104,0.2963,3.11,1288.8,163.35,-1288.8,330444.4,9,0.667,0.909,0.921,0.8262,89
Sep-Oct25,0.6,10,9,YES,0.0,0.5,110,866,0.343,466.57,404047.0,0.3104,0.0326,3.02,3484.6,75.54,-2312.7,329325.1,9,0.667,0.914,0.926,0.835,73
Sep-Oct25,0.6,10,9,YES,0.0,0.7,110,1447,0.4706,283.45,410152.0,0.3104,0.1602,3.07,2782.5,92.53,-2032.5,329320.4,9,0.667,0.912,0.924,0.8311,84
Sep-Oct25,0.6,10,9,YES,0.3,0.8,110,1443,0.6168,7.62,10990.0,0.3104,0.3064,4.62,1826.9,4.66,-1826.9,4260.7,9,0.778,0.116,0.232,0.0368,88
Sep-Oct25,0.6,30,3,ALL,0.0,1.0,845,18747,0.6168,55.88,1047502.0,0.3593,0.2575,5.38,11448.2,92.5,-11448.2,397675.9,9,0.889,0.579,0.758,0.3619,540
Sep-Oct25,0.6,30,3,ALL,0.0,0.5,845,5984,0.2772,163.83,980336.0,0.3593,-0.0821,5.1,16048.2,50.54,-15049.5,390136.1,9,0.667,0.595,0.779,0.3822,391
Sep-Oct25,0.6,30,3,ALL,0.0,0.7,845,10842,0.4292,91.24,989263.0,0.3593,0.0698,5.15,15029.9,63.68,-15029.9,387970.0,9,0.778,0.586,0.768,0.3714,480
Sep-Oct25,0.6,30,3,ALL,0.3,0.8,845,11090,0.615,3.17,35107.0,0.3593,0.2556,5.98,1893.9,19.54,-1353.4,12544.2,9,0.667,0.028,0.079,0.0084,489
Sep-Oct25,0.6,30,3,NO,0.0,1.0,845,11520,0.6303,54.74,630595.0,0.4246,0.2057,5.11,3768.8,168.32,-3768.8,249712.8,9,0.889,0.477,0.758,0.2997,464
Sep-Oct25,0.6,30,3,NO,0.0,0.5,845,3375,0.2791,176.0,594011.0,0.4246,-0.1455,4.92,2995.8,199.28,-2995.8,237503.2,9,0.889,0.503,0.796,0.3334,283
Sep-Oct25,0.6,30,3,NO,0.0,0.7,845,6366,0.434,93.39,594502.0,0.4246,0.0095,4.89,4248.5,140.93,-4248.5,241168.4,9,0.889,0.49,0.776,0.3164,387
Sep-Oct25,0.6,30,3,NO,0.3,0.8,845,6757,0.6125,1.76,11923.0,0.4246,0.188,1.82,13621.6,1.79,-6558.8,8438.9,9,0.556,0.032,0.088,0.0084,405
Sep-Oct25,0.6,30,3,YES,0.0,1.0,845,7227,0.5954,57.69,416907.0,0.3104,0.285,3.11,9550.9,24.68,-7679.4,327919.3,9,0.556,0.667,0.723,0.4487,479
Sep-Oct25,0.6,30,3,YES,0.0,0.5,845,2609,0.2748,148.07,386326.0,0.3104,-0.0356,2.89,17161.1,14.54,-12053.7,324507.2,9,0.556,0.693,0.75,0.4844,330
Sep-Oct25,0.6,30,3,YES,0.0,0.7,845,4476,0.4223,88.19,394760.0,0.3104,0.1118,2.97,15089.6,16.0,-10781.4,323798.1,9,0.556,0.678,0.734,0.4629,402
Sep-Oct25,0.6,30,3,YES,0.3,0.8,845,4333,0.6187,5.35,23184.0,0.3104,0.3083,6.12,3947.1,5.93,-3947.1,5521.7,9,0.778,0.039,0.091,0.0092,418
Sep-Oct25,0.6,30,6,ALL,0.0,1.0,288,8289,0.6028,123.3,1022024.0,0.3593,0.2435,5.48,9415.9,109.54,-9415.9,396970.7,9,0.889,0.685,0.885,0.5046,229
Sep-Oct25,0.6,30,6,ALL,0.0,0.5,288,2901,0.3064,343.79,997332.0,0.3593,-0.0529,5.38,9765.4,103.13,-9765.4,394323.2,9,0.889,0.691,0.892,0.5142,172
Sep-Oct25,0.6,30,6,ALL,0.0,0.7,288,5124,0.4407,195.61,1002304.0,0.3593,0.0813,5.41,9529.5,106.18,-9529.5,393163.5,9,0.889,0.686,0.886,0.5065,214
Sep-Oct25,0.6,30,6,ALL,0.3,0.8,288,5058,0.6044,3.36,16992.0,0.3593,0.2451,3.5,4803.6,4.29,-2003.9,8409.8,9,0.556,0.053,0.127,0.0156,215
Sep-Oct25,0.6,30,6,NO,0.0,1.0,288,4501,0.625,136.05,612340.0,0.4246,0.2004,5.09,3514.1,175.25,-3514.1,240686.7,9,0.889,0.567,0.891,0.4223,217
Sep-Oct25,0.6,30,6,NO,0.0,0.5,288,1377,0.3152,436.35,600850.0,0.4246,-0.1094,5.07,2502.4,241.11,-2502.4,233297.3,9,0.889,0.581,0.913,0.4436,143
Sep-Oct25,0.6,30,6,NO,0.0,0.7,288,2625,0.4533,229.08,601332.0,0.4246,0.0288,5.05,2679.3,225.44,-2679.3,236027.0,9,0.889,0.573,0.901,0.4316,188
Sep-Oct25,0.6,30,6,NO,0.3,0.8,288,2716,0.606,2.17,5892.0,0.4246,0.1815,1.21,10009.7,1.49,-4213.4,7210.4,9,0.556,0.06,0.134,0.0146,193
Sep-Oct25,0.6,30,6,YES,0.0,1.0,288,3788,0.5766,108.15,409684.0,0.3104,0.2662,3.07,5947.2,35.58,-5901.9,328557.4,9,0.667,0.803,0.838,0.6473,201
Sep-Oct25,0.6,30,6,YES,0.0,0.5,288,1524,0.2986,260.16,396482.0,0.3104,-0.0118,2.97,7263.1,28.42,-7263.1,327792.3,9,0.667,0.821,0.855,0.6766,148
Sep-Oct25,0.6,30,6,YES,0.0,0.7,288,2499,0.4274,160.45,400972.0,0.3104,0.117,3.02,6850.2,32.17,-6850.2,326798.9,9,0.667,0.809,0.843,0.6567,175
Sep-Oct25,0.6,30,6,YES,0.3,0.8,288,2342,0.6025,4.74,11100.0,0.3104,0.2921,3.88,2639.3,3.68,-2639.3,4247.9,9,0.778,0.059,0.131,0.0194,184
Sep-Oct25,0.6,30,9,ALL,0.0,1.0,110,4749,0.625,171.61,814983.0,0.3593,0.2656,4.74,2221.1,367.92,-2221.1,399624.2,9,0.889,0.922,0.933,0.8498,95
Sep-Oct25,0.6,30,9,ALL,0.0,0.5,110,1648,0.3471,482.49,795136.0,0.3593,-0.0122,4.64,4492.0,178.01,-4492.0,396604.3,9,0.889,0.923,0.934,0.8525,82
Sep-Oct25,0.6,30,9,ALL,0.0,0.7,110,2934,0.4714,273.21,801594.0,0.3593,0.112,4.67,3583.2,224.71,-3583.2,397327.3,9,0.889,0.921,0.932,0.8484,94
Sep-Oct25,0.6,30,9,ALL,0.3,0.8,110,3034,0.6101,4.58,13911.0,0.3593,0.2507,3.94,2400.6,6.79,-1348.4,7658.0,9,0.556,0.098,0.234,0.0349,95
Sep-Oct25,0.6,30,9,NO,0.0,1.0,110,2547,0.6408,156.83,399454.0,0.4246,0.2162,4.64,1074.6,372.74,-1074.6,219624.9,9,0.889,0.904,0.923,0.8169,93
Sep-Oct25,0.6,30,9,NO,0.0,0.5,110,782,0.3517,500.11,391090.0,0.4246,-0.0729,4.53,2179.3,180.46,-2179.3,219278.4,9,0.889,0.917,0.936,0.8422,72
Sep-Oct25,0.6,30,9,NO,0.0,0.7,110,1487,0.4721,263.24,391442.0,0.4246,0.0475,4.55,1550.7,253.43,-1550.7,218532.7,9,0.889,0.906,0.925,0.8218,87
Sep-Oct25,0.6,30,9,NO,0.3,0.8,110,1591,0.604,1.84,2920.0,0.4246,0.1794,0.96,5712.9,1.43,-2564.3,5270.4,9,0.444,0.107,0.239,0.0341,87
Sep-Oct25,0.6,30,9,YES,0.0,1.0,110,2202,0.6067,188.71,415529.0,0.3104,0.2963,3.11,1288.8,163.35,-1288.8,330444.4,9,0.667,0.909,0.921,0.8262,89
Sep-Oct25,0.6,30,9,YES,0.0,0.5,110,866,0.343,466.57,404047.0,0.3104,0.0326,3.02,3484.6,75.54,-2312.7,329325.1,9,0.667,0.914,0.926,0.835,73
Sep-Oct25,0.6,30,9,YES,0.0,0.7,110,1447,0.4706,283.45,410152.0,0.3104,0.1602,3.07,2782.5,92.53,-2032.5,329320.4,9,0.667,0.912,0.924,0.8311,84
Sep-Oct25,0.6,30,9,YES,0.3,0.8,110,1443,0.6168,7.62,10990.0,0.3104,0.3064,4.62,1826.9,4.66,-1826.9,4260.7,9,0.778,0.116,0.232,0.0368,88
Sep-Oct25,0.6,50,3,ALL,0.0,1.0,513,16982,0.6161,62.32,1058320.0,0.3593,0.2567,5.45,4604.6,230.84,-4604.6,399893.5,9,0.889,0.595,0.779,0.3821,356
Sep-Oct25,0.6,50,3,ALL,0.0,0.5,513,5415,0.2816,184.82,1000795.0,0.3593,-0.0777,5.2,9595.7,75.45,-9595.7,393591.7,9,0.778,0.61,0.799,0.4023,271
Sep-Oct25,0.6,50,3,ALL,0.0,0.7,513,9875,0.431,101.92,1006487.0,0.3593,0.0717,5.23,8450.0,94.43,-8450.0,390987.8,9,0.778,0.601,0.788,0.3908,332
Sep-Oct25,0.6,50,3,ALL,0.3,0.8,513,10113,0.6135,2.98,30104.0,0.3593,0.2541,6.52,1348.4,23.33,-758.0,10392.2,9,0.778,0.033,0.094,0.0113,334
Sep-Oct25,0.6,50,3,NO,0.0,1.0,513,10657,0.6278,59.59,635040.0,0.4246,0.2032,5.19,0.0,inf,971.1,248533.9,9,1.0,0.488,0.776,0.3135,330
Sep-Oct25,0.6,50,3,NO,0.0,0.5,513,3158,0.2818,190.65,602071.0,0.4246,-0.1427,4.99,0.0,inf,66.3,238975.7,9,1.0,0.512,0.811,0.3454,219
Sep-Oct25,0.6,50,3,NO,0.0,0.7,513,5951,0.4344,101.14,601912.0,0.4246,0.0098,4.97,202.5,2973.46,-202.5,241968.1,9,0.889,0.499,0.791,0.3286,294
Sep-Oct25,0.6,50,3,NO,0.3,0.8,513,6275,0.6132,1.98,12397.0,0.4246,0.1887,2.26,10457.1,2.03,-3608.7,7562.3,9,0.556,0.037,0.101,0.0107,300
Sep-Oct25,0.6,50,3,YES,0.0,1.0,513,6325,0.5964,66.92,423279.0,0.3104,0.286,3.15,10185.6,27.31,-5575.7,329991.6,9,0.556,0.697,0.755,0.4894,315
Sep-Oct25,0.6,50,3,YES,0.0,0.5,513,2257,0.2813,176.66,398725.0,0.3104,-0.0291,2.97,13173.9,17.06,-9662.0,327351.1,9,0.556,0.722,0.781,0.5256,226
Sep-Oct25,0.6,50,3,YES,0.0,0.7,513,3924,0.4258,103.1,404575.0,0.3104,0.1154,3.02,11774.3,18.48,-8247.5,326255.7,9,0.556,0.706,0.765,0.5021,276
Sep-Oct25,0.6,50,3,YES,0.3,0.8,513,3838,0.6139,4.61,17707.0,0.3104,0.3035,4.73,4099.1,4.16,-4099.1,5221.4,9,0.778,0.048,0.111,0.013,288
Sep-Oct25,0.6,50,6,ALL,0.0,1.0,256,8105,0.603,126.4,1024477.0,0.3593,0.2436,5.48,8211.5,125.76,-8211.5,397595.4,9,0.889,0.688,0.889,0.5092,209
Sep-Oct25,0.6,50,6,ALL,0.0,0.5,256,2835,0.3093,352.88,1000423.0,0.3593,-0.05,5.39,8865.4,113.85,-8865.4,395045.1,9,0.889,0.694,0.895,0.518,159
Sep-Oct25,0.6,50,6,ALL,0.0,0.7,256,5035,0.4429,199.64,1005171.0,0.3593,0.0836,5.42,8378.7,120.97,-8378.7,393885.3,9,0.889,0.689,0.89,0.5107,196
Sep-Oct25,0.6,50,6,ALL,0.3,0.8,256,4981,0.6043,3.39,16902.0,0.3593,0.245,3.67,4110.4,4.92,-1647.5,8468.3,9,0.444,0.055,0.133,0.0167,197
Sep-Oct25,0.6,50,6,NO,0.0,1.0,256,4411,0.6237,138.92,612767.0,0.4246,0.1991,5.09,3113.6,197.8,-3113.6,240713.2,9,0.889,0.569,0.894,0.4251,199
Sep-Oct25,0.6,50,6,NO,0.0,0.5,256,1360,0.3162,442.04,601173.0,0.4246,-0.1084,5.07,2302.4,262.11,-2302.4,233452.8,9,0.889,0.582,0.915,0.4451,136
Sep-Oct25,0.6,50,6,NO,0.0,0.7,256,2595,0.4539,231.88,601717.0,0.4246,0.0294,5.05,2279.3,264.99,-2279.3,236144.6,9,0.889,0.575,0.903,0.4334,176
Sep-Oct25,0.6,50,6,NO,0.3,0.8,256,2681,0.6065,2.33,6246.0,0.4246,0.1819,1.31,9654.8,1.54,-4273.3,7143.4,9,0.556,0.062,0.139,0.0155,179
Sep-Oct25,0.6,50,6,YES,0.0,1.0,256,3694,0.5782,111.45,411711.0,0.3104,0.2678,3.08,5947.2,38.28,-5097.9,329245.0,9,0.667,0.809,0.843,0.6561,185
Sep-Oct25,0.6,50,6,YES,0.0,0.5,256,1475,0.3031,270.68,399250.0,0.3104,-0.0074,2.98,6815.0,30.84,-6563.1,328514.1,9,0.667,0.827,0.861,0.686,136
Sep-Oct25,0.6,50,6,YES,0.0,0.7,256,2440,0.4311,165.35,403454.0,0.3104,0.1207,3.03,6099.4,34.81,-6099.4,327520.8,9,0.667,0.815,0.849,0.6657,162
Sep-Oct25,0.6,50,6,YES,0.3,0.8,256,2300,0.6017,4.63,10656.0,0.3104,0.2913,3.83,2439.3,3.52,-2439.3,3893.7,9,0.778,0.061,0.136,0.0207,171
Sep-Oct25,0.6,50,9,ALL,0.0,1.0,110,4749,0.625,171.61,814983.0,0.3593,0.2656,4.74,2221.1,367.92,-2221.1,399624.2,9,0.889,0.922,0.933,0.8498,95
Sep-Oct25,0.6,50,9,ALL,0.0,0.5,110,1648,0.3471,482.49,795136.0,0.3593,-0.0122,4.64,4492.0,178.01,-4492.0,396604.3,9,0.889,0.923,0.934,0.8525,82
Sep-Oct25,0.6,50,9,ALL,0.0,0.7,110,2934,0.4714,273.21,801594.0,0.3593,0.112,4.67,3583.2,224.71,-3583.2,397327.3,9,0.889,0.921,0.932,0.8484,94
Sep-Oct25,0.6,50,9,ALL,0.3,0.8,110,3034,0.6101,4.58,13911.0,0.3593,0.2507,3.94,2400.6,6.79,-1348.4,7658.0,9,0.556,0.098,0.234,0.0349,95
Sep-Oct25,0.6,50,9,NO,0.0,1.0,110,2547,0.6408,156.83,399454.0,0.4246,0.2162,4.64,1074.6,372.74,-1074.6,219624.9,9,0.889,0.904,0.923,0.8169,93
Sep-Oct25,0.6,50,9,NO,0.0,0.5,110,782,0.3517,500.11,391090.0,0.4246,-0.0729,4.53,2179.3,180.46,-2179.3,219278.4,9,0.889,0.917,0.936,0.8422,72
Sep-Oct25,0.6,50,9,NO,0.0,0.7,110,1487,0.4721,263.24,391442.0,0.4246,0.0475,4.55,1550.7,253.43,-1550.7,218532.7,9,0.889,0.906,0.925,0.8218,87
Sep-Oct25,0.6,50,9,NO,0.3,0.8,110,1591,0.604,1.84,2920.0,0.4246,0.1794,0.96,5712.9,1.43,-2564.3,5270.4,9,0.444,0.107,0.239,0.0341,87
Sep-Oct25,0.6,50,9,YES,0.0,1.0,110,2202,0.6067,188.71,415529.0,0.3104,0.2963,3.11,1288.8,163.35,-1288.8,330444.4,9,0.667,0.909,0.921,0.8262,89
Sep-Oct25,0.6,50,9,YES,0.0,0.5,110,866,0.343,466.57,404047.0,0.3104,0.0326,3.02,3484.6,75.54,-2312.7,329325.1,9,0.667,0.914,0.926,0.835,73
Sep-Oct25,0.6,50,9,YES,0.0,0.7,110,1447,0.4706,283.45,410152.0,0.3104,0.1602,3.07,2782.5,92.53,-2032.5,329320.4,9,0.667,0.912,0.924,0.8311,84
Sep-Oct25,0.6,50,9,YES,0.3,0.8,110,1443,0.6168,7.62,10990.0,0.3104,0.3064,4.62,1826.9,4.66,-1826.9,4260.7,9,0.778,0.116,0.232,0.0368,88
Sep-Oct25,0.65,10,3,ALL,0.0,1.0,1117,11722,0.6627,24.42,286204.0,0.3593,0.3033,2.81,10286.8,25.77,-10286.8,248713.9,9,0.778,0.478,0.574,0.237,622
Sep-Oct25,0.65,10,3,ALL,0.0,0.5,1117,3069,0.2903,74.8,229551.0,0.3593,-0.069,2.34,10788.6,13.26,-6869.4,234900.7,9,0.556,0.523,0.626,0.2833,392
Sep-Oct25,0.65,10,3,ALL,0.0,0.7,1117,6037,0.4612,40.59,245023.0,0.3593,0.1018,2.45,7158.3,17.69,-7158.3,240322.2,9,0.556,0.5,0.601,0.2593,518
Sep-Oct25,0.65,10,3,ALL,0.3,0.8,1117,6687,0.6463,6.29,42082.0,0.3593,0.287,8.39,1419.5,30.64,-1419.5,11290.6,9,0.889,0.037,0.083,0.0067,533
Sep-Oct25,0.65,10,3,NO,0.0,1.0,1117,6507,0.6737,37.95,246971.0,0.4246,0.2492,2.64,6601.2,31.41,-6601.2,226765.3,9,0.778,0.626,0.681,0.3954,481
Sep-Oct25,0.65,10,3,NO,0.0,0.5,1117,1485,0.2795,149.31,221727.0,0.4246,-0.1451,2.46,5526.8,34.57,-2596.8,216768.4,9,0.556,0.703,0.75,0.4972,246
Sep-Oct25,0.65,10,3,NO,0.0,0.7,1117,3132,0.4601,72.05,225660.0,0.4246,0.0355,2.47,4369.6,31.69,-3612.2,220359.6,9,0.667,0.666,0.711,0.4456,364
Sep-Oct25,0.65,10,3,NO,0.3,0.8,1117,3656,0.6324,2.72,9956.0,0.4246,0.2078,1.95,9420.2,1.91,-5119.7,6507.0,9,0.556,0.033,0.065,0.0067,389
Sep-Oct25,0.65,10,3,YES,0.0,1.0,1117,5215,0.6489,7.52,39233.0,0.3104,0.3385,4.01,3685.6,6.56,-3685.6,21948.7,9,0.667,0.132,0.249,0.0372,522
Sep-Oct25,0.65,10,3,YES,0.0,0.5,1117,1584,0.3005,4.94,7824.0,0.3104,-0.0099,0.84,10929.6,1.41,-5792.1,18132.3,9,0.444,0.157,0.29,0.0509,322
Sep-Oct25,0.65,10,3,YES,0.0,0.7,1117,2905,0.4623,6.67,19363.0,0.3104,0.1519,1.99,5969.1,2.36,-5969.1,19962.7,9,0.556,0.144,0.268,0.0434,409
Sep-Oct25,0.65,10,3,YES,0.3,0.8,1117,3031,0.6631,10.6,32125.0,0.3104,0.3527,11.51,197.9,163.32,-197.9,6425.3,9,0.889,0.049,0.112,0.009,422
Sep-Oct25,0.65,10,6,ALL,0.0,1.0,204,4495,0.6427,52.25,234867.0,0.3593,0.2834,2.7,10484.5,18.4,-7213.7,210985.5,9,0.667,0.687,0.749,0.4796,165
Sep-Oct25,0.65,10,6,ALL,0.0,0.5,204,1297,0.2776,165.03,214038.0,0.3593,-0.0818,2.51,8814.0,16.61,-6222.9,205747.8,9,0.667,0.707,0.767,0.5076,115
Sep-Oct25,0.65,10,6,ALL,0.0,0.7,204,2446,0.4481,90.44,221218.0,0.3593,0.0887,2.57,8483.4,17.38,-6271.2,207655.4,9,0.667,0.696,0.757,0.4917,150
Sep-Oct25,0.65,10,6,ALL,0.3,0.8,204,2520,0.6389,5.72,14408.0,0.3593,0.2796,5.99,826.7,18.43,-783.1,5447.1,9,0.778,0.048,0.134,0.0163,155
Sep-Oct25,0.65,10,6,NO,0.0,1.0,204,2376,0.6671,95.03,225781.0,0.4246,0.2425,2.56,7634.3,30.57,-3997.5,213279.4,9,0.667,0.816,0.844,0.6678,157
Sep-Oct25,0.65,10,6,NO,0.0,0.5,204,568,0.2746,380.03,215855.0,0.4246,-0.1499,2.5,3261.3,67.19,-1905.7,208226.7,9,0.667,0.853,0.882,0.7294,91
Sep-Oct25,0.65,10,6,NO,0.0,0.7,204,1189,0.4601,183.86,218612.0,0.4246,0.0355,2.51,5010.4,43.78,-3106.9,210205.2,9,0.556,0.835,0.861,0.6981,128
Sep-Oct25,0.65,10,6,NO,0.3,0.8,204,1305,0.6314,2.79,3643.0,0.4246,0.2068,1.28,6649.6,1.55,-2452.7,3744.5,9,0.556,0.034,0.096,0.0143,135
Sep-Oct25,0.65,10,6,YES,0.0,1.0,204,2119,0.6154,4.29,9086.0,0.3104,0.305,1.6,5090.9,1.71,-5090.9,7973.0,9,0.444,0.21,0.293,0.0881,145
Sep-Oct25,0.65,10,6,YES,0.0,0.5,204,729,0.2798,-2.49,-1817.0,0.3104,-0.0306,-0.35,7122.6,0.89,-6054.1,6494.3,9,0.444,0.229,0.322,0.1094,98
Sep-Oct25,0.65,10,6,YES,0.0,0.7,204,1257,0.4368,2.07,2607.0,0.3104,0.1263,0.48,5734.4,1.17,-5734.4,6902.6,9,0.444,0.224,0.309,0.0992,118
Sep-Oct25,0.65,10,6,YES,0.3,0.8,204,1215,0.6469,8.86,10766.0,0.3104,0.3365,6.57,541.6,9.36,-541.6,2907.7,9,0.667,0.103,0.206,0.0275,131
Sep-Oct25,0.65,10,9,ALL,0.0,1.0,69,2261,0.6736,8.15,18419.0,0.3593,0.3143,6.33,261.4,40.25,-261.4,7041.8,9,0.778,0.138,0.302,0.0533,63
Sep-Oct25,0.65,10,9,ALL,0.0,0.5,69,586,0.3464,12.28,7195.0,0.3593,-0.0129,2.36,1816.4,2.62,-1816.4,6000.5,9,0.444,0.142,0.313,0.0615,52
Sep-Oct25,0.65,10,9,ALL,0.0,0.7,69,1203,0.4979,9.51,11442.0,0.3593,0.1386,3.93,924.2,5.25,-924.2,6198.1,9,0.667,0.135,0.288,0.0503,62
Sep-Oct25,0.65,10,9,ALL,0.3,0.8,69,1385,0.6332,5.06,7011.0,0.3593,0.2739,4.25,1796.6,4.9,-1242.3,2774.8,9,0.778,0.102,0.25,0.0383,63
Sep-Oct25,0.65,10,9,NO,0.0,1.0,69,1134,0.6843,7.73,8764.0,0.4246,0.2597,4.81,1446.5,6.43,-778.0,3114.0,9,0.667,0.222,0.339,0.0699,61
Sep-Oct25,0.65,10,9,NO,0.0,0.5,69,243,0.3333,20.78,5049.0,0.4246,-0.0912,2.72,963.0,3.74,-921.9,4045.3,9,0.556,0.299,0.441,0.117,43
Sep-Oct25,0.65,10,9,NO,0.0,0.7,69,553,0.4846,9.44,5218.0,0.4246,0.0601,2.96,1364.6,3.07,-1364.6,3495.4,9,0.667,0.237,0.346,0.0768,55
Sep-Oct25,0.65,10,9,NO,0.3,0.8,69,670,0.6045,-1.74,-1167.0,0.4246,0.1799,-0.72,4443.5,0.75,-2560.2,1892.4,9,0.444,0.063,0.16,0.0314,56
Sep-Oct25,0.65,10,9,YES,0.0,1.0,69,1127,0.6628,8.57,9656.0,0.3104,0.3524,3.59,1466.2,7.59,-1221.3,6325.8,9,0.778,0.123,0.325,0.0589,58
Sep-Oct25,0.65,10,9,YES,0.0,0.5,69,343,0.3557,6.26,2146.0,0.3104,0.0453,0.82,3190.7,1.48,-1977.8,5384.2,9,0.556,0.143,0.354,0.0719,46
Sep-Oct25,0.65,10,9,YES,0.0,0.7,69,650,0.5092,9.58,6224.0,0.3104,0.1988,2.35,2382.4,2.87,-1598.7,5612.1,9,0.556,0.133,0.335,0.0607,53
Sep-Oct25,0.65,10,9,YES,0.3,0.8,69,715,0.6601,11.44,8178.0,0.3104,0.3497,6.85,984.0,9.31,-984.0,2207.7,9,0.889,0.214,0.321,0.0672,57
Sep-Oct25,0.65,30,3,ALL,0.0,1.0,555,10419,0.6671,27.83,289917.0,0.3593,0.3077,2.9,6390.3,46.37,-6390.3,245402.7,9,0.889,0.519,0.624,0.2796,366
Sep-Oct25,0.65,30,3,ALL,0.0,0.5,555,2674,0.2895,88.2,235851.0,0.3593,-0.0699,2.43,7010.2,18.06,-5403.9,233698.2,9,0.556,0.558,0.668,0.3222,249
Sep-Oct25,0.65,30,3,ALL,0.0,0.7,555,5341,0.4647,47.0,251009.0,0.3593,0.1054,2.54,5855.7,24.91,-5855.7,238305.5,9,0.667,0.541,0.65,0.3033,318
Sep-Oct25,0.65,30,3,ALL,0.3,0.8,555,5992,0.6492,6.49,38912.0,0.3593,0.2899,11.4,0.0,inf,831.3,9468.9,9,1.0,0.048,0.109,0.0105,330
Sep-Oct25,0.65,30,3,NO,0.0,1.0,555,5882,0.678,42.92,252476.0,0.4246,0.2534,2.73,4000.9,47.77,-4000.9,225378.2,9,0.778,0.667,0.725,0.4479,308
Sep-Oct25,0.65,30,3,NO,0.0,0.5,555,1353,0.2809,166.47,225232.0,0.4246,-0.1437,2.51,5126.2,40.65,-3311.4,216813.1,9,0.667,0.731,0.781,0.5379,175
Sep-Oct25,0.65,30,3,NO,0.0,0.7,555,2849,0.464,80.95,230613.0,0.4246,0.0394,2.53,3169.6,39.71,-2949.8,220182.5,9,0.667,0.703,0.751,0.4971,247
Sep-Oct25,0.65,30,3,NO,0.3,0.8,555,3328,0.6391,3.76,12522.0,0.4246,0.2145,2.86,6864.6,2.63,-2680.8,6173.7,9,0.556,0.042,0.082,0.0096,266
Sep-Oct25,0.65,30,3,YES,0.0,1.0,555,4537,0.6529,8.25,37441.0,0.3104,0.3424,4.2,2389.4,7.7,-2389.4,20024.5,9,0.667,0.158,0.298,0.0528,333
Sep-Oct25,0.65,30,3,YES,0.0,0.5,555,1321,0.2983,8.04,10619.0,0.3104,-0.0121,1.22,7095.2,1.66,-5058.7,16885.1,9,0.444,0.185,0.342,0.0703,212
Sep-Oct25,0.65,30,3,YES,0.0,0.7,555,2492,0.4655,8.18,20396.0,0.3104,0.1551,2.29,5127.2,2.67,-5127.2,18122.9,9,0.556,0.171,0.319,0.0611,267
Sep-Oct25,0.65,30,3,YES,0.3,0.8,555,2664,0.6618,9.91,26390.0,0.3104,0.3514,10.04,737.3,36.79,-737.3,5753.7,9,0.889,0.063,0.145,0.0139,286
Sep-Oct25,0.65,30,6,ALL,0.0,1.0,198,4480,0.6424,52.45,234976.0,0.3593,0.2831,2.7,10425.9,18.9,-7240.1,210971.7,9,0.667,0.687,0.75,0.48,162
Sep-Oct25,0.65,30,6,ALL,0.0,0.5,198,1295,0.278,165.43,214238.0,0.3593,-0.0813,2.51,8814.0,16.86,-6222.9,205747.8,9,0.667,0.707,0.768,0.5082,114
Sep-Oct25,0.65,30,6,ALL,0.0,0.7,198,2442,0.4484,90.68,221452.0,0.3593,0.0891,2.58,8383.4,17.77,-6171.2,207655.4,9,0.667,0.696,0.758,0.4924,148
Sep-Oct25,0.65,30,6,ALL,0.3,0.8,198,2514,0.6384,5.69,14312.0,0.3593,0.2791,5.99,726.7,20.7,-683.1,5447.1,9,0.778,0.048,0.135,0.0163,152
Sep-Oct25,0.65,30,6,NO,0.0,1.0,198,2369,0.6678,95.46,226137.0,0.4246,0.2432,2.56,7534.3,31.01,-3997.5,213265.7,9,0.667,0.817,0.845,0.6695,154
Sep-Oct25,0.65,30,6,NO,0.0,0.5,198,566,0.2756,381.72,216055.0,0.4246,-0.149,2.5,3261.3,67.25,-1905.7,208226.7,9,0.667,0.854,0.882,0.7306,90
Sep-Oct25,0.65,30,6,NO,0.0,0.7,198,1186,0.4612,184.58,218912.0,0.4246,0.0366,2.51,4910.4,45.58,-3106.9,210205.2,9,0.667,0.835,0.862,0.6996,126
Sep-Oct25,0.65,30,6,NO,0.3,0.8,198,1304,0.6319,2.87,3743.0,0.4246,0.2073,1.33,6549.6,1.57,-2452.7,3744.5,9,0.556,0.034,0.097,0.0143,134
Sep-Oct25,0.65,30,6,YES,0.0,1.0,198,2111,0.6139,4.19,8839.0,0.3104,0.3035,1.57,5090.9,1.69,-5090.9,7889.1,9,0.444,0.211,0.294,0.0887,142
Sep-Oct25,0.65,30,6,YES,0.0,0.5,198,729,0.2798,-2.49,-1817.0,0.3104,-0.0306,-0.35,7122.6,0.89,-6054.1,6494.3,9,0.444,0.229,0.322,0.1094,98
Sep-Oct25,0.65,30,6,YES,0.0,0.7,198,1256,0.4363,2.02,2540.0,0.3104,0.1259,0.47,5734.4,1.16,-5734.4,6902.6,9,0.444,0.224,0.309,0.0994,117
Sep-Oct25,0.65,30,6,YES,0.3,0.8,198,1210,0.6455,8.73,10569.0,0.3104,0.3351,6.39,541.6,8.59,-541.6,2907.7,9,0.667,0.103,0.207,0.0279,128
Sep-Oct25,0.65,30,9,ALL,0.0,1.0,69,2261,0.6736,8.15,18419.0,0.3593,0.3143,6.33,261.4,40.25,-261.4,7041.8,9,0.778,0.138,0.302,0.0533,63
Sep-Oct25,0.65,30,9,ALL,0.0,0.5,69,586,0.3464,12.28,7195.0,0.3593,-0.0129,2.36,1816.4,2.62,-1816.4,6000.5,9,0.444,0.142,0.313,0.0615,52
Sep-Oct25,0.65,30,9,ALL,0.0,0.7,69,1203,0.4979,9.51,11442.0,0.3593,0.1386,3.93,924.2,5.25,-924.2,6198.1,9,0.667,0.135,0.288,0.0503,62
Sep-Oct25,0.65,30,9,ALL,0.3,0.8,69,1385,0.6332,5.06,7011.0,0.3593,0.2739,4.25,1796.6,4.9,-1242.3,2774.8,9,0.778,0.102,0.25,0.0383,63
Sep-Oct25,0.65,30,9,NO,0.0,1.0,69,1134,0.6843,7.73,8764.0,0.4246,0.2597,4.81,1446.5,6.43,-778.0,3114.0,9,0.667,0.222,0.339,0.0699,61
Sep-Oct25,0.65,30,9,NO,0.0,0.5,69,243,0.3333,20.78,5049.0,0.4246,-0.0912,2.72,963.0,3.74,-921.9,4045.3,9,0.556,0.299,0.441,0.117,43
Sep-Oct25,0.65,30,9,NO,0.0,0.7,69,553,0.4846,9.44,5218.0,0.4246,0.0601,2.96,1364.6,3.07,-1364.6,3495.4,9,0.667,0.237,0.346,0.0768,55
Sep-Oct25,0.65,30,9,NO,0.3,0.8,69,670,0.6045,-1.74,-1167.0,0.4246,0.1799,-0.72,4443.5,0.75,-2560.2,1892.4,9,0.444,0.063,0.16,0.0314,56
Sep-Oct25,0.65,30,9,YES,0.0,1.0,69,1127,0.6628,8.57,9656.0,0.3104,0.3524,3.59,1466.2,7.59,-1221.3,6325.8,9,0.778,0.123,0.325,0.0589,58
Sep-Oct25,0.65,30,9,YES,0.0,0.5,69,343,0.3557,6.26,2146.0,0.3104,0.0453,0.82,3190.7,1.48,-1977.8,5384.2,9,0.556,0.143,0.354,0.0719,46
Sep-Oct25,0.65,30,9,YES,0.0,0.7,69,650,0.5092,9.58,6224.0,0.3104,0.1988,2.35,2382.4,2.87,-1598.7,5612.1,9,0.556,0.133,0.335,0.0607,53
Sep-Oct25,0.65,30,9,YES,0.3,0.8,69,715,0.6601,11.44,8178.0,0.3104,0.3497,6.85,984.0,9.31,-984.0,2207.7,9,0.889,0.214,0.321,0.0672,57
Sep-Oct25,0.65,50,3,ALL,0.0,1.0,326,9099,0.6718,32.48,295530.0,0.3593,0.3125,2.97,5742.3,52.47,-5742.3,244992.3,9,0.889,0.553,0.664,0.3172,233
Sep-Oct25,0.65,50,3,ALL,0.0,0.5,326,2255,0.2976,110.66,249546.0,0.3593,-0.0618,2.56,7476.4,24.35,-4452.1,235510.4,9,0.667,0.595,0.712,0.366,161
Sep-Oct25,0.65,50,3,ALL,0.0,0.7,326,4627,0.4711,56.54,261599.0,0.3593,0.1118,2.65,5395.5,29.07,-3924.4,239269.4,9,0.667,0.575,0.691,0.3425,212
Sep-Oct25,0.65,50,3,ALL,0.3,0.8,326,5254,0.65,6.32,33231.0,0.3593,0.2906,12.47,0.0,inf,536.7,7056.3,9,1.0,0.06,0.136,0.0148,218
Sep-Oct25,0.65,50,3,NO,0.0,1.0,326,5250,0.6804,48.75,255938.0,0.4246,0.2558,2.78,3341.7,67.12,-3341.7,224864.6,9,0.778,0.697,0.758,0.4893,214
Sep-Oct25,0.65,50,3,NO,0.0,0.5,326,1194,0.2881,193.92,231542.0,0.4246,-0.1365,2.57,4784.6,46.75,-2889.1,218190.8,9,0.556,0.758,0.809,0.5778,130
Sep-Oct25,0.65,50,3,NO,0.0,0.7,326,2544,0.4686,92.83,236157.0,0.4246,0.044,2.59,3442.7,54.61,-2376.8,220997.1,9,0.667,0.73,0.779,0.5356,182
Sep-Oct25,0.65,50,3,NO,0.3,0.8,326,2978,0.643,4.25,12666.0,0.4246,0.2185,3.38,4903.4,3.2,-2264.2,4983.5,9,0.556,0.051,0.1,0.0127,191
Sep-Oct25,0.65,50,3,YES,0.0,1.0,326,3849,0.6602,10.29,39591.0,0.3104,0.3498,4.54,3012.0,11.58,-2400.6,20127.7,9,0.667,0.184,0.347,0.0709,212
Sep-Oct25,0.65,50,3,YES,0.0,0.5,326,1061,0.3082,16.97,18004.0,0.3104,-0.0022,2.15,5580.9,2.55,-3263.5,17319.6,9,0.556,0.219,0.404,0.0973,136
Sep-Oct25,0.65,50,3,YES,0.0,0.7,326,2083,0.4743,12.21,25442.0,0.3104,0.1639,2.95,4329.5,3.67,-3581.7,18272.3,9,0.556,0.2,0.372,0.0822,176
Sep-Oct25,0.65,50,3,YES,0.3,0.8,326,2276,0.6591,9.04,20565.0,0.3104,0.3486,7.56,1101.3,14.15,-1101.3,5350.8,9,0.778,0.08,0.186,0.0209,191
Sep-Oct25,0.65,50,6,ALL,0.0,1.0,172,4313,0.6443,55.04,237377.0,0.3593,0.285,2.73,8874.5,21.0,-7121.4,211523.7,9,0.778,0.698,0.761,0.4946,145
Sep-Oct25,0.65,50,6,ALL,0.0,0.5,172,1231,0.2835,176.64,217441.0,0.3593,-0.0758,2.54,7321.9,19.59,-5322.9,206503.4,9,0.667,0.717,0.778,0.5218,102
Sep-Oct25,0.65,50,6,ALL,0.0,0.7,172,2362,0.4534,94.92,224209.0,0.3593,0.0941,2.6,6947.6,20.76,-5171.2,208330.2,9,0.667,0.706,0.768,0.506,133
Sep-Oct25,0.65,50,6,ALL,0.3,0.8,172,2447,0.6391,5.83,14271.0,0.3593,0.2798,6.78,351.2,41.63,-351.2,4925.9,9,0.889,0.051,0.143,0.0179,137
Sep-Oct25,0.65,50,6,NO,0.0,1.0,172,2282,0.6665,99.2,226376.0,0.4246,0.2419,2.57,7189.9,32.49,-4018.6,213292.2,9,0.667,0.824,0.852,0.6799,138
Sep-Oct25,0.65,50,6,NO,0.0,0.5,172,549,0.2769,394.13,216377.0,0.4246,-0.1477,2.51,3024.1,71.82,-1805.7,208382.2,9,0.667,0.858,0.886,0.7371,83
Sep-Oct25,0.65,50,6,NO,0.0,0.7,172,1158,0.462,189.2,219096.0,0.4246,0.0374,2.51,4613.7,48.49,-3050.3,210322.8,9,0.667,0.84,0.866,0.7066,116
Sep-Oct25,0.65,50,6,NO,0.3,0.8,172,1271,0.6326,3.07,3897.0,0.4246,0.208,1.44,6294.7,1.62,-2396.1,3448.6,9,0.667,0.036,0.102,0.0156,122
Sep-Oct25,0.65,50,6,YES,0.0,1.0,172,2031,0.6194,5.42,11002.0,0.3104,0.309,2.05,4417.2,2.02,-4417.2,7778.6,9,0.444,0.221,0.308,0.097,128
Sep-Oct25,0.65,50,6,YES,0.0,0.5,172,682,0.2889,1.56,1064.0,0.3104,-0.0215,0.22,5739.0,1.08,-5354.1,6440.4,9,0.444,0.243,0.341,0.122,87
Sep-Oct25,0.65,50,6,YES,0.0,0.7,172,1204,0.4452,4.25,5113.0,0.3104,0.1348,1.0,5034.4,1.39,-5034.4,6848.7,9,0.444,0.236,0.325,0.1096,106
Sep-Oct25,0.65,50,6,YES,0.3,0.8,172,1176,0.6463,8.82,10374.0,0.3104,0.3359,6.16,648.0,8.18,-648.0,2807.9,9,0.667,0.109,0.218,0.0303,117
Sep-Oct25,0.65,50,9,ALL,0.0,1.0,69,2261,0.6736,8.15,18419.0,0.3593,0.3143,6.33,261.4,40.25,-261.4,7041.8,9,0.778,0.138,0.302,0.0533,63
Sep-Oct25,0.65,50,9,ALL,0.0,0.5,69,586,0.3464,12.28,7195.0,0.3593,-0.0129,2.36,1816.4,2.62,-1816.4,6000.5,9,0.444,0.142,0.313,0.0615,52
Sep-Oct25,0.65,50,9,ALL,0.0,0.7,69,1203,0.4979,9.51,11442.0,0.3593,0.1386,3.93,924.2,5.25,-924.2,6198.1,9,0.667,0.135,0.288,0.0503,62
Sep-Oct25,0.65,50,9,ALL,0.3,0.8,69,1385,0.6332,5.06,7011.0,0.3593,0.2739,4.25,1796.6,4.9,-1242.3,2774.8,9,0.778,0.102,0.25,0.0383,63
Sep-Oct25,0.65,50,9,NO,0.0,1.0,69,1134,0.6843,7.73,8764.0,0.4246,0.2597,4.81,1446.5,6.43,-778.0,3114.0,9,0.667,0.222,0.339,0.0699,61
Sep-Oct25,0.65,50,9,NO,0.0,0.5,69,243,0.3333,20.78,5049.0,0.4246,-0.0912,2.72,963.0,3.74,-921.9,4045.3,9,0.556,0.299,0.441,0.117,43
Sep-Oct25,0.65,50,9,NO,0.0,0.7,69,553,0.4846,9.44,5218.0,0.4246,0.0601,2.96,1364.6,3.07,-1364.6,3495.4,9,0.667,0.237,0.346,0.0768,55
Sep-Oct25,0.65,50,9,NO,0.3,0.8,69,670,0.6045,-1.74,-1167.0,0.4246,0.1799,-0.72,4443.5,0.75,-2560.2,1892.4,9,0.444,0.063,0.16,0.0314,56
Sep-Oct25,0.65,50,9,YES,0.0,1.0,69,1127,0.6628,8.57,9656.0,0.3104,0.3524,3.59,1466.2,7.59,-1221.3,6325.8,9,0.778,0.123,0.325,0.0589,58
Sep-Oct25,0.65,50,9,YES,0.0,0.5,69,343,0.3557,6.26,2146.0,0.3104,0.0453,0.82,3190.7,1.48,-1977.8,5384.2,9,0.556,0.143,0.354,0.0719,46
Sep-Oct25,0.65,50,9,YES,0.0,0.7,69,650,0.5092,9.58,6224.0,0.3104,0.1988,2.35,2382.4,2.87,-1598.7,5612.1,9,0.556,0.133,0.335,0.0607,53
Sep-Oct25,0.65,50,9,YES,0.3,0.8,69,715,0.6601,11.44,8178.0,0.3104,0.3497,6.85,984.0,9.31,-984.0,2207.7,9,0.889,0.214,0.321,0.0672,57
Sep-Oct25,0.7,10,3,ALL,0.0,1.0,684,7033,0.6909,38.84,273138.0,0.3593,0.3315,2.68,7242.2,24.49,-6915.4,247817.4,9,0.778,0.577,0.693,0.3443,381
Sep-Oct25,0.7,10,3,ALL,0.0,0.5,684,1626,0.2829,145.52,236616.0,0.3593,-0.0764,2.39,11277.2,13.79,-8048.1,237821.4,9,0.556,0.621,0.744,0.3988,220
Sep-Oct25,0.7,10,3,ALL,0.0,0.7,684,3109,0.4622,79.97,248613.0,0.3593,0.1029,2.47,7390.7,19.49,-7390.7,242386.3,9,0.667,0.599,0.72,0.3714,311
Sep-Oct25,0.7,10,3,ALL,0.3,0.8,684,3612,0.6719,8.24,29755.0,0.3593,0.3126,8.99,0.0,inf,761.5,8245.7,9,1.0,0.06,0.135,0.0128,321
Sep-Oct25,0.7,10,3,NO,0.0,1.0,684,3702,0.6972,62.46,231228.0,0.4246,0.2726,2.47,9932.7,21.57,-6868.2,225334.0,9,0.556,0.749,0.799,0.5639,296
Sep-Oct25,0.7,10,3,NO,0.0,0.5,684,723,0.26,301.17,217747.0,0.4246,-0.1645,2.39,9454.8,23.02,-5077.3,218621.4,9,0.333,0.813,0.86,0.6642,134
Sep-Oct25,0.7,10,3,NO,0.0,0.7,684,1505,0.4505,146.08,219858.0,0.4246,0.0259,2.38,10128.1,21.41,-5642.5,221391.3,9,0.333,0.78,0.826,0.6113,214
Sep-Oct25,0.7,10,3,NO,0.3,0.8,684,1853,0.6476,2.83,5238.0,0.4246,0.223,1.79,5091.2,1.87,-2336.7,4563.1,9,0.556,0.059,0.116,0.0129,229
Sep-Oct25,0.7,10,3,YES,0.0,1.0,684,3331,0.6839,12.58,41910.0,0.3104,0.3735,4.6,2068.7,20.14,-2068.7,22483.4,9,0.667,0.182,0.343,0.0687,319
Sep-Oct25,0.7,10,3,YES,0.0,0.5,684,903,0.3012,20.9,18869.0,0.3104,-0.0092,2.14,4096.4,2.81,-3586.6,19200.0,9,0.556,0.214,0.394,0.092,181
Sep-Oct25,0.7,10,3,YES,0.0,0.7,684,1604,0.4732,17.93,28755.0,0.3104,0.1628,3.18,2646.5,5.81,-2646.5,20995.0,9,0.667,0.199,0.37,0.0806,241
Sep-Oct25,0.7,10,3,YES,0.3,0.8,684,1759,0.6976,13.94,24516.0,0.3104,0.3872,11.54,835.8,30.33,-835.8,4716.1,9,0.889,0.08,0.184,0.0176,251
Sep-Oct25,0.7,10,6,ALL,0.0,1.0,130,2846,0.6398,79.45,226121.0,0.3593,0.2805,2.57,12544.1,14.29,-11201.0,212303.7,9,0.667,0.757,0.818,0.5811,106
Sep-Oct25,0.7,10,6,ALL,0.0,0.5,130,854,0.267,248.56,212268.0,0.3593,-0.0924,2.46,11993.6,13.35,-11003.6,207550.6,9,0.556,0.775,0.834,0.6091,66
Sep-Oct25,0.7,10,6,ALL,0.0,0.7,130,1522,0.4402,143.81,218881.0,0.3593,0.0809,2.51,11020.5,14.47,-11020.5,210157.7,9,0.667,0.769,0.829,0.5997,93
Sep-Oct25,0.7,10,6,ALL,0.3,0.8,130,1510,0.6457,6.66,10055.0,0.3593,0.2864,4.84,1222.1,5.81,-868.3,3702.7,9,0.667,0.078,0.213,0.0276,97
Sep-Oct25,0.7,10,6,NO,0.0,1.0,130,1356,0.6549,157.91,214123.0,0.4246,0.2303,2.42,11696.6,18.93,-7049.1,212540.2,9,0.556,0.887,0.898,0.7887,99
Sep-Oct25,0.7,10,6,NO,0.0,0.5,130,335,0.2299,623.53,208883.0,0.4246,-0.1947,2.4,8960.0,23.37,-6322.9,208776.5,9,0.444,0.918,0.927,0.8436,51
Sep-Oct25,0.7,10,6,NO,0.0,0.7,130,664,0.4307,317.31,210691.0,0.4246,0.0062,2.4,9830.7,21.96,-6605.9,210636.2,9,0.444,0.903,0.912,0.8166,77
Sep-Oct25,0.7,10,6,NO,0.3,0.8,130,698,0.6218,0.04,26.0,0.4246,0.1972,0.01,4450.6,1.01,-1979.7,2247.8,9,0.444,0.059,0.123,0.0233,82
Sep-Oct25,0.7,10,6,YES,0.0,1.0,130,1490,0.6262,8.05,11997.0,0.3104,0.3158,2.63,4152.0,2.52,-4152.0,6073.5,9,0.556,0.264,0.368,0.1354,97
Sep-Oct25,0.7,10,6,YES,0.0,0.5,130,519,0.2909,6.52,3384.0,0.3104,-0.0195,0.8,4680.7,1.3,-4680.7,5122.5,9,0.444,0.283,0.399,0.1642,58
Sep-Oct25,0.7,10,6,YES,0.0,0.7,130,858,0.4476,9.54,8189.0,0.3104,0.1371,1.88,4414.6,1.9,-4414.6,5470.6,9,0.444,0.282,0.389,0.1536,75
Sep-Oct25,0.7,10,6,YES,0.3,0.8,130,812,0.6663,12.35,10029.0,0.3104,0.3559,6.22,811.2,7.26,-811.2,2678.1,9,0.778,0.149,0.284,0.0473,83
Sep-Oct25,0.7,10,9,ALL,0.0,1.0,47,1662,0.6709,5.28,8780.0,0.3593,0.3115,3.37,3004.6,3.44,-2503.7,3835.9,9,0.556,0.149,0.393,0.075,44
Sep-Oct25,0.7,10,9,ALL,0.0,0.5,47,418,0.366,6.33,2645.0,0.3593,0.0067,1.12,3492.5,1.48,-2069.0,3285.2,9,0.556,0.155,0.435,0.1066,34
Sep-Oct25,0.7,10,9,ALL,0.0,0.7,47,891,0.5073,5.96,5313.0,0.3593,0.148,2.15,3106.4,2.17,-2076.1,3458.7,9,0.444,0.145,0.4,0.0754,43
Sep-Oct25,0.7,10,9,ALL,0.3,0.8,47,1042,0.6152,3.01,3137.0,0.3593,0.2558,2.01,2269.5,2.0,-1470.6,2001.3,9,0.556,0.155,0.246,0.0524,44
Sep-Oct25,0.7,10,9,NO,0.0,1.0,47,822,0.6703,0.15,124.0,0.4246,0.2457,0.08,3267.4,1.03,-2561.3,1770.6,9,0.444,0.124,0.263,0.0501,42
Sep-Oct25,0.7,10,9,NO,0.0,0.5,47,172,0.3023,-9.76,-1678.0,0.4246,-0.1222,-1.39,2166.2,0.6,-1792.9,1605.6,9,0.333,0.145,0.326,0.0815,27
Sep-Oct25,0.7,10,9,NO,0.0,0.7,47,408,0.4706,-4.6,-1876.0,0.4246,0.046,-1.37,3049.3,0.63,-1935.9,1621.2,9,0.444,0.107,0.245,0.0503,36
Sep-Oct25,0.7,10,9,NO,0.3,0.8,47,489,0.5787,-6.0,-2936.0,0.4246,0.1542,-2.44,4035.5,0.41,-2213.3,909.1,9,0.333,0.045,0.123,0.0444,39
Sep-Oct25,0.7,10,9,YES,0.0,1.0,47,840,0.6714,10.3,8655.0,0.3104,0.361,4.19,1160.6,6.68,-1160.6,4325.6,9,0.667,0.17,0.45,0.0892,42
Sep-Oct25,0.7,10,9,YES,0.0,0.5,47,246,0.4106,17.57,4323.0,0.3104,0.1002,2.27,1753.9,2.46,-1477.8,3816.5,9,0.556,0.21,0.521,0.1319,30
Sep-Oct25,0.7,10,9,YES,0.0,0.7,47,483,0.5383,14.88,7189.0,0.3104,0.2279,3.62,1301.2,4.15,-1161.0,3963.2,9,0.556,0.193,0.485,0.0998,37
Sep-Oct25,0.7,10,9,YES,0.3,0.8,47,553,0.6474,10.98,6073.0,0.3104,0.337,4.85,1062.7,5.38,-1062.7,2278.5,9,0.778,0.284,0.393,0.1032,41
Sep-Oct25,0.7,30,3,ALL,0.0,1.0,319,6214,0.6954,43.87,272629.0,0.3593,0.336,2.69,6883.8,27.26,-6883.8,245961.1,9,0.778,0.614,0.737,0.3895,222
Sep-Oct25,0.7,30,3,ALL,0.0,0.5,319,1392,0.278,171.67,238968.0,0.3593,-0.0813,2.42,9609.8,15.52,-7818.0,237331.4,9,0.556,0.65,0.778,0.4359,139
Sep-Oct25,0.7,30,3,ALL,0.0,0.7,319,2698,0.4637,92.7,250109.0,0.3593,0.1043,2.5,7554.6,20.85,-7554.6,241332.1,9,0.667,0.635,0.763,0.4169,189
Sep-Oct25,0.7,30,3,ALL,0.3,0.8,319,3201,0.6748,8.21,26275.0,0.3593,0.3155,10.18,0.0,inf,1075.3,6637.5,9,1.0,0.078,0.175,0.0199,197
Sep-Oct25,0.7,30,3,NO,0.0,1.0,319,3305,0.7002,70.56,233188.0,0.4246,0.2756,2.51,8319.3,23.91,-5969.4,224248.9,9,0.556,0.784,0.835,0.6168,186
Sep-Oct25,0.7,30,3,NO,0.0,0.5,319,649,0.2573,337.91,219301.0,0.4246,-0.1673,2.41,8768.6,24.7,-4540.1,218569.5,9,0.333,0.836,0.883,0.7009,92
Sep-Oct25,0.7,30,3,NO,0.0,0.7,319,1343,0.452,165.35,222069.0,0.4246,0.0274,2.41,9095.6,21.81,-5124.8,221107.6,9,0.444,0.812,0.859,0.6614,141
Sep-Oct25,0.7,30,3,NO,0.3,0.8,319,1657,0.653,3.43,5691.0,0.4246,0.2284,2.21,3870.0,2.38,-2293.2,3684.4,9,0.556,0.076,0.149,0.0192,154
Sep-Oct25,0.7,30,3,YES,0.0,1.0,319,2909,0.6899,13.56,39441.0,0.3104,0.3795,4.46,1338.7,17.7,-1338.7,21712.2,9,0.667,0.209,0.395,0.0902,205
Sep-Oct25,0.7,30,3,YES,0.0,0.5,319,743,0.2961,26.47,19668.0,0.3104,-0.0143,2.31,3527.9,3.04,-3277.9,18761.9,9,0.556,0.241,0.445,0.1168,120
Sep-Oct25,0.7,30,3,YES,0.0,0.7,319,1355,0.4753,20.69,28040.0,0.3104,0.1649,3.21,2429.8,5.8,-2429.8,20224.5,9,0.556,0.228,0.425,0.1056,160
Sep-Oct25,0.7,30,3,YES,0.3,0.8,319,1544,0.6982,13.33,20584.0,0.3104,0.3878,10.84,825.2,25.94,-825.2,4016.8,9,0.889,0.101,0.233,0.0266,172
Sep-Oct25,0.7,30,6,ALL,0.0,1.0,125,2839,0.6397,79.66,226162.0,0.3593,0.2803,2.57,12470.5,14.43,-11101.0,212289.9,9,0.667,0.757,0.818,0.5814,104
Sep-Oct25,0.7,30,6,ALL,0.0,0.5,125,854,0.267,248.56,212268.0,0.3593,-0.0924,2.46,11993.6,13.35,-11003.6,207550.6,9,0.556,0.775,0.834,0.6091,66
Sep-Oct25,0.7,30,6,ALL,0.0,0.7,125,1520,0.4401,144.02,218914.0,0.3593,0.0808,2.51,10920.5,14.55,-10920.5,210157.7,9,0.667,0.769,0.829,0.5998,92
Sep-Oct25,0.7,30,6,ALL,0.3,0.8,125,1506,0.6454,6.66,10029.0,0.3593,0.2861,4.84,1188.8,5.88,-868.3,3702.7,9,0.667,0.078,0.213,0.0277,95
Sep-Oct25,0.7,30,6,NO,0.0,1.0,125,1353,0.6556,158.4,214310.0,0.4246,0.231,2.42,11596.6,19.09,-6949.1,212526.4,9,0.556,0.888,0.899,0.7899,97
Sep-Oct25,0.7,30,6,NO,0.0,0.5,125,335,0.2299,623.53,208883.0,0.4246,-0.1947,2.4,8960.0,23.37,-6322.9,208776.5,9,0.444,0.918,0.927,0.8436,51
Sep-Oct25,0.7,30,6,NO,0.0,0.7,125,663,0.4314,317.94,210791.0,0.4246,0.0068,2.4,9730.7,22.18,-6505.9,210636.2,9,0.444,0.903,0.912,0.8173,76
Sep-Oct25,0.7,30,6,NO,0.3,0.8,125,697,0.6227,0.18,126.0,0.4246,0.1981,0.07,4350.6,1.03,-1879.7,2247.8,9,0.444,0.06,0.124,0.0236,81
Sep-Oct25,0.7,30,6,YES,0.0,1.0,125,1486,0.6252,7.98,11852.0,0.3104,0.3148,2.61,4152.0,2.49,-4152.0,6021.2,9,0.556,0.265,0.369,0.1361,95
Sep-Oct25,0.7,30,6,YES,0.0,0.5,125,519,0.2909,6.52,3384.0,0.3104,-0.0195,0.8,4680.7,1.3,-4680.7,5122.5,9,0.444,0.283,0.399,0.1642,58
Sep-Oct25,0.7,30,6,YES,0.0,0.7,125,857,0.4469,9.48,8123.0,0.3104,0.1365,1.87,4414.6,1.9,-4414.6,5470.6,9,0.444,0.282,0.389,0.154,74
Sep-Oct25,0.7,30,6,YES,0.3,0.8,125,809,0.665,12.24,9903.0,0.3104,0.3546,6.1,877.9,6.93,-877.9,2678.1,9,0.778,0.15,0.286,0.0479,81
Sep-Oct25,0.7,30,9,ALL,0.0,1.0,47,1662,0.6709,5.28,8780.0,0.3593,0.3115,3.37,3004.6,3.44,-2503.7,3835.9,9,0.556,0.149,0.393,0.075,44
Sep-Oct25,0.7,30,9,ALL,0.0,0.5,47,418,0.366,6.33,2645.0,0.3593,0.0067,1.12,3492.5,1.48,-2069.0,3285.2,9,0.556,0.155,0.435,0.1066,34
Sep-Oct25,0.7,30,9,ALL,0.0,0.7,47,891,0.5073,5.96,5313.0,0.3593,0.148,2.15,3106.4,2.17,-2076.1,3458.7,9,0.444,0.145,0.4,0.0754,43
Sep-Oct25,0.7,30,9,ALL,0.3,0.8,47,1042,0.6152,3.01,3137.0,0.3593,0.2558,2.01,2269.5,2.0,-1470.6,2001.3,9,0.556,0.155,0.246,0.0524,44
Sep-Oct25,0.7,30,9,NO,0.0,1.0,47,822,0.6703,0.15,124.0,0.4246,0.2457,0.08,3267.4,1.03,-2561.3,1770.6,9,0.444,0.124,0.263,0.0501,42
Sep-Oct25,0.7,30,9,NO,0.0,0.5,47,172,0.3023,-9.76,-1678.0,0.4246,-0.1222,-1.39,2166.2,0.6,-1792.9,1605.6,9,0.333,0.145,0.326,0.0815,27
Sep-Oct25,0.7,30,9,NO,0.0,0.7,47,408,0.4706,-4.6,-1876.0,0.4246,0.046,-1.37,3049.3,0.63,-1935.9,1621.2,9,0.444,0.107,0.245,0.0503,36
Sep-Oct25,0.7,30,9,NO,0.3,0.8,47,489,0.5787,-6.0,-2936.0,0.4246,0.1542,-2.44,4035.5,0.41,-2213.3,909.1,9,0.333,0.045,0.123,0.0444,39
Sep-Oct25,0.7,30,9,YES,0.0,1.0,47,840,0.6714,10.3,8655.0,0.3104,0.361,4.19,1160.6,6.68,-1160.6,4325.6,9,0.667,0.17,0.45,0.0892,42
Sep-Oct25,0.7,30,9,YES,0.0,0.5,47,246,0.4106,17.57,4323.0,0.3104,0.1002,2.27,1753.9,2.46,-1477.8,3816.5,9,0.556,0.21,0.521,0.1319,30
Sep-Oct25,0.7,30,9,YES,0.0,0.7,47,483,0.5383,14.88,7189.0,0.3104,0.2279,3.62,1301.2,4.15,-1161.0,3963.2,9,0.556,0.193,0.485,0.0998,37
Sep-Oct25,0.7,30,9,YES,0.3,0.8,47,553,0.6474,10.98,6073.0,0.3104,0.337,4.85,1062.7,5.38,-1062.7,2278.5,9,0.778,0.284,0.393,0.1032,41
Sep-Oct25,0.7,50,3,ALL,0.0,1.0,180,5295,0.7005,51.74,273941.0,0.3593,0.3411,2.73,5067.0,32.2,-5067.0,244012.4,9,0.778,0.643,0.773,0.4279,134
Sep-Oct25,0.7,50,3,ALL,0.0,0.5,180,1142,0.2793,215.12,245670.0,0.3593,-0.08,2.49,7493.6,17.81,-6815.9,237621.4,9,0.556,0.676,0.809,0.4718,84
Sep-Oct25,0.7,50,3,ALL,0.0,0.7,180,2244,0.467,113.61,254939.0,0.3593,0.1077,2.56,5920.1,24.6,-5920.1,240480.1,9,0.556,0.662,0.795,0.4536,119
Sep-Oct25,0.7,50,3,ALL,0.3,0.8,180,2698,0.6768,7.7,20783.0,0.3593,0.3175,11.68,0.0,inf,150.0,4894.6,9,1.0,0.101,0.227,0.0301,122
Sep-Oct25,0.7,50,3,NO,0.0,1.0,180,2860,0.6986,81.62,233440.0,0.4246,0.274,2.52,6490.6,31.64,-4208.4,223190.3,9,0.556,0.81,0.863,0.6586,122
Sep-Oct25,0.7,50,3,NO,0.0,0.5,180,569,0.2548,389.32,221521.0,0.4246,-0.1697,2.43,8032.8,27.21,-3894.8,219247.2,9,0.444,0.854,0.903,0.7322,64
Sep-Oct25,0.7,50,3,NO,0.0,0.7,180,1161,0.4505,193.09,224181.0,0.4246,0.0259,2.44,8106.4,26.67,-3952.6,221180.5,9,0.333,0.833,0.882,0.697,97
Sep-Oct25,0.7,50,3,NO,0.3,0.8,180,1425,0.6568,3.53,5025.0,0.4246,0.2323,2.55,2847.2,2.57,-1480.9,2772.9,9,0.556,0.097,0.189,0.0268,105
Sep-Oct25,0.7,50,3,YES,0.0,1.0,180,2435,0.7027,16.63,40501.0,0.3104,0.3923,4.75,1759.9,16.47,-1759.9,20822.0,9,0.778,0.235,0.443,0.1134,127
Sep-Oct25,0.7,50,3,YES,0.0,0.5,180,573,0.3037,42.15,24150.0,0.3104,-0.0067,2.91,3703.1,3.9,-3158.2,18374.1,9,0.556,0.273,0.503,0.1482,73
Sep-Oct25,0.7,50,3,YES,0.0,0.7,180,1083,0.4848,28.4,30758.0,0.3104,0.1744,3.7,1967.6,6.89,-1967.6,19299.5,9,0.556,0.257,0.478,0.1332,102
Sep-Oct25,0.7,50,3,YES,0.3,0.8,180,1273,0.6991,12.38,15758.0,0.3104,0.3887,8.15,993.6,16.86,-993.6,3350.4,9,0.889,0.132,0.306,0.0422,109
Sep-Oct25,0.7,50,6,ALL,0.0,1.0,106,2726,0.6379,83.19,226781.0,0.3593,0.2786,2.58,12058.2,14.71,-10726.9,212393.9,9,0.667,0.765,0.827,0.5933,90
Sep-Oct25,0.7,50,6,ALL,0.0,0.5,106,822,0.2676,259.6,213392.0,0.3593,-0.0917,2.47,11454.4,13.84,-10603.6,207706.2,9,0.556,0.78,0.84,0.6179,57
Sep-Oct25,0.7,50,6,ALL,0.0,0.7,106,1478,0.4418,148.7,219773.0,0.3593,0.0825,2.52,10520.5,15.0,-10520.5,210324.5,9,0.667,0.775,0.836,0.6099,80
Sep-Oct25,0.7,50,6,ALL,0.3,0.8,106,1463,0.6439,6.39,9355.0,0.3593,0.2845,4.83,1270.2,5.59,-768.3,3190.3,9,0.667,0.083,0.228,0.0311,83
Sep-Oct25,0.7,50,6,NO,0.0,1.0,106,1291,0.6491,165.84,214102.0,0.4246,0.2245,2.42,11691.3,19.05,-6948.6,212462.0,9,0.556,0.893,0.904,0.7989,84
Sep-Oct25,0.7,50,6,NO,0.0,0.5,106,329,0.2249,634.57,208772.0,0.4246,-0.1996,2.4,9095.3,23.31,-6322.9,208732.1,9,0.444,0.92,0.929,0.8486,45
Sep-Oct25,0.7,50,6,NO,0.0,0.7,106,649,0.4268,324.4,210535.0,0.4246,0.0022,2.4,9790.6,22.03,-6505.9,210603.0,9,0.444,0.907,0.916,0.8231,67
Sep-Oct25,0.7,50,6,NO,0.3,0.8,106,673,0.6211,-0.08,-56.0,0.4246,0.1965,-0.03,4352.3,0.99,-1821.5,2174.9,9,0.444,0.064,0.133,0.0264,72
Sep-Oct25,0.7,50,6,YES,0.0,1.0,106,1435,0.6279,8.84,12679.0,0.3104,0.3175,2.84,3778.3,2.73,-3778.3,5910.7,9,0.556,0.273,0.381,0.1448,84
Sep-Oct25,0.7,50,6,YES,0.0,0.5,106,493,0.2961,9.37,4620.0,0.3104,-0.0143,1.1,4280.7,1.45,-4280.7,5068.5,9,0.444,0.293,0.413,0.176,50
Sep-Oct25,0.7,50,6,YES,0.0,0.7,106,829,0.4536,11.14,9237.0,0.3104,0.1432,2.17,4014.6,2.13,-4014.6,5416.6,9,0.444,0.292,0.403,0.1647,66
Sep-Oct25,0.7,50,6,YES,0.3,0.8,106,790,0.6633,11.91,9411.0,0.3104,0.3529,5.7,1068.9,6.35,-1068.9,2676.3,9,0.778,0.157,0.301,0.0524,73
Sep-Oct25,0.7,50,9,ALL,0.0,1.0,47,1662,0.6709,5.28,8780.0,0.3593,0.3115,3.37,3004.6,3.44,-2503.7,3835.9,9,0.556,0.149,0.393,0.075,44
Sep-Oct25,0.7,50,9,ALL,0.0,0.5,47,418,0.366,6.33,2645.0,0.3593,0.0067,1.12,3492.5,1.48,-2069.0,3285.2,9,0.556,0.155,0.435,0.1066,34
Sep-Oct25,0.7,50,9,ALL,0.0,0.7,47,891,0.5073,5.96,5313.0,0.3593,0.148,2.15,3106.4,2.17,-2076.1,3458.7,9,0.444,0.145,0.4,0.0754,43
Sep-Oct25,0.7,50,9,ALL,0.3,0.8,47,1042,0.6152,3.01,3137.0,0.3593,0.2558,2.01,2269.5,2.0,-1470.6,2001.3,9,0.556,0.155,0.246,0.0524,44
Sep-Oct25,0.7,50,9,NO,0.0,1.0,47,822,0.6703,0.15,124.0,0.4246,0.2457,0.08,3267.4,1.03,-2561.3,1770.6,9,0.444,0.124,0.263,0.0501,42
Sep-Oct25,0.7,50,9,NO,0.0,0.5,47,172,0.3023,-9.76,-1678.0,0.4246,-0.1222,-1.39,2166.2,0.6,-1792.9,1605.6,9,0.333,0.145,0.326,0.0815,27
Sep-Oct25,0.7,50,9,NO,0.0,0.7,47,408,0.4706,-4.6,-1876.0,0.4246,0.046,-1.37,3049.3,0.63,-1935.9,1621.2,9,0.444,0.107,0.245,0.0503,36
Sep-Oct25,0.7,50,9,NO,0.3,0.8,47,489,0.5787,-6.0,-2936.0,0.4246,0.1542,-2.44,4035.5,0.41,-2213.3,909.1,9,0.333,0.045,0.123,0.0444,39
Sep-Oct25,0.7,50,9,YES,0.0,1.0,47,840,0.6714,10.3,8655.0,0.3104,0.361,4.19,1160.6,6.68,-1160.6,4325.6,9,0.667,0.17,0.45,0.0892,42
Sep-Oct25,0.7,50,9,YES,0.0,0.5,47,246,0.4106,17.57,4323.0,0.3104,0.1002,2.27,1753.9,2.46,-1477.8,3816.5,9,0.556,0.21,0.521,0.1319,30
Sep-Oct25,0.7,50,9,YES,0.0,0.7,47,483,0.5383,14.88,7189.0,0.3104,0.2279,3.62,1301.2,4.15,-1161.0,3963.2,9,0.556,0.193,0.485,0.0998,37
Sep-Oct25,0.7,50,9,YES,0.3,0.8,47,553,0.6474,10.98,6073.0,0.3104,0.337,4.85,1062.7,5.38,-1062.7,2278.5,9,0.778,0.284,0.393,0.1032,41
Sep-Oct25,0.75,10,3,ALL,0.0,1.0,403,4009,0.7363,61.48,246488.0,0.3593,0.377,2.41,17278.5,14.06,-10133.4,245598.5,9,0.778,0.689,0.794,0.4884,217
Sep-Oct25,0.75,10,3,ALL,0.0,0.5,403,686,0.2026,322.23,221049.0,0.3593,-0.1567,2.21,23328.3,9.92,-11716.2,237923.1,9,0.333,0.728,0.834,0.5451,117
Sep-Oct25,0.75,10,3,ALL,0.0,0.7,403,1293,0.4261,175.47,226877.0,0.3593,0.0668,2.24,21554.0,10.95,-11201.5,241254.8,9,0.333,0.712,0.818,0.5216,175
Sep-Oct25,0.75,10,3,ALL,0.3,0.8,403,1710,0.7216,9.76,16682.0,0.3593,0.3623,10.19,0.0,inf,289.2,4493.4,9,1.0,0.111,0.177,0.0225,183
Sep-Oct25,0.75,10,3,NO,0.0,1.0,403,2108,0.7486,107.46,226527.0,0.4246,0.324,2.44,11294.8,19.56,-6130.2,223015.3,9,0.667,0.828,0.869,0.6888,173
Sep-Oct25,0.75,10,3,NO,0.0,0.5,403,280,0.1964,774.58,216884.0,0.4246,-0.2281,2.38,11338.6,19.38,-5904.3,218654.5,9,0.444,0.871,0.912,0.7608,72
Sep-Oct25,0.75,10,3,NO,0.0,0.7,403,605,0.438,360.61,218168.0,0.4246,0.0134,2.37,11900.0,19.09,-6238.6,220438.9,9,0.444,0.85,0.891,0.7257,121
Sep-Oct25,0.75,10,3,NO,0.3,0.8,403,878,0.6948,4.09,3591.0,0.4246,0.2702,2.45,1851.0,2.55,-1723.4,2196.8,9,0.667,0.043,0.119,0.0175,129
Sep-Oct25,0.75,10,3,YES,0.0,1.0,403,1901,0.7228,10.5,19961.0,0.3104,0.4124,2.03,6101.8,3.73,-4003.2,22583.2,9,0.556,0.3,0.391,0.1337,176
Sep-Oct25,0.75,10,3,YES,0.0,0.5,403,406,0.2069,10.26,4165.0,0.3104,-0.1035,0.46,15103.8,1.28,-5811.8,19268.7,9,0.111,0.362,0.437,0.192,93
Sep-Oct25,0.75,10,3,YES,0.0,0.7,403,688,0.4157,12.66,8709.0,0.3104,0.1053,0.91,12106.5,1.69,-4962.9,20816.0,9,0.333,0.335,0.421,0.1651,130
Sep-Oct25,0.75,10,3,YES,0.3,0.8,403,832,0.75,15.73,13090.0,0.3104,0.4396,11.72,0.0,inf,338.8,2773.6,9,1.0,0.155,0.205,0.0347,138
Sep-Oct25,0.75,10,6,ALL,0.0,1.0,77,1439,0.6532,143.78,206899.0,0.3593,0.2939,2.32,20253.0,11.21,-12295.9,212580.1,9,0.778,0.85,0.866,0.7301,63
Sep-Oct25,0.75,10,6,ALL,0.0,0.5,77,409,0.1345,482.16,197205.0,0.3593,-0.2249,2.25,21034.3,10.14,-12387.6,208861.5,9,0.444,0.87,0.882,0.764,35
Sep-Oct25,0.75,10,6,ALL,0.0,0.7,77,630,0.3302,317.47,200006.0,0.3593,-0.0292,2.26,21220.3,10.22,-12426.1,210803.7,9,0.444,0.862,0.876,0.7503,53
Sep-Oct25,0.75,10,6,ALL,0.3,0.8,77,542,0.6993,8.45,4582.0,0.3593,0.3399,4.2,593.9,5.84,-593.9,2312.5,9,0.778,0.108,0.21,0.0382,57
Sep-Oct25,0.75,10,6,NO,0.0,1.0,77,741,0.6883,289.1,214221.0,0.4246,0.2637,2.43,10138.2,21.64,-5004.1,212097.5,9,0.556,0.923,0.928,0.8526,59
Sep-Oct25,0.75,10,6,NO,0.0,0.5,77,165,0.1333,1271.92,209867.0,0.4246,-0.2912,2.41,9353.5,23.44,-5036.9,209344.4,9,0.333,0.945,0.948,0.8937,25
Sep-Oct25,0.75,10,6,NO,0.0,0.7,77,293,0.3618,719.28,210750.0,0.4246,-0.0628,2.4,10194.4,21.67,-5203.5,210482.8,9,0.444,0.934,0.938,0.8736,42
Sep-Oct25,0.75,10,6,NO,0.3,0.8,77,282,0.6809,3.96,1118.0,0.4246,0.2563,1.18,1784.2,1.54,-737.3,1577.7,9,0.556,0.1,0.209,0.0426,46
Sep-Oct25,0.75,10,6,YES,0.0,1.0,77,698,0.616,-10.49,-7322.0,0.3104,0.3056,-2.06,10427.2,0.37,-7291.8,1399.0,9,0.556,0.105,0.163,0.2577,56
Sep-Oct25,0.75,10,6,YES,0.0,0.5,77,244,0.1352,-51.89,-12662.0,0.3104,-0.1752,-3.88,12748.9,0.09,-7350.7,618.9,9,0.333,0.114,0.162,0.3446,30
Sep-Oct25,0.75,10,6,YES,0.0,0.7,77,337,0.3027,-31.88,-10744.0,0.3104,-0.0077,-3.24,11983.2,0.17,-7222.6,918.7,9,0.444,0.108,0.158,0.3073,40
Sep-Oct25,0.75,10,6,YES,0.3,0.8,77,260,0.7192,13.33,3465.0,0.3104,0.4088,5.59,306.2,8.78,-306.2,1219.7,9,0.667,0.075,0.214,0.0499,46
Sep-Oct25,0.75,10,9,ALL,0.0,1.0,27,658,0.7903,8.31,5469.0,0.3593,0.4309,3.83,2281.4,3.4,-1211.2,1770.3,9,0.667,0.329,0.467,0.1406,24
Sep-Oct25,0.75,10,9,ALL,0.0,0.5,27,84,0.3333,12.4,1042.0,0.3593,-0.026,1.05,1032.1,1.47,-1000.0,1418.9,9,0.556,0.393,0.515,0.1824,19
Sep-Oct25,0.75,10,9,ALL,0.0,0.7,27,193,0.513,8.04,1552.0,0.3593,0.1536,1.53,1603.7,1.7,-1072.6,1343.0,9,0.444,0.346,0.464,0.1502,24
Sep-Oct25,0.75,10,9,ALL,0.3,0.8,27,284,0.6831,5.36,1521.0,0.3593,0.3238,2.27,916.3,2.63,-871.5,1061.2,9,0.444,0.105,0.278,0.0735,24
Sep-Oct25,0.75,10,9,NO,0.0,1.0,27,379,0.7704,-0.48,-183.0,0.4246,0.3459,-0.2,2483.2,0.93,-1230.4,888.8,9,0.444,0.095,0.265,0.0746,23
Sep-Oct25,0.75,10,9,NO,0.0,0.5,27,37,0.2703,-34.71,-1284.0,0.4246,-0.1543,-3.68,916.9,0.17,-706.9,132.6,9,0.333,0.127,0.251,0.1182,14
Sep-Oct25,0.75,10,9,NO,0.0,0.7,27,108,0.4722,-16.69,-1802.0,0.4246,0.0476,-3.8,2313.8,0.24,-869.6,564.2,9,0.111,0.088,0.217,0.0891,19
Sep-Oct25,0.75,10,9,NO,0.3,0.8,27,164,0.6098,-7.18,-1177.0,0.4246,0.1852,-2.27,1913.3,0.47,-725.8,423.7,9,0.444,0.081,0.212,0.0801,21
Sep-Oct25,0.75,10,9,YES,0.0,1.0,27,279,0.8172,20.26,5652.0,0.3104,0.5068,6.7,227.9,25.8,-227.9,1892.5,9,0.889,0.389,0.551,0.1825,23
Sep-Oct25,0.75,10,9,YES,0.0,0.5,27,47,0.383,49.49,2326.0,0.3104,0.0726,2.93,425.2,3.27,-500.0,1518.9,9,0.556,0.498,0.629,0.2747,15
Sep-Oct25,0.75,10,9,YES,0.0,0.7,27,85,0.5647,39.47,3355.0,0.3104,0.2543,4.4,267.8,6.57,-334.6,1528.0,9,0.667,0.442,0.586,0.2193,20
Sep-Oct25,0.75,10,9,YES,0.3,0.8,27,120,0.7833,22.49,2698.0,0.3104,0.4729,9.18,145.7,19.52,-145.7,637.5,9,0.889,0.171,0.396,0.0812,22
Sep-Oct25,0.75,30,3,ALL,0.0,1.0,172,3565,0.7414,69.46,247636.0,0.3593,0.382,2.43,16156.0,14.7,-10401.3,244773.0,9,0.778,0.716,0.826,0.5278,123
Sep-Oct25,0.75,30,3,ALL,0.0,0.5,172,603,0.1924,369.63,222886.0,0.3593,-0.167,2.23,22002.2,10.42,-11878.4,238079.2,9,0.333,0.748,0.856,0.5747,75
Sep-Oct25,0.75,30,3,ALL,0.0,0.7,172,1126,0.4236,203.24,228848.0,0.3593,0.0643,2.26,20096.3,11.5,-11625.8,241072.0,9,0.444,0.737,0.847,0.5591,105
Sep-Oct25,0.75,30,3,ALL,0.3,0.8,172,1510,0.7285,10.17,15363.0,0.3593,0.3691,10.04,0.0,inf,34.0,3688.3,9,1.0,0.142,0.226,0.0349,111
Sep-Oct25,0.75,30,3,NO,0.0,1.0,172,1853,0.7561,122.88,227699.0,0.4246,0.3315,2.46,9785.7,21.41,-5474.0,222435.5,9,0.667,0.855,0.897,0.7328,105
Sep-Oct25,0.75,30,3,NO,0.0,0.5,172,247,0.1781,878.39,216962.0,0.4246,-0.2464,2.38,10979.8,19.96,-5604.3,218710.6,9,0.444,0.884,0.926,0.7845,50
Sep-Oct25,0.75,30,3,NO,0.0,0.7,172,522,0.4349,419.45,218952.0,0.4246,0.0103,2.38,11250.6,19.92,-5929.9,220368.2,9,0.556,0.872,0.913,0.7628,79
Sep-Oct25,0.75,30,3,NO,0.3,0.8,172,765,0.7085,5.41,4139.0,0.4246,0.2839,3.45,900.0,4.17,-900.0,1952.5,9,0.778,0.056,0.156,0.0257,84
Sep-Oct25,0.75,30,3,YES,0.0,1.0,172,1712,0.7255,11.65,19938.0,0.3104,0.4151,2.03,6370.3,3.49,-4927.4,22337.5,9,0.667,0.333,0.434,0.1643,112
Sep-Oct25,0.75,30,3,YES,0.0,0.5,172,356,0.2022,16.64,5924.0,0.3104,-0.1082,0.65,13444.4,1.44,-6274.0,19368.7,9,0.222,0.396,0.478,0.2298,62
Sep-Oct25,0.75,30,3,YES,0.0,0.7,172,604,0.4139,16.39,9897.0,0.3104,0.1035,1.04,10845.8,1.86,-5695.9,20703.8,9,0.333,0.373,0.469,0.2041,85
Sep-Oct25,0.75,30,3,YES,0.3,0.8,172,745,0.749,15.07,11224.0,0.3104,0.4386,11.56,33.7,333.84,-33.7,2154.1,9,0.889,0.191,0.252,0.0508,95
Sep-Oct25,0.75,30,6,ALL,0.0,1.0,74,1437,0.6534,144.03,206966.0,0.3593,0.2941,2.32,20253.0,11.21,-12295.9,212580.1,9,0.778,0.851,0.866,0.7304,62
Sep-Oct25,0.75,30,6,ALL,0.0,0.5,74,409,0.1345,482.16,197205.0,0.3593,-0.2249,2.25,21034.3,10.14,-12387.6,208861.5,9,0.444,0.87,0.882,0.764,35
Sep-Oct25,0.75,30,6,ALL,0.0,0.7,74,630,0.3302,317.47,200006.0,0.3593,-0.0292,2.26,21220.3,10.22,-12426.1,210803.7,9,0.444,0.862,0.876,0.7503,53
Sep-Oct25,0.75,30,6,ALL,0.3,0.8,74,541,0.6987,8.41,4549.0,0.3593,0.3394,4.15,627.3,5.64,-627.3,2312.5,9,0.778,0.108,0.21,0.0384,56
Sep-Oct25,0.75,30,6,NO,0.0,1.0,74,740,0.6892,289.62,214321.0,0.4246,0.2646,2.43,10138.2,21.65,-5004.1,212097.5,9,0.556,0.923,0.928,0.8533,58
Sep-Oct25,0.75,30,6,NO,0.0,0.5,74,165,0.1333,1271.92,209867.0,0.4246,-0.2912,2.41,9353.5,23.44,-5036.9,209344.4,9,0.333,0.945,0.948,0.8937,25
Sep-Oct25,0.75,30,6,NO,0.0,0.7,74,293,0.3618,719.28,210750.0,0.4246,-0.0628,2.4,10194.4,21.67,-5203.5,210482.8,9,0.444,0.934,0.938,0.8736,42
Sep-Oct25,0.75,30,6,NO,0.3,0.8,74,282,0.6809,3.96,1118.0,0.4246,0.2563,1.18,1784.2,1.54,-737.3,1577.7,9,0.556,0.1,0.209,0.0426,46
Sep-Oct25,0.75,30,6,YES,0.0,1.0,74,697,0.6155,-10.55,-7356.0,0.3104,0.3051,-2.07,10427.2,0.37,-7291.8,1399.0,9,0.556,0.105,0.164,0.2583,55
Sep-Oct25,0.75,30,6,YES,0.0,0.5,74,244,0.1352,-51.89,-12662.0,0.3104,-0.1752,-3.88,12748.9,0.09,-7350.7,618.9,9,0.333,0.114,0.162,0.3446,30
Sep-Oct25,0.75,30,6,YES,0.0,0.7,74,337,0.3027,-31.88,-10744.0,0.3104,-0.0077,-3.24,11983.2,0.17,-7222.6,918.7,9,0.444,0.108,0.158,0.3073,40
Sep-Oct25,0.75,30,6,YES,0.3,0.8,74,259,0.7181,13.25,3431.0,0.3104,0.4077,5.47,339.6,8.17,-339.6,1219.7,9,0.667,0.076,0.215,0.0503,45
Sep-Oct25,0.75,30,9,ALL,0.0,1.0,27,658,0.7903,8.31,5469.0,0.3593,0.4309,3.83,2281.4,3.4,-1211.2,1770.3,9,0.667,0.329,0.467,0.1406,24
Sep-Oct25,0.75,30,9,ALL,0.0,0.5,27,84,0.3333,12.4,1042.0,0.3593,-0.026,1.05,1032.1,1.47,-1000.0,1418.9,9,0.556,0.393,0.515,0.1824,19
Sep-Oct25,0.75,30,9,ALL,0.0,0.7,27,193,0.513,8.04,1552.0,0.3593,0.1536,1.53,1603.7,1.7,-1072.6,1343.0,9,0.444,0.346,0.464,0.1502,24
Sep-Oct25,0.75,30,9,ALL,0.3,0.8,27,284,0.6831,5.36,1521.0,0.3593,0.3238,2.27,916.3,2.63,-871.5,1061.2,9,0.444,0.105,0.278,0.0735,24
Sep-Oct25,0.75,30,9,NO,0.0,1.0,27,379,0.7704,-0.48,-183.0,0.4246,0.3459,-0.2,2483.2,0.93,-1230.4,888.8,9,0.444,0.095,0.265,0.0746,23
Sep-Oct25,0.75,30,9,NO,0.0,0.5,27,37,0.2703,-34.71,-1284.0,0.4246,-0.1543,-3.68,916.9,0.17,-706.9,132.6,9,0.333,0.127,0.251,0.1182,14
Sep-Oct25,0.75,30,9,NO,0.0,0.7,27,108,0.4722,-16.69,-1802.0,0.4246,0.0476,-3.8,2313.8,0.24,-869.6,564.2,9,0.111,0.088,0.217,0.0891,19
Sep-Oct25,0.75,30,9,NO,0.3,0.8,27,164,0.6098,-7.18,-1177.0,0.4246,0.1852,-2.27,1913.3,0.47,-725.8,423.7,9,0.444,0.081,0.212,0.0801,21
Sep-Oct25,0.75,30,9,YES,0.0,1.0,27,279,0.8172,20.26,5652.0,0.3104,0.5068,6.7,227.9,25.8,-227.9,1892.5,9,0.889,0.389,0.551,0.1825,23
Sep-Oct25,0.75,30,9,YES,0.0,0.5,27,47,0.383,49.49,2326.0,0.3104,0.0726,2.93,425.2,3.27,-500.0,1518.9,9,0.556,0.498,0.629,0.2747,15
Sep-Oct25,0.75,30,9,YES,0.0,0.7,27,85,0.5647,39.47,3355.0,0.3104,0.2543,4.4,267.8,6.57,-334.6,1528.0,9,0.667,0.442,0.586,0.2193,20
Sep-Oct25,0.75,30,9,YES,0.3,0.8,27,120,0.7833,22.49,2698.0,0.3104,0.4729,9.18,145.7,19.52,-145.7,637.5,9,0.889,0.171,0.396,0.0812,22
Sep-Oct25,0.75,50,3,ALL,0.0,1.0,99,3128,0.7465,78.84,246618.0,0.3593,0.3871,2.43,16519.7,14.51,-10168.9,243721.5,9,0.778,0.736,0.849,0.5574,75
Sep-Oct25,0.75,50,3,ALL,0.0,0.5,99,490,0.1694,460.97,225873.0,0.3593,-0.1899,2.26,20716.5,11.21,-11501.9,238383.1,9,0.333,0.764,0.876,0.6005,44
Sep-Oct25,0.75,50,3,ALL,0.0,0.7,99,924,0.4123,249.07,230140.0,0.3593,0.053,2.28,19987.2,11.98,-11003.1,240653.2,9,0.444,0.752,0.864,0.5819,65
Sep-Oct25,0.75,50,3,ALL,0.3,0.8,99,1282,0.7324,8.64,11077.0,0.3593,0.3731,10.67,0.0,inf,25.7,2543.5,9,1.0,0.184,0.294,0.0543,68
Sep-Oct25,0.75,50,3,NO,0.0,1.0,99,1636,0.7567,138.44,226488.0,0.4246,0.3322,2.45,10110.6,22.23,-5371.6,222054.5,9,0.667,0.872,0.915,0.7633,68
Sep-Oct25,0.75,50,3,NO,0.0,0.5,99,200,0.16,1092.35,218470.0,0.4246,-0.2646,2.39,10721.9,20.91,-5436.9,219266.1,9,0.444,0.898,0.94,0.8093,32
Sep-Oct25,0.75,50,3,NO,0.0,0.7,99,433,0.4249,506.66,219382.0,0.4246,0.0004,2.38,11866.5,19.49,-5707.9,220621.3,9,0.444,0.885,0.926,0.786,51
Sep-Oct25,0.75,50,3,NO,0.3,0.8,99,663,0.7119,3.81,2527.0,0.4246,0.2873,2.86,1264.9,3.0,-840.0,1322.4,9,0.667,0.07,0.184,0.0353,56
Sep-Oct25,0.75,50,3,YES,0.0,1.0,99,1492,0.7353,13.49,20130.0,0.3104,0.4249,2.11,6409.1,3.53,-4797.2,21667.0,9,0.778,0.366,0.476,0.1981,71
Sep-Oct25,0.75,50,3,YES,0.0,0.5,99,290,0.1759,25.53,7403.0,0.3104,-0.1345,0.82,11713.8,1.61,-6065.0,19117.0,9,0.222,0.428,0.517,0.2681,38
Sep-Oct25,0.75,50,3,YES,0.0,0.7,99,491,0.4012,21.91,10759.0,0.3104,0.0908,1.17,9504.0,2.02,-5295.2,20031.9,9,0.444,0.405,0.509,0.2398,54
Sep-Oct25,0.75,50,3,YES,0.3,0.8,99,619,0.7544,13.81,8550.0,0.3104,0.444,10.18,74.5,115.83,-74.5,1751.4,9,0.889,0.254,0.335,0.0839,59
Sep-Oct25,0.75,50,6,ALL,0.0,1.0,62,1388,0.6484,148.88,206651.0,0.3593,0.2891,2.32,20347.3,11.11,-12195.4,212373.3,9,0.778,0.856,0.871,0.7396,53
Sep-Oct25,0.75,50,6,ALL,0.0,0.5,62,400,0.13,493.34,197336.0,0.3593,-0.2293,2.25,20842.2,10.22,-12187.6,208717.0,9,0.444,0.873,0.885,0.7692,31
Sep-Oct25,0.75,50,6,ALL,0.0,0.7,62,617,0.3258,324.05,199942.0,0.3593,-0.0336,2.26,21177.3,10.23,-12226.1,210659.3,9,0.444,0.866,0.879,0.7566,46
Sep-Oct25,0.75,50,6,ALL,0.3,0.8,62,523,0.6922,7.22,3775.0,0.3593,0.3328,3.78,627.3,4.69,-627.3,2051.9,9,0.778,0.118,0.23,0.0442,48
Sep-Oct25,0.75,50,6,NO,0.0,1.0,62,706,0.6827,303.32,214147.0,0.4246,0.2581,2.43,10172.3,21.71,-5103.6,211922.2,9,0.556,0.927,0.932,0.8605,49
Sep-Oct25,0.75,50,6,NO,0.0,0.5,62,162,0.1296,1295.82,209922.0,0.4246,-0.2949,2.41,9290.1,23.6,-5036.9,209200.0,9,0.444,0.946,0.95,0.8963,22
Sep-Oct25,0.75,50,6,NO,0.0,0.7,62,286,0.3531,736.4,210609.0,0.4246,-0.0714,2.4,10343.5,21.36,-5203.5,210338.3,9,0.444,0.936,0.94,0.8776,36
Sep-Oct25,0.75,50,6,NO,0.3,0.8,62,270,0.6741,3.0,810.0,0.4246,0.2495,0.94,1826.0,1.38,-737.3,1348.8,9,0.556,0.109,0.226,0.0483,40
Sep-Oct25,0.75,50,6,YES,0.0,1.0,62,682,0.6129,-10.99,-7496.0,0.3104,0.3025,-2.14,10303.7,0.35,-7091.8,1229.6,9,0.556,0.109,0.168,0.2733,49
Sep-Oct25,0.75,50,6,YES,0.0,0.5,62,238,0.1303,-52.88,-12586.0,0.3104,-0.1802,-3.9,12556.8,0.08,-7150.7,618.9,9,0.333,0.117,0.166,0.3609,27
Sep-Oct25,0.75,50,6,YES,0.0,0.7,62,331,0.3021,-32.23,-10668.0,0.3104,-0.0083,-3.26,11791.2,0.16,-7022.6,802.5,9,0.444,0.11,0.162,0.321,37
Sep-Oct25,0.75,50,6,YES,0.3,0.8,62,253,0.7115,11.72,2965.0,0.3104,0.4011,5.26,339.6,7.19,-339.6,975.9,9,0.667,0.081,0.228,0.0544,41
Sep-Oct25,0.75,50,9,ALL,0.0,1.0,27,658,0.7903,8.31,5469.0,0.3593,0.4309,3.83,2281.4,3.4,-1211.2,1770.3,9,0.667,0.329,0.467,0.1406,24
Sep-Oct25,0.75,50,9,ALL,0.0,0.5,27,84,0.3333,12.4,1042.0,0.3593,-0.026,1.05,1032.1,1.47,-1000.0,1418.9,9,0.556,0.393,0.515,0.1824,19
Sep-Oct25,0.75,50,9,ALL,0.0,0.7,27,193,0.513,8.04,1552.0,0.3593,0.1536,1.53,1603.7,1.7,-1072.6,1343.0,9,0.444,0.346,0.464,0.1502,24
Sep-Oct25,0.75,50,9,ALL,0.3,0.8,27,284,0.6831,5.36,1521.0,0.3593,0.3238,2.27,916.3,2.63,-871.5,1061.2,9,0.444,0.105,0.278,0.0735,24
Sep-Oct25,0.75,50,9,NO,0.0,1.0,27,379,0.7704,-0.48,-183.0,0.4246,0.3459,-0.2,2483.2,0.93,-1230.4,888.8,9,0.444,0.095,0.265,0.0746,23
Sep-Oct25,0.75,50,9,NO,0.0,0.5,27,37,0.2703,-34.71,-1284.0,0.4246,-0.1543,-3.68,916.9,0.17,-706.9,132.6,9,0.333,0.127,0.251,0.1182,14
Sep-Oct25,0.75,50,9,NO,0.0,0.7,27,108,0.4722,-16.69,-1802.0,0.4246,0.0476,-3.8,2313.8,0.24,-869.6,564.2,9,0.111,0.088,0.217,0.0891,19
Sep-Oct25,0.75,50,9,NO,0.3,0.8,27,164,0.6098,-7.18,-1177.0,0.4246,0.1852,-2.27,1913.3,0.47,-725.8,423.7,9,0.444,0.081,0.212,0.0801,21
Sep-Oct25,0.75,50,9,YES,0.0,1.0,27,279,0.8172,20.26,5652.0,0.3104,0.5068,6.7,227.9,25.8,-227.9,1892.5,9,0.889,0.389,0.551,0.1825,23
Sep-Oct25,0.75,50,9,YES,0.0,0.5,27,47,0.383,49.49,2326.0,0.3104,0.0726,2.93,425.2,3.27,-500.0,1518.9,9,0.556,0.498,0.629,0.2747,15
Sep-Oct25,0.75,50,9,YES,0.0,0.7,27,85,0.5647,39.47,3355.0,0.3104,0.2543,4.4,267.8,6.57,-334.6,1528.0,9,0.667,0.442,0.586,0.2193,20
Sep-Oct25,0.75,50,9,YES,0.3,0.8,27,120,0.7833,22.49,2698.0,0.3104,0.4729,9.18,145.7,19.52,-145.7,637.5,9,0.889,0.171,0.396,0.0812,22
Sep-Oct25,0.8,10,3,ALL,0.0,1.0,211,2963,0.7388,-1.81,-5350.0,0.3593,0.3794,-0.88,15596.2,0.71,-9714.9,4318.6,9,0.667,0.071,0.154,0.1648,120
Sep-Oct25,0.8,10,3,ALL,0.0,0.5,211,485,0.1361,-55.19,-26769.0,0.3593,-0.2233,-5.35,26208.9,0.02,-11365.7,477.8,9,0.222,0.058,0.114,0.2669,59
Sep-Oct25,0.8,10,3,ALL,0.0,0.7,211,903,0.3998,-23.29,-21030.0,0.3593,0.0404,-4.08,22921.4,0.12,-10898.9,1891.7,9,0.333,0.066,0.141,0.2285,94
Sep-Oct25,0.8,10,3,ALL,0.3,0.8,211,1199,0.7431,10.46,12547.0,0.3593,0.3838,9.53,664.0,19.9,-664.0,2965.7,9,0.889,0.178,0.259,0.0465,97
Sep-Oct25,0.8,10,3,NO,0.0,1.0,211,1550,0.7535,-1.87,-2902.0,0.4246,0.329,-0.91,8608.0,0.69,-5570.5,1958.7,9,0.778,0.046,0.11,0.1196,99
Sep-Oct25,0.8,10,3,NO,0.0,0.5,211,198,0.101,-63.5,-12572.0,0.4246,-0.3236,-5.54,12060.5,0.0,-5600.0,33.3,9,0.111,0.041,0.08,0.2747,36
Sep-Oct25,0.8,10,3,NO,0.0,0.7,211,419,0.4153,-23.71,-9935.0,0.4246,-0.0093,-3.89,10947.3,0.09,-5774.2,748.1,9,0.222,0.036,0.082,0.1859,69
Sep-Oct25,0.8,10,3,NO,0.3,0.8,211,610,0.7311,6.71,4091.0,0.4246,0.3066,4.05,511.1,4.26,-511.1,1799.2,9,0.667,0.072,0.168,0.0303,74
Sep-Oct25,0.8,10,3,YES,0.0,1.0,211,1413,0.7226,-1.73,-2448.0,0.3104,0.4122,-0.81,7309.4,0.74,-4144.4,2574.0,9,0.556,0.092,0.217,0.1476,99
Sep-Oct25,0.8,10,3,YES,0.0,0.5,211,287,0.1603,-49.47,-14197.0,0.3104,-0.1501,-5.06,14148.4,0.06,-5765.7,444.4,9,0.222,0.091,0.168,0.2236,50
Sep-Oct25,0.8,10,3,YES,0.0,0.7,211,484,0.3864,-22.92,-11095.0,0.3104,0.076,-4.08,12238.1,0.19,-5124.7,1143.6,9,0.333,0.083,0.189,0.19,70
Sep-Oct25,0.8,10,3,YES,0.3,0.8,211,589,0.7555,14.36,8455.0,0.3104,0.4451,9.67,289.6,30.2,-289.6,1716.5,9,0.889,0.234,0.308,0.071,76
Sep-Oct25,0.8,10,6,ALL,0.0,1.0,39,881,0.597,-17.23,-15179.0,0.3593,0.2377,-2.51,20071.8,0.24,-12227.0,2091.7,9,0.556,0.095,0.141,0.4605,34
Sep-Oct25,0.8,10,6,ALL,0.0,0.5,39,304,0.0461,-74.38,-22612.0,0.3593,-0.3133,-4.16,22456.1,0.05,-12200.0,1118.9,9,0.111,0.084,0.109,0.5427,17
Sep-Oct25,0.8,10,6,ALL,0.0,0.7,39,423,0.2411,-47.65,-20157.0,0.3593,-0.1182,-3.55,21601.2,0.12,-12410.9,1243.6,9,0.333,0.092,0.123,0.5302,28
Sep-Oct25,0.8,10,6,ALL,0.3,0.8,39,281,0.7295,9.27,2603.0,0.3593,0.3702,3.06,782.9,4.18,-646.4,1756.7,9,0.556,0.116,0.262,0.0629,29
Sep-Oct25,0.8,10,6,NO,0.0,1.0,39,438,0.6667,-10.59,-4638.0,0.4246,0.2421,-1.74,8401.8,0.45,-4980.8,1875.4,9,0.667,0.056,0.127,0.4062,33
Sep-Oct25,0.8,10,6,NO,0.0,0.5,39,122,0.0246,-79.82,-9738.0,0.4246,-0.4,-4.84,9882.6,0.01,-5000.0,144.4,8,0.125,0.014,0.034,0.7384,11
Sep-Oct25,0.8,10,6,NO,0.0,0.7,39,186,0.2903,-41.87,-7787.0,0.4246,-0.1343,-3.29,9071.7,0.14,-5062.7,1018.5,9,0.444,0.043,0.083,0.6098,22
Sep-Oct25,0.8,10,6,NO,0.3,0.8,39,133,0.797,18.83,2505.0,0.4246,0.3724,3.71,636.0,4.94,-320.7,1407.1,9,0.667,0.144,0.299,0.0633,25
Sep-Oct25,0.8,10,6,YES,0.0,1.0,39,443,0.5282,-23.8,-10541.0,0.3104,0.2178,-3.04,11764.9,0.17,-7246.3,1270.9,9,0.444,0.132,0.184,0.3997,31
Sep-Oct25,0.8,10,6,YES,0.0,0.5,39,182,0.0604,-70.73,-12873.0,0.3104,-0.25,-3.91,12573.5,0.08,-7200.0,1118.9,9,0.111,0.13,0.172,0.4452,15
Sep-Oct25,0.8,10,6,YES,0.0,0.7,39,237,0.2025,-52.19,-12370.0,0.3104,-0.1079,-3.69,12723.4,0.1,-7348.2,1018.9,9,0.444,0.127,0.171,0.4232,21
Sep-Oct25,0.8,10,6,YES,0.3,0.8,39,148,0.6689,0.67,98.0,0.3104,0.3585,0.25,526.6,1.09,-325.7,608.6,9,0.333,0.141,0.239,0.1066,25
Sep-Oct25,0.8,10,9,ALL,0.0,1.0,12,255,0.8549,17.66,4503.0,0.3593,0.4956,4.0,1262.6,4.57,-634.1,2038.6,9,0.667,0.654,0.827,0.4493,11
Sep-Oct25,0.8,10,9,ALL,0.0,0.5,12,24,0.2917,61.72,1481.0,0.3593,-0.0677,2.02,777.8,2.37,-500.0,1518.9,7,0.429,0.623,0.685,0.4168,8
Sep-Oct25,0.8,10,9,ALL,0.0,0.7,12,57,0.5789,41.32,2355.0,0.3593,0.2196,2.63,929.0,3.33,-606.4,1678.3,9,0.444,0.689,0.758,0.4859,11
Sep-Oct25,0.8,10,9,ALL,0.3,0.8,12,86,0.8023,19.71,1695.0,0.3593,0.443,5.28,413.5,5.1,-413.5,400.2,9,0.889,0.247,0.614,0.1556,11
Sep-Oct25,0.8,10,9,NO,0.0,1.0,12,147,0.8707,8.85,1301.0,0.4246,0.4462,2.79,812.0,2.46,-453.9,646.9,9,0.778,0.276,0.639,0.1714,10
Sep-Oct25,0.8,10,9,NO,0.0,0.7,12,28,0.6786,11.31,317.0,0.4246,0.254,1.66,322.0,1.78,-262.7,239.1,8,0.625,0.344,0.572,0.2007,8
Sep-Oct25,0.8,10,9,NO,0.3,0.8,12,48,0.7917,17.36,833.0,0.4246,0.3671,3.84,316.4,3.35,-232.8,309.0,9,0.778,0.208,0.571,0.1507,9
Sep-Oct25,0.8,10,9,YES,0.0,1.0,12,108,0.8333,29.65,3203.0,0.3104,0.5229,3.73,450.6,6.06,-197.6,1681.8,9,0.556,0.734,0.85,0.551,11
Sep-Oct25,0.8,10,9,YES,0.0,0.5,12,17,0.3529,115.52,1964.0,0.3104,0.0425,3.01,377.8,3.9,-300.0,1518.9,6,0.333,0.697,0.764,0.5061,7
Sep-Oct25,0.8,10,9,YES,0.0,0.7,12,29,0.4828,70.29,2038.0,0.3104,0.1724,2.66,607.0,3.25,-343.7,1518.9,8,0.5,0.684,0.757,0.4841,9
Sep-Oct25,0.8,10,9,YES,0.3,0.8,12,38,0.8158,22.69,862.0,0.3104,0.5054,5.05,214.0,5.03,-180.6,266.5,8,0.75,0.222,0.518,0.1394,10
Sep-Oct25,0.8,30,3,ALL,0.0,1.0,88,2683,0.7458,-1.45,-3885.0,0.3593,0.3865,-0.66,15065.9,0.77,-10153.9,3857.1,9,0.667,0.083,0.181,0.2254,66
Sep-Oct25,0.8,30,3,ALL,0.0,0.5,88,432,0.1227,-58.82,-25411.0,0.3593,-0.2367,-5.05,24806.8,0.01,-11714.3,377.8,9,0.111,0.066,0.129,0.341,37
Sep-Oct25,0.8,30,3,ALL,0.0,0.7,88,791,0.3932,-24.95,-19737.0,0.3593,0.0338,-3.81,21432.0,0.11,-11362.2,1694.8,9,0.222,0.077,0.166,0.3142,55
Sep-Oct25,0.8,30,3,ALL,0.3,0.8,88,1072,0.7537,11.32,12133.0,0.3593,0.3944,9.86,736.2,17.48,-736.2,2575.1,9,0.889,0.227,0.332,0.0726,56
Sep-Oct25,0.8,30,3,NO,0.0,1.0,88,1405,0.7644,-1.32,-1855.0,0.4246,0.3398,-0.62,7687.9,0.78,-5306.1,1851.8,9,0.778,0.058,0.137,0.1828,60
Sep-Oct25,0.8,30,3,NO,0.0,0.5,88,177,0.0734,-71.92,-12730.0,0.4246,-0.3511,-5.77,12174.5,0.0,-5500.0,33.3,9,0.111,0.019,0.041,0.3732,25
Sep-Oct25,0.8,30,3,NO,0.0,0.7,88,364,0.4093,-26.27,-9563.0,0.4246,-0.0152,-3.87,10326.6,0.08,-5606.8,763.3,9,0.222,0.029,0.082,0.2942,45
Sep-Oct25,0.8,30,3,NO,0.3,0.8,88,541,0.7505,8.54,4623.0,0.4246,0.3259,5.72,334.6,10.21,-334.6,1737.1,9,0.778,0.097,0.228,0.0449,48
Sep-Oct25,0.8,30,3,YES,0.0,1.0,88,1278,0.7254,-1.59,-2030.0,0.3104,0.4149,-0.65,7378.0,0.79,-4847.8,2273.1,9,0.667,0.104,0.247,0.1904,61
Sep-Oct25,0.8,30,3,YES,0.0,0.5,88,255,0.1569,-49.73,-12681.0,0.3104,-0.1535,-4.39,12632.4,0.06,-6214.3,404.6,9,0.222,0.102,0.188,0.2789,32
Sep-Oct25,0.8,30,3,YES,0.0,0.7,88,427,0.3794,-23.83,-10174.0,0.3104,0.069,-3.62,11105.3,0.17,-5755.4,931.5,9,0.333,0.095,0.216,0.2474,44
Sep-Oct25,0.8,30,3,YES,0.3,0.8,88,531,0.7571,14.14,7510.0,0.3104,0.4467,9.27,569.1,14.2,-569.1,1404.1,9,0.889,0.281,0.37,0.1,51
Sep-Oct25,0.8,30,6,ALL,0.0,1.0,38,881,0.597,-17.23,-15179.0,0.3593,0.2377,-2.51,20071.8,0.24,-12227.0,2091.7,9,0.556,0.095,0.141,0.4605,34
Sep-Oct25,0.8,30,6,ALL,0.0,0.5,38,304,0.0461,-74.38,-22612.0,0.3593,-0.3133,-4.16,22456.1,0.05,-12200.0,1118.9,9,0.111,0.084,0.109,0.5427,17
Sep-Oct25,0.8,30,6,ALL,0.0,0.7,38,423,0.2411,-47.65,-20157.0,0.3593,-0.1182,-3.55,21601.2,0.12,-12410.9,1243.6,9,0.333,0.092,0.123,0.5302,28
Sep-Oct25,0.8,30,6,ALL,0.3,0.8,38,281,0.7295,9.27,2603.0,0.3593,0.3702,3.06,782.9,4.18,-646.4,1756.7,9,0.556,0.116,0.262,0.0629,29
Sep-Oct25,0.8,30,6,NO,0.0,1.0,38,438,0.6667,-10.59,-4638.0,0.4246,0.2421,-1.74,8401.8,0.45,-4980.8,1875.4,9,0.667,0.056,0.127,0.4062,33
Sep-Oct25,0.8,30,6,NO,0.0,0.5,38,122,0.0246,-79.82,-9738.0,0.4246,-0.4,-4.84,9882.6,0.01,-5000.0,144.4,8,0.125,0.014,0.034,0.7384,11
Sep-Oct25,0.8,30,6,NO,0.0,0.7,38,186,0.2903,-41.87,-7787.0,0.4246,-0.1343,-3.29,9071.7,0.14,-5062.7,1018.5,9,0.444,0.043,0.083,0.6098,22
Sep-Oct25,0.8,30,6,NO,0.3,0.8,38,133,0.797,18.83,2505.0,0.4246,0.3724,3.71,636.0,4.94,-320.7,1407.1,9,0.667,0.144,0.299,0.0633,25
Sep-Oct25,0.8,30,6,YES,0.0,1.0,38,443,0.5282,-23.8,-10541.0,0.3104,0.2178,-3.04,11764.9,0.17,-7246.3,1270.9,9,0.444,0.132,0.184,0.3997,31
Sep-Oct25,0.8,30,6,YES,0.0,0.5,38,182,0.0604,-70.73,-12873.0,0.3104,-0.25,-3.91,12573.5,0.08,-7200.0,1118.9,9,0.111,0.13,0.172,0.4452,15
Sep-Oct25,0.8,30,6,YES,0.0,0.7,38,237,0.2025,-52.19,-12370.0,0.3104,-0.1079,-3.69,12723.4,0.1,-7348.2,1018.9,9,0.444,0.127,0.171,0.4232,21
Sep-Oct25,0.8,30,6,YES,0.3,0.8,38,148,0.6689,0.67,98.0,0.3104,0.3585,0.25,526.6,1.09,-325.7,608.6,9,0.333,0.141,0.239,0.1066,25
Sep-Oct25,0.8,30,9,ALL,0.0,1.0,12,255,0.8549,17.66,4503.0,0.3593,0.4956,4.0,1262.6,4.57,-634.1,2038.6,9,0.667,0.654,0.827,0.4493,11
Sep-Oct25,0.8,30,9,ALL,0.0,0.5,12,24,0.2917,61.72,1481.0,0.3593,-0.0677,2.02,777.8,2.37,-500.0,1518.9,7,0.429,0.623,0.685,0.4168,8
Sep-Oct25,0.8,30,9,ALL,0.0,0.7,12,57,0.5789,41.32,2355.0,0.3593,0.2196,2.63,929.0,3.33,-606.4,1678.3,9,0.444,0.689,0.758,0.4859,11
Sep-Oct25,0.8,30,9,ALL,0.3,0.8,12,86,0.8023,19.71,1695.0,0.3593,0.443,5.28,413.5,5.1,-413.5,400.2,9,0.889,0.247,0.614,0.1556,11
Sep-Oct25,0.8,30,9,NO,0.0,1.0,12,147,0.8707,8.85,1301.0,0.4246,0.4462,2.79,812.0,2.46,-453.9,646.9,9,0.778,0.276,0.639,0.1714,10
Sep-Oct25,0.8,30,9,NO,0.0,0.7,12,28,0.6786,11.31,317.0,0.4246,0.254,1.66,322.0,1.78,-262.7,239.1,8,0.625,0.344,0.572,0.2007,8
Sep-Oct25,0.8,30,9,NO,0.3,0.8,12,48,0.7917,17.36,833.0,0.4246,0.3671,3.84,316.4,3.35,-232.8,309.0,9,0.778,0.208,0.571,0.1507,9
Sep-Oct25,0.8,30,9,YES,0.0,1.0,12,108,0.8333,29.65,3203.0,0.3104,0.5229,3.73,450.6,6.06,-197.6,1681.8,9,0.556,0.734,0.85,0.551,11
Sep-Oct25,0.8,30,9,YES,0.0,0.5,12,17,0.3529,115.52,1964.0,0.3104,0.0425,3.01,377.8,3.9,-300.0,1518.9,6,0.333,0.697,0.764,0.5061,7
Sep-Oct25,0.8,30,9,YES,0.0,0.7,12,29,0.4828,70.29,2038.0,0.3104,0.1724,2.66,607.0,3.25,-343.7,1518.9,8,0.5,0.684,0.757,0.4841,9
Sep-Oct25,0.8,30,9,YES,0.3,0.8,12,38,0.8158,22.69,862.0,0.3104,0.5054,5.05,214.0,5.03,-180.6,266.5,8,0.75,0.222,0.518,0.1394,10
Sep-Oct25,0.8,50,3,ALL,0.0,1.0,50,2389,0.7468,-2.19,-5241.0,0.3593,0.3874,-0.9,15354.5,0.69,-10036.7,3203.7,9,0.667,0.093,0.203,0.2831,39
Sep-Oct25,0.8,50,3,ALL,0.0,0.5,50,364,0.0907,-64.14,-23347.0,0.3593,-0.2687,-4.66,23046.7,0.02,-11314.3,477.8,9,0.111,0.073,0.142,0.4133,22
Sep-Oct25,0.8,50,3,ALL,0.0,0.7,50,660,0.3697,-29.16,-19249.0,0.3593,0.0104,-3.83,20666.1,0.09,-10930.7,1407.9,9,0.333,0.084,0.18,0.3684,33
Sep-Oct25,0.8,50,3,ALL,0.3,0.8,50,924,0.7576,9.86,9106.0,0.3593,0.3982,9.83,838.5,11.86,-838.5,1654.8,9,0.889,0.288,0.42,0.111,33
Sep-Oct25,0.8,50,3,NO,0.0,1.0,50,1243,0.7651,-2.08,-2585.0,0.4246,0.3405,-0.92,7826.1,0.69,-5048.3,1430.8,9,0.778,0.07,0.165,0.2625,37
Sep-Oct25,0.8,50,3,NO,0.0,0.5,50,143,0.042,-77.69,-11109.0,0.4246,-0.3826,-5.46,11026.7,0.0,-5200.0,33.3,8,0.125,0.023,0.04,0.5413,14
Sep-Oct25,0.8,50,3,NO,0.0,0.7,50,298,0.3926,-30.13,-8978.0,0.4246,-0.032,-3.71,10442.4,0.14,-5267.1,1016.4,9,0.333,0.034,0.096,0.4013,27
Sep-Oct25,0.8,50,3,NO,0.3,0.8,50,468,0.7585,7.75,3629.0,0.4246,0.334,6.62,136.7,15.26,-136.7,1122.8,9,0.667,0.122,0.285,0.0655,30
Sep-Oct25,0.8,50,3,YES,0.0,1.0,50,1146,0.7269,-2.32,-2656.0,0.3104,0.4165,-0.86,7588.6,0.72,-4988.4,1968.5,9,0.556,0.115,0.272,0.2307,38
Sep-Oct25,0.8,50,3,YES,0.0,0.5,50,221,0.1222,-55.37,-12237.0,0.3104,-0.1882,-4.26,11937.4,0.07,-6114.3,518.9,9,0.222,0.11,0.204,0.3261,21
Sep-Oct25,0.8,50,3,YES,0.0,0.7,50,362,0.3508,-28.37,-10271.0,0.3104,0.0404,-3.76,10662.4,0.14,-5663.6,682.8,9,0.333,0.103,0.234,0.2906,28
Sep-Oct25,0.8,50,3,YES,0.3,0.8,50,456,0.7566,12.01,5477.0,0.3104,0.4462,7.17,744.7,8.35,-744.7,1231.4,9,0.889,0.366,0.479,0.1619,30
Sep-Oct25,0.8,50,6,ALL,0.0,1.0,31,847,0.5832,-18.71,-15848.0,0.3593,0.2239,-2.62,20434.1,0.22,-12326.5,1895.9,9,0.556,0.097,0.144,0.4864,29
Sep-Oct25,0.8,50,6,ALL,0.0,0.5,31,303,0.0429,-75.1,-22756.0,0.3593,-0.3164,-4.2,22456.1,0.05,-12200.0,1118.9,9,0.111,0.085,0.109,0.548,16
Sep-Oct25,0.8,50,6,ALL,0.0,0.7,31,419,0.2339,-48.82,-20455.0,0.3593,-0.1254,-3.62,21754.5,0.11,-12410.9,1178.3,9,0.333,0.093,0.124,0.541,25
Sep-Oct25,0.8,50,6,ALL,0.3,0.8,31,269,0.7175,7.55,2032.0,0.3593,0.3581,2.65,865.6,3.26,-688.2,1496.1,9,0.556,0.127,0.286,0.0718,25
Sep-Oct25,0.8,50,6,NO,0.0,1.0,31,412,0.6505,-12.44,-5126.0,0.4246,0.2259,-1.92,8636.5,0.41,-5080.3,1711.3,9,0.556,0.059,0.134,0.4507,28
Sep-Oct25,0.8,50,6,NO,0.0,0.5,31,121,0.0165,-81.67,-9883.0,0.4246,-0.408,-5.46,9800.0,0.0,-5000.0,-82.6,7,0.0,0.01,0.03,0.76,10
Sep-Oct25,0.8,50,6,NO,0.0,0.7,31,182,0.2747,-44.42,-8085.0,0.4246,-0.1498,-3.45,9177.9,0.13,-5062.7,874.1,9,0.444,0.044,0.084,0.6442,19
Sep-Oct25,0.8,50,6,NO,0.3,0.8,31,124,0.7823,16.45,2040.0,0.4246,0.3577,3.46,677.8,4.01,-362.5,1178.1,9,0.667,0.161,0.335,0.0735,22
Sep-Oct25,0.8,50,6,YES,0.0,1.0,31,435,0.5195,-24.65,-10722.0,0.3104,0.2091,-3.1,11797.6,0.16,-7246.3,1254.9,9,0.444,0.133,0.186,0.4067,28
Sep-Oct25,0.8,50,6,YES,0.0,0.5,31,182,0.0604,-70.73,-12873.0,0.3104,-0.25,-3.91,12573.5,0.08,-7200.0,1118.9,9,0.111,0.13,0.172,0.4452,15
Sep-Oct25,0.8,50,6,YES,0.0,0.7,31,237,0.2025,-52.19,-12370.0,0.3104,-0.1079,-3.69,12723.4,0.1,-7348.2,1018.9,9,0.444,0.127,0.171,0.4232,21
Sep-Oct25,0.8,50,6,YES,0.3,0.8,31,145,0.6621,-0.06,-8.0,0.3104,0.3517,-0.02,560.6,0.99,-325.7,608.6,9,0.333,0.145,0.245,0.1121,22
Sep-Oct25,0.8,50,9,ALL,0.0,1.0,12,255,0.8549,17.66,4503.0,0.3593,0.4956,4.0,1262.6,4.57,-634.1,2038.6,9,0.667,0.654,0.827,0.4493,11
Sep-Oct25,0.8,50,9,ALL,0.0,0.5,12,24,0.2917,61.72,1481.0,0.3593,-0.0677,2.02,777.8,2.37,-500.0,1518.9,7,0.429,0.623,0.685,0.4168,8
Sep-Oct25,0.8,50,9,ALL,0.0,0.7,12,57,0.5789,41.32,2355.0,0.3593,0.2196,2.63,929.0,3.33,-606.4,1678.3,9,0.444,0.689,0.758,0.4859,11
Sep-Oct25,0.8,50,9,ALL,0.3,0.8,12,86,0.8023,19.71,1695.0,0.3593,0.443,5.28,413.5,5.1,-413.5,400.2,9,0.889,0.247,0.614,0.1556,11
Sep-Oct25,0.8,50,9,NO,0.0,1.0,12,147,0.8707,8.85,1301.0,0.4246,0.4462,2.79,812.0,2.46,-453.9,646.9,9,0.778,0.276,0.639,0.1714,10
Sep-Oct25,0.8,50,9,NO,0.0,0.7,12,28,0.6786,11.31,317.0,0.4246,0.254,1.66,322.0,1.78,-262.7,239.1,8,0.625,0.344,0.572,0.2007,8
Sep-Oct25,0.8,50,9,NO,0.3,0.8,12,48,0.7917,17.36,833.0,0.4246,0.3671,3.84,316.4,3.35,-232.8,309.0,9,0.778,0.208,0.571,0.1507,9
Sep-Oct25,0.8,50,9,YES,0.0,1.0,12,108,0.8333,29.65,3203.0,0.3104,0.5229,3.73,450.6,6.06,-197.6,1681.8,9,0.556,0.734,0.85,0.551,11
Sep-Oct25,0.8,50,9,YES,0.0,0.5,12,17,0.3529,115.52,1964.0,0.3104,0.0425,3.01,377.8,3.9,-300.0,1518.9,6,0.333,0.697,0.764,0.5061,7
Sep-Oct25,0.8,50,9,YES,0.0,0.7,12,29,0.4828,70.29,2038.0,0.3104,0.1724,2.66,607.0,3.25,-343.7,1518.9,8,0.5,0.684,0.757,0.4841,9
Sep-Oct25,0.8,50,9,YES,0.3,0.8,12,38,0.8158,22.69,862.0,0.3104,0.5054,5.05,214.0,5.03,-180.6,266.5,8,0.75,0.222,0.518,0.1394,10
Sep-Oct25,0.85,10,3,ALL,0.0,1.0,81,896,0.8214,11.11,9955.0,0.3593,0.4621,9.16,0.0,inf,31.4,2548.1,9,1.0,0.189,0.372,0.0691,50
Sep-Oct25,0.85,10,3,ALL,0.0,0.5,81,108,0.25,-10.84,-1171.0,0.3593,-0.1093,-1.59,1007.7,0.58,-1007.7,970.2,9,0.222,0.28,0.356,0.1796,24
Sep-Oct25,0.85,10,3,ALL,0.0,0.7,81,225,0.5111,5.96,1341.0,0.3593,0.1518,1.57,917.8,1.93,-917.8,1401.5,9,0.556,0.258,0.335,0.1317,38
Sep-Oct25,0.85,10,3,ALL,0.3,0.8,81,393,0.7863,15.98,6279.0,0.3593,0.4269,9.12,174.3,37.03,-174.3,1352.5,9,0.889,0.109,0.305,0.0509,40
Sep-Oct25,0.85,10,3,NO,0.0,1.0,81,495,0.8202,5.81,2877.0,0.4246,0.3956,3.94,1050.7,3.74,-1050.7,1008.5,9,0.889,0.137,0.322,0.0617,44
Sep-Oct25,0.85,10,3,NO,0.0,0.5,81,53,0.1698,-58.68,-3110.0,0.4246,-0.2548,-9.96,2598.6,0.0,-995.9,-100.0,8,0.0,0.059,0.119,0.1731,15
Sep-Oct25,0.85,10,3,NO,0.0,0.7,81,118,0.4831,-16.0,-1888.0,0.4246,0.0585,-3.52,1755.5,0.24,-1153.1,352.5,9,0.222,0.073,0.163,0.0921,27
Sep-Oct25,0.85,10,3,NO,0.3,0.8,81,216,0.7731,12.48,2695.0,0.4246,0.3486,8.06,126.0,22.39,-126.0,787.2,9,0.889,0.169,0.389,0.0829,28
Sep-Oct25,0.85,10,3,YES,0.0,1.0,81,401,0.8229,17.65,7078.0,0.3104,0.5125,9.1,191.8,37.9,-191.8,1576.9,9,0.889,0.298,0.452,0.1162,40
Sep-Oct25,0.85,10,3,YES,0.0,0.5,81,55,0.3273,35.27,1940.0,0.3104,0.0169,2.66,611.8,2.81,-611.8,1133.9,9,0.556,0.398,0.541,0.2142,18
Sep-Oct25,0.85,10,3,YES,0.0,0.7,81,107,0.5421,30.18,3229.0,0.3104,0.2317,4.07,601.1,4.2,-601.1,1185.7,9,0.778,0.34,0.466,0.1633,27
Sep-Oct25,0.85,10,3,YES,0.3,0.8,81,177,0.8023,20.25,3584.0,0.3104,0.4919,7.11,315.3,11.07,-315.3,841.4,9,0.778,0.108,0.266,0.0516,32
Sep-Oct25,0.85,10,6,ALL,0.0,1.0,14,180,0.8667,26.4,4752.0,0.3593,0.5073,7.05,0.0,inf,47.6,1491.9,9,1.0,0.552,0.725,0.3328,12
Sep-Oct25,0.85,10,6,ALL,0.0,0.5,14,14,0.4286,191.02,2674.0,0.3593,0.0692,4.18,200.0,9.91,-100.0,1418.9,7,0.571,0.86,0.961,0.7457,5
Sep-Oct25,0.85,10,6,ALL,0.0,0.7,14,36,0.6111,81.8,2945.0,0.3593,0.2518,4.45,151.3,12.72,-100.0,1318.9,9,0.667,0.753,0.834,0.5764,9
Sep-Oct25,0.85,10,6,ALL,0.3,0.8,14,71,0.831,19.75,1402.0,0.3593,0.4716,7.67,50.6,28.73,-50.6,415.6,9,0.889,0.238,0.489,0.1392,10
Sep-Oct25,0.85,10,6,NO,0.0,1.0,14,78,0.9231,16.12,1257.0,0.4246,0.4985,6.02,79.5,15.41,-79.5,460.4,9,0.778,0.281,0.631,0.1708,11
Sep-Oct25,0.85,10,6,NO,0.0,0.7,14,12,0.75,24.12,289.0,0.4246,0.3254,2.4,100.0,2.36,-100.0,249.3,7,0.571,0.28,0.659,0.2123,6
Sep-Oct25,0.85,10,6,NO,0.3,0.8,14,27,0.8889,28.98,782.0,0.4246,0.4643,5.56,71.7,9.83,-71.7,318.3,8,0.75,0.308,0.704,0.2031,6
Sep-Oct25,0.85,10,6,YES,0.0,1.0,14,102,0.8235,34.27,3495.0,0.3104,0.5131,4.77,0.0,19.26,-191.4,1465.9,9,0.889,0.702,0.835,0.5085,11
Sep-Oct25,0.85,10,6,YES,0.0,0.5,14,12,0.4167,219.15,2630.0,0.3104,0.1063,3.9,200.0,7.57,-100.0,1418.9,7,0.429,0.908,0.965,0.8289,4
Sep-Oct25,0.85,10,6,YES,0.0,0.7,14,24,0.5417,110.63,2655.0,0.3104,0.2313,4.14,95.6,15.93,-52.0,1318.9,8,0.5,0.835,0.899,0.7032,7
Sep-Oct25,0.85,10,6,YES,0.3,0.8,14,44,0.7955,14.08,619.0,0.3104,0.4851,4.49,100.0,4.92,-100.0,286.5,9,0.778,0.165,0.47,0.1279,10
Sep-Oct25,0.85,10,9,ALL,0.0,1.0,4,61,0.918,59.04,3602.0,0.3593,0.5587,4.72,17.5,206.57,-17.5,1533.2,9,0.889,0.836,0.989,0.7117,4
Sep-Oct25,0.85,10,9,ALL,0.0,0.7,4,13,0.7692,221.88,2884.0,0.3593,0.4099,4.94,100.0,29.84,-100.0,1518.9,6,0.833,0.883,0.968,0.7842,4
Sep-Oct25,0.85,10,9,ALL,0.3,0.8,4,21,0.9524,43.33,910.0,0.3593,0.593,12.17,0.0,inf,38.7,242.5,8,1.0,0.504,0.926,0.3525,4
Sep-Oct25,0.85,10,9,NO,0.0,1.0,4,26,0.8846,14.92,388.0,0.4246,0.46,4.58,88.9,5.36,-59.3,200.4,7,0.714,0.598,1.0,0.4549,3
Sep-Oct25,0.85,10,9,NO,0.3,0.8,4,12,0.9167,33.13,398.0,0.4246,0.4921,10.04,0.0,inf,28.3,147.5,7,1.0,0.76,1.0,0.6355,2
Sep-Oct25,0.85,10,9,YES,0.0,1.0,4,35,0.9429,91.82,3214.0,0.3104,0.6325,4.29,71.2,23.19,-73.7,1533.2,8,0.75,0.863,1.0,0.7552,4
Sep-Oct25,0.85,30,3,ALL,0.0,1.0,36,787,0.8412,12.91,10161.0,0.3593,0.4818,10.45,0.0,inf,68.1,2749.0,9,1.0,0.242,0.475,0.1078,26
Sep-Oct25,0.85,30,3,ALL,0.0,0.5,36,87,0.2414,-10.55,-917.0,0.3593,-0.118,-1.18,1077.8,0.63,-807.7,1370.2,9,0.222,0.346,0.396,0.2666,14
Sep-Oct25,0.85,30,3,ALL,0.0,0.7,36,182,0.5165,7.36,1340.0,0.3593,0.1571,1.56,966.2,1.9,-517.8,1731.9,9,0.556,0.334,0.425,0.2123,21
Sep-Oct25,0.85,30,3,ALL,0.3,0.8,36,343,0.8105,18.22,6249.0,0.3593,0.4512,10.93,11.2,556.68,-11.2,1322.5,9,0.889,0.148,0.411,0.0816,22
Sep-Oct25,0.85,30,3,NO,0.0,1.0,36,433,0.8453,8.42,3648.0,0.4246,0.4207,5.2,916.5,4.98,-916.5,988.7,9,0.889,0.186,0.437,0.0972,24
Sep-Oct25,0.85,30,3,NO,0.0,0.5,36,43,0.1395,-67.33,-2895.0,0.4246,-0.285,-8.64,2339.8,0.0,-1000.0,-63.8,8,0.0,0.042,0.082,0.2427,9
Sep-Oct25,0.85,30,3,NO,0.0,0.7,36,97,0.5052,-13.97,-1355.0,0.4246,0.0806,-2.57,1606.9,0.36,-1057.1,352.5,9,0.333,0.1,0.195,0.1518,18
Sep-Oct25,0.85,30,3,NO,0.3,0.8,36,187,0.8128,17.69,3308.0,0.4246,0.3883,11.2,0.0,inf,69.9,827.2,9,1.0,0.241,0.554,0.128,17
Sep-Oct25,0.85,30,3,YES,0.0,1.0,36,354,0.8362,18.4,6514.0,0.3104,0.5258,9.58,0.0,inf,64.6,1760.2,9,1.0,0.387,0.586,0.1845,25
Sep-Oct25,0.85,30,3,YES,0.0,0.5,36,44,0.3409,44.95,1978.0,0.3104,0.0305,2.86,511.8,3.39,-511.8,1433.9,8,0.5,0.48,0.612,0.3015,12
Sep-Oct25,0.85,30,3,YES,0.0,0.7,36,85,0.5294,31.7,2695.0,0.3104,0.219,3.76,401.1,5.21,-401.1,1393.4,9,0.556,0.434,0.589,0.2551,17
Sep-Oct25,0.85,30,3,YES,0.3,0.8,36,156,0.8077,18.85,2941.0,0.3104,0.4973,7.47,215.3,11.29,-215.3,638.4,9,0.778,0.148,0.358,0.0742,22
Sep-Oct25,0.85,30,6,ALL,0.0,1.0,13,180,0.8667,26.4,4752.0,0.3593,0.5073,7.05,0.0,inf,47.6,1491.9,9,1.0,0.552,0.725,0.3328,12
Sep-Oct25,0.85,30,6,ALL,0.0,0.5,13,14,0.4286,191.02,2674.0,0.3593,0.0692,4.18,200.0,9.91,-100.0,1418.9,7,0.571,0.86,0.961,0.7457,5
Sep-Oct25,0.85,30,6,ALL,0.0,0.7,13,36,0.6111,81.8,2945.0,0.3593,0.2518,4.45,151.3,12.72,-100.0,1318.9,9,0.667,0.753,0.834,0.5764,9
Sep-Oct25,0.85,30,6,ALL,0.3,0.8,13,71,0.831,19.75,1402.0,0.3593,0.4716,7.67,50.6,28.73,-50.6,415.6,9,0.889,0.238,0.489,0.1392,10
Sep-Oct25,0.85,30,6,NO,0.0,1.0,13,78,0.9231,16.12,1257.0,0.4246,0.4985,6.02,79.5,15.41,-79.5,460.4,9,0.778,0.281,0.631,0.1708,11
Sep-Oct25,0.85,30,6,NO,0.0,0.7,13,12,0.75,24.12,289.0,0.4246,0.3254,2.4,100.0,2.36,-100.0,249.3,7,0.571,0.28,0.659,0.2123,6
Sep-Oct25,0.85,30,6,NO,0.3,0.8,13,27,0.8889,28.98,782.0,0.4246,0.4643,5.56,71.7,9.83,-71.7,318.3,8,0.75,0.308,0.704,0.2031,6
Sep-Oct25,0.85,30,6,YES,0.0,1.0,13,102,0.8235,34.27,3495.0,0.3104,0.5131,4.77,0.0,19.26,-191.4,1465.9,9,0.889,0.702,0.835,0.5085,11
Sep-Oct25,0.85,30,6,YES,0.0,0.5,13,12,0.4167,219.15,2630.0,0.3104,0.1063,3.9,200.0,7.57,-100.0,1418.9,7,0.429,0.908,0.965,0.8289,4
Sep-Oct25,0.85,30,6,YES,0.0,0.7,13,24,0.5417,110.63,2655.0,0.3104,0.2313,4.14,95.6,15.93,-52.0,1318.9,8,0.5,0.835,0.899,0.7032,7
Sep-Oct25,0.85,30,6,YES,0.3,0.8,13,44,0.7955,14.08,619.0,0.3104,0.4851,4.49,100.0,4.92,-100.0,286.5,9,0.778,0.165,0.47,0.1279,10
Sep-Oct25,0.85,30,9,ALL,0.0,1.0,4,61,0.918,59.04,3602.0,0.3593,0.5587,4.72,17.5,206.57,-17.5,1533.2,9,0.889,0.836,0.989,0.7117,4
Sep-Oct25,0.85,30,9,ALL,0.0,0.7,4,13,0.7692,221.88,2884.0,0.3593,0.4099,4.94,100.0,29.84,-100.0,1518.9,6,0.833,0.883,0.968,0.7842,4
Sep-Oct25,0.85,30,9,ALL,0.3,0.8,4,21,0.9524,43.33,910.0,0.3593,0.593,12.17,0.0,inf,38.7,242.5,8,1.0,0.504,0.926,0.3525,4
Sep-Oct25,0.85,30,9,NO,0.0,1.0,4,26,0.8846,14.92,388.0,0.4246,0.46,4.58,88.9,5.36,-59.3,200.4,7,0.714,0.598,1.0,0.4549,3
Sep-Oct25,0.85,30,9,NO,0.3,0.8,4,12,0.9167,33.13,398.0,0.4246,0.4921,10.04,0.0,inf,28.3,147.5,7,1.0,0.76,1.0,0.6355,2
Sep-Oct25,0.85,30,9,YES,0.0,1.0,4,35,0.9429,91.82,3214.0,0.3104,0.6325,4.29,71.2,23.19,-73.7,1533.2,8,0.75,0.863,1.0,0.7552,4
Sep-Oct25,0.85,50,3,ALL,0.0,1.0,21,636,0.8695,14.85,9444.0,0.3593,0.5102,12.95,0.0,inf,163.8,2048.1,9,1.0,0.303,0.595,0.1607,16
Sep-Oct25,0.85,50,3,ALL,0.0,0.5,21,48,0.1667,0.87,42.0,0.3593,-0.1927,0.06,807.7,1.03,-807.7,1229.0,9,0.222,0.44,0.503,0.4067,8
Sep-Oct25,0.85,50,3,ALL,0.0,0.7,21,107,0.5047,12.47,1334.0,0.3593,0.1453,2.08,460.8,2.56,-460.8,1284.9,9,0.444,0.394,0.502,0.2902,13
Sep-Oct25,0.85,50,3,ALL,0.3,0.8,21,262,0.8435,17.54,4596.0,0.3593,0.4842,12.26,0.0,inf,45.7,912.5,9,1.0,0.195,0.544,0.1253,13
Sep-Oct25,0.85,50,3,NO,0.0,1.0,21,336,0.8869,11.28,3790.0,0.4246,0.4623,5.78,804.8,5.71,-804.8,1099.4,9,0.889,0.29,0.682,0.18,14
Sep-Oct25,0.85,50,3,NO,0.0,0.5,21,18,0.0556,-88.66,-1596.0,0.4246,-0.369,-5.99,1495.9,0.0,-900.0,-100.0,6,0.0,0.058,0.279,0.5533,4
Sep-Oct25,0.85,50,3,NO,0.0,0.7,21,50,0.56,-11.62,-581.0,0.4246,0.1354,-1.3,960.7,0.51,-957.1,278.1,9,0.444,0.165,0.317,0.2829,10
Sep-Oct25,0.85,50,3,NO,0.3,0.8,21,140,0.8714,20.66,2893.0,0.4246,0.4469,13.49,0.0,inf,41.4,649.1,9,1.0,0.323,0.742,0.2077,10
Sep-Oct25,0.85,50,3,YES,0.0,1.0,21,300,0.85,18.85,5654.0,0.3104,0.5396,9.13,0.0,inf,148.2,1626.8,9,1.0,0.454,0.688,0.2486,16
Sep-Oct25,0.85,50,3,YES,0.0,0.5,21,30,0.2333,54.6,1638.0,0.3104,-0.0771,2.44,511.8,2.8,-511.8,1329.0,8,0.375,0.533,0.668,0.3688,8
Sep-Oct25,0.85,50,3,YES,0.0,0.7,21,57,0.4561,33.61,1916.0,0.3104,0.1457,2.73,401.1,3.27,-401.1,1288.5,9,0.444,0.51,0.645,0.3438,11
Sep-Oct25,0.85,50,3,YES,0.3,0.8,21,122,0.8115,13.97,1704.0,0.3104,0.5011,6.34,215.3,8.91,-215.3,449.6,9,0.889,0.19,0.462,0.1105,13
Sep-Oct25,0.85,50,6,ALL,0.0,1.0,9,165,0.8606,26.87,4434.0,0.3593,0.5013,6.1,0.0,inf,42.8,1491.9,9,1.0,0.61,0.801,0.4002,9
Sep-Oct25,0.85,50,6,ALL,0.0,0.5,9,13,0.3846,194.6,2530.0,0.3593,0.0253,3.87,200.0,7.32,-100.0,1418.9,7,0.429,0.905,0.964,0.8232,4
Sep-Oct25,0.85,50,6,ALL,0.0,0.7,9,35,0.6,80.01,2800.0,0.3593,0.2407,4.18,151.3,12.14,-100.0,1318.9,9,0.667,0.784,0.859,0.6236,8
Sep-Oct25,0.85,50,6,ALL,0.3,0.8,9,66,0.8182,17.03,1124.0,0.3593,0.4588,6.77,50.6,23.22,-50.6,381.5,9,0.889,0.278,0.565,0.1677,8
Sep-Oct25,0.85,50,6,NO,0.0,1.0,9,68,0.9265,15.44,1050.0,0.4246,0.5019,8.41,7.7,136.7,-7.7,265.8,9,0.889,0.385,0.78,0.2408,8
Sep-Oct25,0.85,50,6,NO,0.0,0.7,9,11,0.7273,13.18,145.0,0.4246,0.3027,1.63,100.0,1.68,-100.0,140.7,7,0.571,0.355,0.696,0.2582,5
Sep-Oct25,0.85,50,6,NO,0.3,0.8,9,24,0.875,23.74,570.0,0.4246,0.4504,5.49,71.7,7.43,-71.7,221.5,8,0.75,0.393,0.746,0.2545,5
Sep-Oct25,0.85,50,6,YES,0.0,1.0,9,97,0.8144,34.89,3384.0,0.3104,0.504,4.6,0.0,16.17,-223.1,1450.0,9,0.889,0.723,0.859,0.5378,9
Sep-Oct25,0.85,50,6,YES,0.0,0.5,9,12,0.4167,219.15,2630.0,0.3104,0.1063,3.9,200.0,7.57,-100.0,1418.9,7,0.429,0.908,0.965,0.8289,4
Sep-Oct25,0.85,50,6,YES,0.0,0.7,9,24,0.5417,110.63,2655.0,0.3104,0.2313,4.14,95.6,15.93,-52.0,1318.9,8,0.5,0.835,0.899,0.7032,7
Sep-Oct25,0.85,50,6,YES,0.3,0.8,9,42,0.7857,13.19,554.0,0.3104,0.4753,4.12,100.0,3.92,-100.0,252.5,9,0.778,0.177,0.505,0.1449,8
Sep-Oct25,0.85,50,9,ALL,0.0,1.0,4,61,0.918,59.04,3602.0,0.3593,0.5587,4.72,17.5,206.57,-17.5,1533.2,9,0.889,0.836,0.989,0.7117,4
Sep-Oct25,0.85,50,9,ALL,0.0,0.7,4,13,0.7692,221.88,2884.0,0.3593,0.4099,4.94,100.0,29.84,-100.0,1518.9,6,0.833,0.883,0.968,0.7842,4
Sep-Oct25,0.85,50,9,ALL,0.3,0.8,4,21,0.9524,43.33,910.0,0.3593,0.593,12.17,0.0,inf,38.7,242.5,8,1.0,0.504,0.926,0.3525,4
Sep-Oct25,0.85,50,9,NO,0.0,1.0,4,26,0.8846,14.92,388.0,0.4246,0.46,4.58,88.9,5.36,-59.3,200.4,7,0.714,0.598,1.0,0.4549,3
Sep-Oct25,0.85,50,9,NO,0.3,0.8,4,12,0.9167,33.13,398.0,0.4246,0.4921,10.04,0.0,inf,28.3,147.5,7,1.0,0.76,1.0,0.6355,2
Sep-Oct25,0.85,50,9,YES,0.0,1.0,4,35,0.9429,91.82,3214.0,0.3104,0.6325,4.29,71.2,23.19,-73.7,1533.2,8,0.75,0.863,1.0,0.7552,4
Nov-Dec25,0.55,10,3,ALL,0.0,1.0,2712,54939,0.5878,0.43,23699.0,0.3388,0.2489,0.44,103840.6,1.2,-80034.9,71214.0,10,0.4,0.059,0.119,0.0142,1506
Nov-Dec25,0.55,10,3,ALL,0.0,0.5,2712,19286,0.2809,-7.13,-137540.0,0.3388,-0.0579,-2.72,146617.5,0.31,-98114.2,47067.3,10,0.3,0.068,0.126,0.0188,1097
Nov-Dec25,0.55,10,3,ALL,0.0,0.7,2712,34901,0.431,-2.84,-99018.0,0.3388,0.0922,-2.0,133635.9,0.42,-91345.0,50991.0,10,0.3,0.063,0.12,0.0159,1303
Nov-Dec25,0.55,10,3,ALL,0.3,0.8,2712,34618,0.596,1.81,62811.0,0.3388,0.2572,4.94,6934.8,9.02,-4112.3,22693.5,10,0.7,0.039,0.067,0.0049,1314
Nov-Dec25,0.55,10,3,NO,0.0,1.0,2712,32762,0.6258,5.6,183606.0,0.4202,0.2056,4.53,34379.3,5.95,-17715.9,57980.5,10,0.7,0.09,0.169,0.0182,1219
Nov-Dec25,0.55,10,3,NO,0.0,0.5,2712,10003,0.3048,6.15,61532.0,0.4202,-0.1154,1.95,53476.7,2.13,-30161.9,42566.7,10,0.5,0.108,0.186,0.0234,722
Nov-Dec25,0.55,10,3,NO,0.0,0.7,2712,19428,0.4624,5.1,99077.0,0.4202,0.0422,2.82,53514.3,2.85,-26521.7,44095.1,10,0.6,0.099,0.172,0.0196,946
Nov-Dec25,0.55,10,3,NO,0.3,0.8,2712,20713,0.612,3.08,63785.0,0.4202,0.1919,4.02,9326.3,7.07,-5404.0,31327.8,10,0.6,0.063,0.094,0.0073,1009
Nov-Dec25,0.55,10,3,YES,0.0,1.0,2712,22177,0.5316,-7.21,-159906.0,0.281,0.2505,-5.34,138657.5,0.11,-62319.1,14303.9,10,0.2,0.024,0.052,0.0155,1306
Nov-Dec25,0.55,10,3,YES,0.0,0.5,2712,9283,0.2552,-21.44,-199071.0,0.281,-0.0258,-7.38,180254.3,0.02,-67952.3,4500.5,10,0.1,0.026,0.058,0.0211,951
Nov-Dec25,0.55,10,3,YES,0.0,0.7,2712,15473,0.3917,-12.8,-198094.0,0.281,0.1107,-6.84,178178.0,0.03,-64823.3,6963.4,10,0.1,0.024,0.053,0.0174,1121
Nov-Dec25,0.55,10,3,YES,0.3,0.8,2712,13905,0.5722,-0.07,-974.0,0.281,0.2911,-0.1,10764.4,0.96,-8634.3,13331.7,10,0.5,0.013,0.034,0.0039,1101
Nov-Dec25,0.55,10,6,ALL,0.0,1.0,553,25775,0.5973,4.08,105208.0,0.3388,0.2585,3.32,22307.4,5.51,-12838.1,59686.3,10,0.6,0.133,0.241,0.0313,448
Nov-Dec25,0.55,10,6,ALL,0.0,0.5,553,8641,0.3174,5.99,51733.0,0.3388,-0.0214,1.61,46960.3,1.97,-20977.2,56208.1,10,0.5,0.164,0.292,0.046,360
Nov-Dec25,0.55,10,6,ALL,0.0,0.7,553,16485,0.4537,3.39,55810.0,0.3388,0.1148,1.87,38180.4,2.27,-18887.2,52413.8,10,0.4,0.141,0.254,0.036,408
Nov-Dec25,0.55,10,6,ALL,0.3,0.8,553,17035,0.5948,2.35,39962.0,0.3388,0.2559,10.97,0.0,inf,1293.0,9315.9,10,1.0,0.033,0.081,0.0103,417
Nov-Dec25,0.55,10,6,NO,0.0,1.0,553,15686,0.6245,8.26,129618.0,0.4202,0.2043,4.95,11940.9,9.91,-8812.5,46191.1,10,0.7,0.185,0.309,0.0497,411
Nov-Dec25,0.55,10,6,NO,0.0,0.5,553,4638,0.3392,21.08,97749.0,0.4202,-0.081,4.02,17502.6,5.95,-10053.2,41406.3,10,0.6,0.224,0.371,0.0707,271
Nov-Dec25,0.55,10,6,NO,0.0,0.7,553,9434,0.4758,10.67,100693.0,0.4202,0.0557,4.08,19044.7,5.96,-10303.7,41674.1,10,0.7,0.201,0.335,0.0576,334
Nov-Dec25,0.55,10,6,NO,0.3,0.8,553,10299,0.6038,2.66,27373.0,0.4202,0.1837,3.81,3541.3,5.54,-3541.3,11704.6,10,0.6,0.037,0.085,0.0093,361
Nov-Dec25,0.55,10,6,YES,0.0,1.0,553,10089,0.5551,-2.42,-24411.0,0.281,0.274,-2.0,24650.8,0.51,-14284.4,17545.0,10,0.3,0.047,0.099,0.0162,393
Nov-Dec25,0.55,10,6,YES,0.0,0.5,553,4003,0.2923,-11.5,-46016.0,0.281,0.0112,-4.3,40525.0,0.24,-12897.6,14801.8,10,0.1,0.056,0.116,0.0268,316
Nov-Dec25,0.55,10,6,YES,0.0,0.7,553,7051,0.4241,-6.37,-44883.0,0.281,0.143,-3.79,38207.2,0.29,-14813.0,15103.8,10,0.3,0.047,0.099,0.022,361
Nov-Dec25,0.55,10,6,YES,0.3,0.8,553,6736,0.5809,1.87,12589.0,0.281,0.2999,2.68,3957.7,2.6,-3957.7,7877.4,10,0.6,0.03,0.073,0.0133,355
Nov-Dec25,0.55,10,9,ALL,0.0,1.0,203,12102,0.5878,3.01,36371.0,0.3388,0.249,1.94,17099.5,2.25,-9956.8,33297.2,10,0.4,0.141,0.284,0.0462,180
Nov-Dec25,0.55,10,9,ALL,0.0,0.5,203,4325,0.3283,4.0,17289.0,0.3388,-0.0105,0.94,27657.7,1.42,-13604.2,30780.9,10,0.4,0.164,0.324,0.0645,151
Nov-Dec25,0.55,10,9,ALL,0.0,0.7,203,7909,0.4491,1.91,15105.0,0.3388,0.1103,0.81,27229.6,1.35,-12683.1,31468.8,10,0.4,0.142,0.284,0.0524,172
Nov-Dec25,0.55,10,9,ALL,0.3,0.8,203,8236,0.5807,1.26,10414.0,0.3388,0.2419,3.39,2866.9,3.07,-2541.0,4004.6,10,0.7,0.065,0.156,0.0262,175
Nov-Dec25,0.55,10,9,NO,0.0,1.0,203,6552,0.6206,8.63,56554.0,0.4202,0.2004,3.37,5249.2,7.15,-3950.9,35493.3,10,0.7,0.159,0.362,0.057,172
Nov-Dec25,0.55,10,9,NO,0.0,0.5,203,2037,0.378,24.7,50323.0,0.4202,-0.0422,3.29,3241.6,7.92,-3241.6,32841.4,10,0.5,0.191,0.436,0.0792,127
Nov-Dec25,0.55,10,9,NO,0.0,0.7,203,4036,0.4866,12.12,48908.0,0.4202,0.0664,3.04,4635.5,6.16,-3611.7,33966.8,10,0.6,0.167,0.377,0.062,153
Nov-Dec25,0.55,10,9,NO,0.3,0.8,203,4490,0.5906,2.24,10046.0,0.4202,0.1705,4.13,1605.5,5.78,-1605.5,4111.2,10,0.7,0.071,0.164,0.0213,161
Nov-Dec25,0.55,10,9,YES,0.0,1.0,203,5550,0.5492,-3.64,-20182.0,0.281,0.2682,-2.41,22250.7,0.44,-7782.8,12602.2,10,0.3,0.087,0.155,0.043,164
Nov-Dec25,0.55,10,9,YES,0.0,0.5,203,2288,0.2841,-14.44,-33035.0,0.281,0.0031,-4.1,32448.1,0.24,-10362.6,10386.3,10,0.2,0.098,0.167,0.0706,134
Nov-Dec25,0.55,10,9,YES,0.0,0.7,203,3873,0.41,-8.73,-33803.0,0.281,0.129,-4.01,30983.6,0.25,-9826.2,10814.8,10,0.2,0.085,0.147,0.0604,155
Nov-Dec25,0.55,10,9,YES,0.3,0.8,203,3746,0.5689,0.1,368.0,0.281,0.2878,0.14,2787.5,1.06,-2215.1,4186.5,10,0.4,0.06,0.132,0.0363,154
Nov-Dec25,0.55,30,3,ALL,0.0,1.0,1551,51184,0.5837,0.76,38726.0,0.3388,0.2448,0.71,98532.9,1.35,-79371.2,70740.1,10,0.6,0.065,0.131,0.0171,1033
Nov-Dec25,0.55,30,3,ALL,0.0,0.5,1551,18244,0.2829,-6.19,-112941.0,0.3388,-0.0559,-2.24,136323.6,0.38,-95484.0,48000.2,10,0.3,0.074,0.137,0.022,814
Nov-Dec25,0.55,30,3,ALL,0.0,0.7,1551,33093,0.4326,-2.27,-74960.0,0.3388,0.0938,-1.51,125658.9,0.52,-89222.9,52173.3,10,0.3,0.069,0.131,0.0189,932
Nov-Dec25,0.55,30,3,ALL,0.3,0.8,1551,32757,0.5962,2.07,67964.0,0.3388,0.2573,5.58,6219.8,11.93,-3235.3,21277.5,10,0.8,0.044,0.076,0.0061,941
Nov-Dec25,0.55,30,3,NO,0.0,1.0,1551,31059,0.6215,5.88,182725.0,0.4202,0.2013,4.57,32360.2,5.85,-20050.4,59444.6,10,0.7,0.097,0.182,0.0211,881
Nov-Dec25,0.55,30,3,NO,0.0,0.5,1551,9657,0.3053,6.95,67114.0,0.4202,-0.1149,2.13,50302.6,2.32,-30961.4,42935.8,10,0.7,0.115,0.196,0.0261,580
Nov-Dec25,0.55,30,3,NO,0.0,0.7,1551,18705,0.4622,5.55,103836.0,0.4202,0.042,2.96,50089.4,3.03,-27866.4,45781.7,10,0.7,0.105,0.184,0.0222,729
Nov-Dec25,0.55,30,3,NO,0.3,0.8,1551,19861,0.6118,3.2,63575.0,0.4202,0.1916,4.28,8088.7,8.62,-5185.7,28120.1,10,0.6,0.07,0.105,0.0089,766
Nov-Dec25,0.55,30,3,YES,0.0,1.0,1551,20125,0.5253,-7.16,-143999.0,0.281,0.2442,-5.16,126914.2,0.11,-59320.8,13840.3,10,0.2,0.027,0.06,0.0203,913
Nov-Dec25,0.55,30,3,YES,0.0,0.5,1551,8587,0.2578,-20.97,-180055.0,0.281,-0.0232,-6.97,164006.1,0.03,-64522.6,5064.4,10,0.1,0.029,0.065,0.0264,719
Nov-Dec25,0.55,30,3,YES,0.0,0.7,1551,14388,0.3941,-12.43,-178796.0,0.281,0.1131,-6.62,162280.4,0.04,-61356.5,7574.3,10,0.1,0.027,0.06,0.0221,824
Nov-Dec25,0.55,30,3,YES,0.3,0.8,1551,12896,0.5722,0.34,4390.0,0.281,0.2912,0.51,8727.5,1.2,-6842.6,12910.9,10,0.5,0.015,0.04,0.005,805
Nov-Dec25,0.55,30,6,ALL,0.0,1.0,548,25761,0.5972,4.07,104957.0,0.3388,0.2584,3.31,22743.6,5.42,-12838.1,59686.3,10,0.6,0.134,0.241,0.0314,446
Nov-Dec25,0.55,30,6,ALL,0.0,0.5,548,8640,0.3174,5.96,51476.0,0.3388,-0.0215,1.6,47217.4,1.96,-20977.2,56208.1,10,0.5,0.164,0.292,0.046,359
Nov-Dec25,0.55,30,6,ALL,0.0,0.7,548,16481,0.4536,3.37,55501.0,0.3388,0.1148,1.85,38589.3,2.25,-18887.2,52413.8,10,0.4,0.142,0.255,0.0361,407
Nov-Dec25,0.55,30,6,ALL,0.3,0.8,548,17031,0.5947,2.34,39883.0,0.3388,0.2559,10.83,0.0,inf,1293.0,9315.9,10,1.0,0.033,0.081,0.0103,416
Nov-Dec25,0.55,30,6,NO,0.0,1.0,548,15678,0.6244,8.27,129710.0,0.4202,0.2043,4.96,11968.2,9.92,-8812.5,46141.9,10,0.7,0.185,0.31,0.0497,409
Nov-Dec25,0.55,30,6,NO,0.0,0.5,548,4638,0.3392,21.08,97749.0,0.4202,-0.081,4.02,17502.6,5.95,-10053.2,41406.3,10,0.6,0.224,0.371,0.0707,271
Nov-Dec25,0.55,30,6,NO,0.0,0.7,548,9434,0.4758,10.67,100693.0,0.4202,0.0557,4.08,19044.7,5.96,-10303.7,41674.1,10,0.7,0.201,0.335,0.0576,334
Nov-Dec25,0.55,30,6,NO,0.3,0.8,548,10298,0.6038,2.66,27345.0,0.4202,0.1836,3.8,3541.3,5.54,-3541.3,11704.6,10,0.6,0.037,0.085,0.0093,360
Nov-Dec25,0.55,30,6,YES,0.0,1.0,548,10083,0.5549,-2.45,-24753.0,0.281,0.2739,-2.02,24959.7,0.5,-14184.4,17545.0,10,0.3,0.047,0.099,0.0163,391
Nov-Dec25,0.55,30,6,YES,0.0,0.5,548,4002,0.2921,-11.56,-46273.0,0.281,0.0111,-4.32,40782.2,0.24,-12897.6,14801.8,10,0.1,0.056,0.116,0.0269,315
Nov-Dec25,0.55,30,6,YES,0.0,0.7,548,7047,0.4239,-6.41,-45192.0,0.281,0.1428,-3.82,38516.1,0.29,-14713.0,15103.8,10,0.3,0.047,0.099,0.0221,360
Nov-Dec25,0.55,30,6,YES,0.3,0.8,548,6733,0.5809,1.86,12537.0,0.281,0.2998,2.69,3857.7,2.62,-3857.7,7877.4,10,0.6,0.03,0.074,0.0133,354
Nov-Dec25,0.55,30,9,ALL,0.0,1.0,203,12102,0.5878,3.01,36371.0,0.3388,0.249,1.94,17099.5,2.25,-9956.8,33297.2,10,0.4,0.141,0.284,0.0462,180
Nov-Dec25,0.55,30,9,ALL,0.0,0.5,203,4325,0.3283,4.0,17289.0,0.3388,-0.0105,0.94,27657.7,1.42,-13604.2,30780.9,10,0.4,0.164,0.324,0.0645,151
Nov-Dec25,0.55,30,9,ALL,0.0,0.7,203,7909,0.4491,1.91,15105.0,0.3388,0.1103,0.81,27229.6,1.35,-12683.1,31468.8,10,0.4,0.142,0.284,0.0524,172
Nov-Dec25,0.55,30,9,ALL,0.3,0.8,203,8236,0.5807,1.26,10414.0,0.3388,0.2419,3.39,2866.9,3.07,-2541.0,4004.6,10,0.7,0.065,0.156,0.0262,175
Nov-Dec25,0.55,30,9,NO,0.0,1.0,203,6552,0.6206,8.63,56554.0,0.4202,0.2004,3.37,5249.2,7.15,-3950.9,35493.3,10,0.7,0.159,0.362,0.057,172
Nov-Dec25,0.55,30,9,NO,0.0,0.5,203,2037,0.378,24.7,50323.0,0.4202,-0.0422,3.29,3241.6,7.92,-3241.6,32841.4,10,0.5,0.191,0.436,0.0792,127
Nov-Dec25,0.55,30,9,NO,0.0,0.7,203,4036,0.4866,12.12,48908.0,0.4202,0.0664,3.04,4635.5,6.16,-3611.7,33966.8,10,0.6,0.167,0.377,0.062,153
Nov-Dec25,0.55,30,9,NO,0.3,0.8,203,4490,0.5906,2.24,10046.0,0.4202,0.1705,4.13,1605.5,5.78,-1605.5,4111.2,10,0.7,0.071,0.164,0.0213,161
Nov-Dec25,0.55,30,9,YES,0.0,1.0,203,5550,0.5492,-3.64,-20182.0,0.281,0.2682,-2.41,22250.7,0.44,-7782.8,12602.2,10,0.3,0.087,0.155,0.043,164
Nov-Dec25,0.55,30,9,YES,0.0,0.5,203,2288,0.2841,-14.44,-33035.0,0.281,0.0031,-4.1,32448.1,0.24,-10362.6,10386.3,10,0.2,0.098,0.167,0.0706,134
Nov-Dec25,0.55,30,9,YES,0.0,0.7,203,3873,0.41,-8.73,-33803.0,0.281,0.129,-4.01,30983.6,0.25,-9826.2,10814.8,10,0.2,0.085,0.147,0.0604,155
Nov-Dec25,0.55,30,9,YES,0.3,0.8,203,3746,0.5689,0.1,368.0,0.281,0.2878,0.14,2787.5,1.06,-2215.1,4186.5,10,0.4,0.06,0.132,0.0363,154
Nov-Dec25,0.55,50,3,ALL,0.0,1.0,1013,47786,0.5837,1.2,57154.0,0.3388,0.2448,1.05,92691.4,1.57,-76661.6,75889.8,10,0.6,0.071,0.144,0.0205,722
Nov-Dec25,0.55,50,3,ALL,0.0,0.5,1013,17098,0.283,-5.48,-93625.0,0.3388,-0.0558,-1.85,129102.3,0.45,-92522.8,52030.9,10,0.3,0.08,0.148,0.0256,595
Nov-Dec25,0.55,50,3,ALL,0.0,0.7,1013,31013,0.4338,-1.66,-51401.0,0.3388,0.095,-1.03,115889.8,0.64,-85960.8,57671.6,10,0.4,0.075,0.142,0.0224,664
Nov-Dec25,0.55,50,3,ALL,0.3,0.8,1013,30647,0.5986,2.49,76238.0,0.3388,0.2597,6.18,1362.9,36.53,-1362.9,22246.2,10,0.8,0.051,0.087,0.0078,670
Nov-Dec25,0.55,50,3,NO,0.0,1.0,1013,29557,0.6196,6.26,185043.0,0.4202,0.1994,4.7,28601.7,6.23,-19110.0,59543.8,10,0.7,0.103,0.194,0.0239,657
Nov-Dec25,0.55,50,3,NO,0.0,0.5,1013,9289,0.3047,7.74,71902.0,0.4202,-0.1155,2.25,49321.0,2.41,-29466.9,44617.8,10,0.7,0.121,0.206,0.0288,463
Nov-Dec25,0.55,50,3,NO,0.0,0.7,1013,17941,0.4623,6.14,110076.0,0.4202,0.0422,3.14,46485.6,3.23,-26195.2,46689.6,10,0.7,0.111,0.194,0.0248,560
Nov-Dec25,0.55,50,3,NO,0.3,0.8,1013,18977,0.6127,3.38,64170.0,0.4202,0.1925,4.77,4450.1,12.17,-2948.9,25254.6,10,0.7,0.078,0.116,0.0107,591
Nov-Dec25,0.55,50,3,YES,0.0,1.0,1013,18229,0.5255,-7.02,-127889.0,0.281,0.2444,-4.54,113736.9,0.16,-57551.6,17350.6,10,0.2,0.031,0.069,0.0264,638
Nov-Dec25,0.55,50,3,YES,0.0,0.5,1013,7809,0.2573,-21.2,-165528.0,0.281,-0.0238,-6.32,152065.2,0.04,-63056.0,7413.1,10,0.1,0.033,0.074,0.0333,521
Nov-Dec25,0.55,50,3,YES,0.0,0.7,1013,13072,0.3947,-12.35,-161477.0,0.281,0.1136,-5.93,147601.1,0.07,-59765.5,10982.1,10,0.2,0.031,0.069,0.0284,585
Nov-Dec25,0.55,50,3,YES,0.3,0.8,1013,11670,0.5756,1.03,12068.0,0.281,0.2945,1.39,10068.3,1.69,-6572.1,14623.2,10,0.5,0.018,0.048,0.0067,573
Nov-Dec25,0.55,50,6,ALL,0.0,1.0,498,25385,0.5972,4.3,109181.0,0.3388,0.2583,3.43,20825.8,5.65,-11657.2,60279.3,10,0.6,0.136,0.246,0.0326,410
Nov-Dec25,0.55,50,6,ALL,0.0,0.5,498,8531,0.319,6.62,56514.0,0.3388,-0.0199,1.75,45199.1,2.08,-19855.2,57083.1,10,0.5,0.166,0.297,0.0476,336
Nov-Dec25,0.55,50,6,ALL,0.0,0.7,498,16275,0.4547,3.76,61207.0,0.3388,0.1158,2.03,36604.0,2.43,-17765.9,53261.7,10,0.6,0.144,0.259,0.0374,378
Nov-Dec25,0.55,50,6,ALL,0.3,0.8,498,16812,0.5946,2.42,40722.0,0.3388,0.2557,11.1,0.0,inf,1514.2,9262.6,10,1.0,0.034,0.083,0.0109,384
Nov-Dec25,0.55,50,6,NO,0.0,1.0,498,15519,0.6238,8.39,130143.0,0.4202,0.2036,5.02,10691.5,10.88,-7891.2,46143.0,10,0.7,0.188,0.314,0.0512,384
Nov-Dec25,0.55,50,6,NO,0.0,0.5,498,4608,0.3398,21.41,98677.0,0.4202,-0.0803,4.05,16787.3,6.15,-9853.2,41706.3,10,0.6,0.226,0.374,0.0718,260
Nov-Dec25,0.55,50,6,NO,0.0,0.7,498,9366,0.476,10.85,101616.0,0.4202,0.0558,4.13,18241.5,6.23,-9703.7,41874.1,10,0.7,0.203,0.339,0.0589,318
Nov-Dec25,0.55,50,6,NO,0.3,0.8,498,10205,0.6034,2.7,27510.0,0.4202,0.1833,3.9,3613.4,5.91,-3613.4,11551.1,10,0.7,0.038,0.087,0.0097,343
Nov-Dec25,0.55,50,6,YES,0.0,1.0,498,9866,0.5552,-2.12,-20962.0,0.281,0.2742,-1.7,23725.0,0.56,-13590.8,18085.4,10,0.3,0.048,0.102,0.0172,360
Nov-Dec25,0.55,50,6,YES,0.0,0.5,498,3923,0.2944,-10.75,-42163.0,0.281,0.0134,-3.9,39135.6,0.27,-12175.6,15376.7,10,0.1,0.057,0.119,0.0284,294
Nov-Dec25,0.55,50,6,YES,0.0,0.7,498,6909,0.4258,-5.85,-40409.0,0.281,0.1448,-3.43,33039.6,0.33,-13753.9,15771.9,10,0.3,0.048,0.102,0.0234,335
Nov-Dec25,0.55,50,6,YES,0.3,0.8,498,6607,0.5809,2.0,13212.0,0.281,0.2999,2.97,3307.8,2.99,-3307.8,7908.6,10,0.6,0.031,0.076,0.0141,326
Nov-Dec25,0.55,50,9,ALL,0.0,1.0,202,12097,0.5878,3.02,36510.0,0.3388,0.249,1.95,17045.8,2.26,-9956.8,33297.2,10,0.4,0.141,0.284,0.0463,179
Nov-Dec25,0.55,50,9,ALL,0.0,0.5,202,4324,0.3284,4.02,17389.0,0.3388,-0.0104,0.94,27657.7,1.42,-13604.2,30780.9,10,0.4,0.164,0.324,0.0645,150
Nov-Dec25,0.55,50,9,ALL,0.0,0.7,202,7907,0.4492,1.94,15305.0,0.3388,0.1104,0.82,27129.6,1.36,-12683.1,31468.8,10,0.4,0.142,0.285,0.0525,171
Nov-Dec25,0.55,50,9,ALL,0.3,0.8,202,8233,0.5808,1.29,10585.0,0.3388,0.242,3.43,2866.9,3.1,-2541.0,4004.6,10,0.7,0.065,0.157,0.0263,174
Nov-Dec25,0.55,50,9,NO,0.0,1.0,202,6551,0.6205,8.63,56539.0,0.4202,0.2003,3.37,5249.2,7.15,-3950.9,35493.3,10,0.7,0.159,0.362,0.057,171
Nov-Dec25,0.55,50,9,NO,0.0,0.5,202,2037,0.378,24.7,50323.0,0.4202,-0.0422,3.29,3241.6,7.92,-3241.6,32841.4,10,0.5,0.191,0.436,0.0792,127
Nov-Dec25,0.55,50,9,NO,0.0,0.7,202,4036,0.4866,12.12,48908.0,0.4202,0.0664,3.04,4635.5,6.16,-3611.7,33966.8,10,0.6,0.167,0.377,0.062,153
Nov-Dec25,0.55,50,9,NO,0.3,0.8,202,4490,0.5906,2.24,10046.0,0.4202,0.1705,4.13,1605.5,5.78,-1605.5,4111.2,10,0.7,0.071,0.164,0.0213,161
Nov-Dec25,0.55,50,9,YES,0.0,1.0,202,5546,0.5492,-3.61,-20029.0,0.281,0.2682,-2.39,22197.1,0.44,-7711.5,12602.2,10,0.3,0.087,0.156,0.0431,163
Nov-Dec25,0.55,50,9,YES,0.0,0.5,202,2287,0.2842,-14.4,-32935.0,0.281,0.0032,-4.08,32448.1,0.25,-10362.6,10386.3,10,0.2,0.098,0.167,0.0707,133
Nov-Dec25,0.55,50,9,YES,0.0,0.7,202,3871,0.4102,-8.68,-33603.0,0.281,0.1292,-3.99,30883.6,0.25,-9726.2,10814.8,10,0.3,0.085,0.147,0.0606,154
Nov-Dec25,0.55,50,9,YES,0.3,0.8,202,3743,0.5691,0.14,539.0,0.281,0.288,0.21,2687.5,1.09,-2215.1,4186.5,10,0.4,0.06,0.132,0.0365,153
Nov-Dec25,0.6,10,3,ALL,0.0,1.0,1985,37479,0.6108,2.64,98800.0,0.3388,0.2719,1.81,87365.3,2.0,-69779.8,77984.3,10,0.7,0.078,0.159,0.0239,1098
Nov-Dec25,0.6,10,3,ALL,0.0,0.5,1985,12030,0.2695,-3.73,-44923.0,0.3388,-0.0693,-0.9,115132.9,0.68,-85042.7,56086.2,10,0.4,0.092,0.169,0.0316,755
Nov-Dec25,0.6,10,3,ALL,0.0,0.7,1985,22274,0.4345,-0.22,-4803.0,0.3388,0.0956,-0.1,103687.3,0.96,-78782.0,60734.6,10,0.4,0.086,0.164,0.0278,923
Nov-Dec25,0.6,10,3,ALL,0.3,0.8,1985,22599,0.6137,3.01,68052.0,0.3388,0.2749,5.99,5715.0,12.91,-5095.2,21959.9,10,0.8,0.057,0.098,0.0082,945
Nov-Dec25,0.6,10,3,NO,0.0,1.0,1985,22246,0.6493,8.82,196242.0,0.4202,0.2291,5.23,22408.5,9.76,-15618.1,62718.1,10,0.8,0.115,0.217,0.0291,882
Nov-Dec25,0.6,10,3,NO,0.0,0.5,1985,6202,0.2981,14.75,91454.0,0.4202,-0.122,2.95,37791.3,3.24,-25178.1,50578.9,10,0.5,0.142,0.243,0.0383,475
Nov-Dec25,0.6,10,3,NO,0.0,0.7,1985,12312,0.4683,10.17,125222.0,0.4202,0.0481,3.77,36739.5,4.41,-22287.3,51880.4,10,0.6,0.131,0.229,0.0332,653
Nov-Dec25,0.6,10,3,NO,0.3,0.8,1985,13429,0.6291,4.41,59255.0,0.4202,0.2089,5.24,6960.3,9.51,-3021.7,23897.9,10,0.7,0.094,0.14,0.0134,714
Nov-Dec25,0.6,10,3,YES,0.0,1.0,1985,15233,0.5545,-6.4,-97442.0,0.281,0.2735,-3.7,84292.8,0.21,-54161.7,15266.2,10,0.4,0.034,0.074,0.0288,947
Nov-Dec25,0.6,10,3,YES,0.0,0.5,1985,5828,0.239,-23.4,-136377.0,0.281,-0.042,-5.52,125205.1,0.04,-59864.6,5507.3,10,0.1,0.037,0.083,0.0397,650
Nov-Dec25,0.6,10,3,YES,0.0,0.7,1985,9962,0.3926,-13.05,-130025.0,0.281,0.1116,-5.13,117472.4,0.08,-56494.7,8854.2,10,0.2,0.035,0.077,0.0331,785
Nov-Dec25,0.6,10,3,YES,0.3,0.8,1985,9170,0.5913,0.96,8797.0,0.281,0.3102,1.21,7866.2,1.55,-4097.1,11223.6,10,0.5,0.019,0.05,0.0061,785
Nov-Dec25,0.6,10,6,ALL,0.0,1.0,390,17555,0.6336,7.21,126608.0,0.3388,0.2947,4.03,10591.2,7.84,-9511.2,60311.4,10,0.6,0.179,0.323,0.053,316
Nov-Dec25,0.6,10,6,ALL,0.0,0.5,390,4968,0.3144,13.98,69477.0,0.3388,-0.0244,2.22,35163.5,2.54,-15292.3,57253.6,10,0.4,0.213,0.38,0.0754,244
Nov-Dec25,0.6,10,6,ALL,0.0,0.7,390,10264,0.469,7.69,78937.0,0.3388,0.1302,2.61,28908.6,3.1,-15505.3,53819.8,10,0.4,0.191,0.344,0.0621,282
Nov-Dec25,0.6,10,6,ALL,0.3,0.8,390,11160,0.6178,3.84,42906.0,0.3388,0.279,12.39,0.0,inf,1348.1,9841.0,10,1.0,0.049,0.121,0.0152,291
Nov-Dec25,0.6,10,6,NO,0.0,1.0,390,10763,0.6549,12.02,129334.0,0.4202,0.2348,5.08,5151.8,17.0,-4644.9,46298.1,10,0.7,0.237,0.397,0.0795,287
Nov-Dec25,0.6,10,6,NO,0.0,0.5,390,2764,0.3339,34.4,95091.0,0.4202,-0.0862,3.85,13284.0,6.98,-8317.5,46021.2,10,0.4,0.286,0.473,0.1123,174
Nov-Dec25,0.6,10,6,NO,0.0,0.7,390,5922,0.486,17.19,101795.0,0.4202,0.0658,4.16,14474.0,8.03,-6904.4,42213.9,10,0.6,0.263,0.437,0.0956,225
Nov-Dec25,0.6,10,6,NO,0.3,0.8,390,6669,0.6247,4.13,27511.0,0.4202,0.2045,5.46,1200.9,12.73,-1200.9,10706.2,10,0.8,0.055,0.118,0.013,247
Nov-Dec25,0.6,10,6,YES,0.0,1.0,390,6792,0.5997,-0.4,-2726.0,0.281,0.3186,-0.3,13489.9,0.89,-7712.3,14013.3,10,0.4,0.071,0.15,0.0294,279
Nov-Dec25,0.6,10,6,YES,0.0,0.5,390,2204,0.2899,-11.62,-25614.0,0.281,0.0089,-3.08,29644.2,0.34,-11271.1,11232.4,10,0.2,0.083,0.173,0.052,217
Nov-Dec25,0.6,10,6,YES,0.0,0.7,390,4342,0.4459,-5.26,-22858.0,0.281,0.1648,-2.55,23249.5,0.42,-8815.9,11605.9,10,0.2,0.071,0.15,0.0432,253
Nov-Dec25,0.6,10,6,YES,0.3,0.8,390,4491,0.6077,3.43,15395.0,0.281,0.3266,5.2,1591.7,6.46,-1591.7,5502.7,10,0.7,0.045,0.11,0.0209,252
Nov-Dec25,0.6,10,9,ALL,0.0,1.0,152,7487,0.6241,7.1,53190.0,0.3388,0.2853,3.08,8124.3,4.78,-5782.8,31049.7,10,0.5,0.187,0.376,0.0732,133
Nov-Dec25,0.6,10,9,ALL,0.0,0.5,152,2329,0.3267,14.0,32614.0,0.3388,-0.0121,1.9,21282.3,2.21,-8328.4,28734.6,10,0.3,0.21,0.416,0.1007,107
Nov-Dec25,0.6,10,9,ALL,0.0,0.7,152,4456,0.4589,7.54,33598.0,0.3388,0.1201,1.9,20420.5,2.27,-8460.1,30194.2,10,0.4,0.188,0.375,0.0834,125
Nov-Dec25,0.6,10,9,ALL,0.3,0.8,152,4808,0.6021,3.06,14693.0,0.3388,0.2633,7.15,1222.0,11.92,-1222.0,3437.7,10,0.8,0.097,0.218,0.0365,129
Nov-Dec25,0.6,10,9,NO,0.0,1.0,152,3505,0.6662,17.91,62790.0,0.4202,0.246,4.12,2469.1,17.85,-2207.9,31538.6,10,0.7,0.204,0.466,0.0885,127
Nov-Dec25,0.6,10,9,NO,0.0,0.5,152,928,0.4052,60.39,56040.0,0.4202,-0.015,3.96,1425.1,28.58,-1425.1,30058.2,10,0.7,0.242,0.552,0.1225,87
Nov-Dec25,0.6,10,9,NO,0.0,0.7,152,1904,0.5068,29.51,56187.0,0.4202,0.0866,3.74,1691.4,15.84,-1167.2,30823.2,10,0.6,0.217,0.492,0.0991,111
Nov-Dec25,0.6,10,9,NO,0.3,0.8,152,2156,0.6164,5.5,11863.0,0.4202,0.1962,5.53,152.3,41.22,-152.3,3566.9,10,0.7,0.113,0.205,0.0275,117
Nov-Dec25,0.6,10,9,YES,0.0,1.0,152,3982,0.5871,-2.41,-9601.0,0.281,0.3061,-1.37,16875.5,0.59,-7592.3,11265.9,10,0.2,0.121,0.217,0.0717,123
Nov-Dec25,0.6,10,9,YES,0.0,0.5,152,1401,0.2748,-16.72,-23426.0,0.281,-0.0062,-3.32,27703.1,0.32,-9181.6,8864.6,10,0.2,0.133,0.225,0.1207,97
Nov-Dec25,0.6,10,9,YES,0.0,0.7,152,2552,0.4232,-8.85,-22589.0,0.281,0.1422,-3.08,25708.5,0.33,-9693.9,9715.7,10,0.2,0.117,0.202,0.1052,115
Nov-Dec25,0.6,10,9,YES,0.3,0.8,152,2652,0.5905,1.07,2830.0,0.281,0.3095,1.33,3291.6,1.7,-2179.8,3470.0,10,0.5,0.082,0.171,0.0523,117
Nov-Dec25,0.6,30,3,ALL,0.0,1.0,1062,34755,0.6078,3.16,109942.0,0.3388,0.269,2.02,86561.5,2.17,-70584.4,77390.6,10,0.7,0.086,0.175,0.029,716
Nov-Dec25,0.6,30,3,ALL,0.0,0.5,1062,11296,0.2714,-2.55,-28840.0,0.3388,-0.0674,-0.58,108852.6,0.78,-84112.5,56730.9,10,0.5,0.099,0.183,0.037,538
Nov-Dec25,0.6,30,3,ALL,0.0,0.7,1062,21041,0.4371,0.54,11364.0,0.3388,0.0982,0.23,98502.0,1.1,-78403.3,61465.8,10,0.6,0.094,0.179,0.0332,630
Nov-Dec25,0.6,30,3,ALL,0.3,0.8,1062,21324,0.6156,3.48,74253.0,0.3388,0.2768,7.15,3291.5,23.56,-3291.5,20963.4,10,0.9,0.065,0.112,0.0104,644
Nov-Dec25,0.6,30,3,NO,0.0,1.0,1062,21039,0.6454,9.35,196722.0,0.4202,0.2252,5.31,23231.9,9.47,-17692.5,62895.8,10,0.8,0.123,0.232,0.0332,609
Nov-Dec25,0.6,30,3,NO,0.0,0.5,1062,5972,0.2991,16.18,96626.0,0.4202,-0.1211,3.1,36090.7,3.55,-26177.6,51189.5,10,0.6,0.149,0.256,0.0423,369
Nov-Dec25,0.6,30,3,NO,0.0,0.7,1062,11853,0.4689,10.93,129546.0,0.4202,0.0487,3.9,34043.5,4.76,-23763.5,52411.9,10,0.7,0.139,0.243,0.0373,484
Nov-Dec25,0.6,30,3,NO,0.3,0.8,1062,12871,0.63,4.67,60133.0,0.4202,0.2098,5.9,4953.1,13.14,-1771.5,21617.0,10,0.7,0.104,0.156,0.0165,519
Nov-Dec25,0.6,30,3,YES,0.0,1.0,1062,13716,0.5502,-6.33,-86780.0,0.281,0.2692,-3.43,77810.3,0.22,-52891.9,14494.8,10,0.4,0.039,0.087,0.0387,632
Nov-Dec25,0.6,30,3,YES,0.0,0.5,1062,5324,0.2404,-23.57,-125466.0,0.281,-0.0406,-5.2,117007.9,0.05,-57934.9,5541.4,10,0.2,0.042,0.094,0.0503,476
Nov-Dec25,0.6,30,3,YES,0.0,0.7,1062,9188,0.396,-12.86,-118181.0,0.281,0.1149,-4.86,109005.1,0.08,-54639.8,9053.9,10,0.3,0.04,0.088,0.043,556
Nov-Dec25,0.6,30,3,YES,0.3,0.8,1062,8453,0.5938,1.67,14120.0,0.281,0.3127,2.16,6378.3,2.25,-3889.4,10791.7,10,0.5,0.023,0.059,0.008,551
Nov-Dec25,0.6,30,6,ALL,0.0,1.0,385,17541,0.6334,7.2,126358.0,0.3388,0.2946,4.02,11027.4,7.89,-9511.2,60311.4,10,0.6,0.179,0.323,0.0532,314
Nov-Dec25,0.6,30,6,ALL,0.0,0.5,385,4967,0.3143,13.94,69220.0,0.3388,-0.0246,2.21,35420.7,2.53,-15292.3,57253.6,10,0.4,0.213,0.381,0.0755,243
Nov-Dec25,0.6,30,6,ALL,0.0,0.7,385,10260,0.4689,7.66,78628.0,0.3388,0.1301,2.6,29317.5,3.07,-15505.3,53819.8,10,0.4,0.191,0.344,0.0623,281
Nov-Dec25,0.6,30,6,ALL,0.3,0.8,385,11156,0.6178,3.84,42827.0,0.3388,0.2789,12.16,0.0,inf,1348.1,9941.0,10,1.0,0.049,0.121,0.0153,290
Nov-Dec25,0.6,30,6,NO,0.0,1.0,385,10755,0.6549,12.03,129426.0,0.4202,0.2347,5.08,5179.1,17.38,-4644.9,46298.1,10,0.7,0.237,0.397,0.0796,285
Nov-Dec25,0.6,30,6,NO,0.0,0.5,385,2764,0.3339,34.4,95091.0,0.4202,-0.0862,3.85,13284.0,6.98,-8317.5,46021.2,10,0.4,0.286,0.473,0.1123,174
Nov-Dec25,0.6,30,6,NO,0.0,0.7,385,5922,0.486,17.19,101795.0,0.4202,0.0658,4.16,14474.0,8.03,-6904.4,42213.9,10,0.6,0.263,0.437,0.0956,225
Nov-Dec25,0.6,30,6,NO,0.3,0.8,385,6668,0.6246,4.12,27483.0,0.4202,0.2044,5.45,1200.9,12.72,-1200.9,10706.2,10,0.8,0.055,0.118,0.013,246
Nov-Dec25,0.6,30,6,YES,0.0,1.0,385,6786,0.5995,-0.45,-3068.0,0.281,0.3184,-0.34,13798.8,0.88,-7612.3,14013.3,10,0.3,0.071,0.151,0.0295,277
Nov-Dec25,0.6,30,6,YES,0.0,0.5,385,2203,0.2896,-11.74,-25871.0,0.281,0.0086,-3.11,29901.3,0.34,-11271.1,11232.4,10,0.2,0.083,0.173,0.0523,216
Nov-Dec25,0.6,30,6,YES,0.0,0.7,385,4338,0.4456,-5.34,-23167.0,0.281,0.1646,-2.59,23558.4,0.41,-8815.9,11605.9,10,0.2,0.071,0.151,0.0434,252
Nov-Dec25,0.6,30,6,YES,0.3,0.8,385,4488,0.6076,3.42,15344.0,0.281,0.3266,5.22,1591.7,6.64,-1591.7,5502.7,10,0.7,0.045,0.11,0.0209,251
Nov-Dec25,0.6,30,9,ALL,0.0,1.0,152,7487,0.6241,7.1,53190.0,0.3388,0.2853,3.08,8124.3,4.78,-5782.8,31049.7,10,0.5,0.187,0.376,0.0732,133
Nov-Dec25,0.6,30,9,ALL,0.0,0.5,152,2329,0.3267,14.0,32614.0,0.3388,-0.0121,1.9,21282.3,2.21,-8328.4,28734.6,10,0.3,0.21,0.416,0.1007,107
Nov-Dec25,0.6,30,9,ALL,0.0,0.7,152,4456,0.4589,7.54,33598.0,0.3388,0.1201,1.9,20420.5,2.27,-8460.1,30194.2,10,0.4,0.188,0.375,0.0834,125
Nov-Dec25,0.6,30,9,ALL,0.3,0.8,152,4808,0.6021,3.06,14693.0,0.3388,0.2633,7.15,1222.0,11.92,-1222.0,3437.7,10,0.8,0.097,0.218,0.0365,129
Nov-Dec25,0.6,30,9,NO,0.0,1.0,152,3505,0.6662,17.91,62790.0,0.4202,0.246,4.12,2469.1,17.85,-2207.9,31538.6,10,0.7,0.204,0.466,0.0885,127
Nov-Dec25,0.6,30,9,NO,0.0,0.5,152,928,0.4052,60.39,56040.0,0.4202,-0.015,3.96,1425.1,28.58,-1425.1,30058.2,10,0.7,0.242,0.552,0.1225,87
Nov-Dec25,0.6,30,9,NO,0.0,0.7,152,1904,0.5068,29.51,56187.0,0.4202,0.0866,3.74,1691.4,15.84,-1167.2,30823.2,10,0.6,0.217,0.492,0.0991,111
Nov-Dec25,0.6,30,9,NO,0.3,0.8,152,2156,0.6164,5.5,11863.0,0.4202,0.1962,5.53,152.3,41.22,-152.3,3566.9,10,0.7,0.113,0.205,0.0275,117
Nov-Dec25,0.6,30,9,YES,0.0,1.0,152,3982,0.5871,-2.41,-9601.0,0.281,0.3061,-1.37,16875.5,0.59,-7592.3,11265.9,10,0.2,0.121,0.217,0.0717,123
Nov-Dec25,0.6,30,9,YES,0.0,0.5,152,1401,0.2748,-16.72,-23426.0,0.281,-0.0062,-3.32,27703.1,0.32,-9181.6,8864.6,10,0.2,0.133,0.225,0.1207,97
Nov-Dec25,0.6,30,9,YES,0.0,0.7,152,2552,0.4232,-8.85,-22589.0,0.281,0.1422,-3.08,25708.5,0.33,-9693.9,9715.7,10,0.2,0.117,0.202,0.1052,115
Nov-Dec25,0.6,30,9,YES,0.3,0.8,152,2652,0.5905,1.07,2830.0,0.281,0.3095,1.33,3291.6,1.7,-2179.8,3470.0,10,0.5,0.082,0.171,0.0523,117
Nov-Dec25,0.6,50,3,ALL,0.0,1.0,657,32085,0.6082,3.72,119257.0,0.3388,0.2693,2.18,82902.7,2.34,-68638.1,80979.1,10,0.7,0.094,0.191,0.0343,479
Nov-Dec25,0.6,50,3,ALL,0.0,0.5,657,10451,0.2686,-1.76,-18368.0,0.3388,-0.0703,-0.36,107845.2,0.86,-82196.8,59893.9,10,0.5,0.107,0.197,0.0425,378
Nov-Dec25,0.6,50,3,ALL,0.0,0.7,657,19457,0.4373,1.27,24657.0,0.3388,0.0984,0.49,95412.3,1.22,-76017.4,65288.5,10,0.6,0.102,0.194,0.039,432
Nov-Dec25,0.6,50,3,ALL,0.3,0.8,657,19682,0.6192,3.9,76843.0,0.3388,0.2804,7.32,1738.1,45.21,-1738.1,21060.4,10,0.9,0.075,0.129,0.0136,439
Nov-Dec25,0.6,50,3,NO,0.0,1.0,657,19829,0.6432,9.82,194697.0,0.4202,0.223,5.31,19774.2,10.85,-17066.6,64099.4,10,0.8,0.131,0.247,0.0375,432
Nov-Dec25,0.6,50,3,NO,0.0,0.5,657,5701,0.2961,16.98,96780.0,0.4202,-0.1241,3.06,37123.9,3.45,-25277.6,52503.5,10,0.6,0.157,0.268,0.0464,282
Nov-Dec25,0.6,50,3,NO,0.0,0.7,657,11266,0.4681,11.59,130617.0,0.4202,0.048,3.91,32992.9,4.82,-22601.3,53988.6,10,0.7,0.147,0.257,0.0414,357
Nov-Dec25,0.6,50,3,NO,0.3,0.8,657,12166,0.6318,4.88,59350.0,0.4202,0.2116,6.75,1410.7,42.0,-851.5,18988.3,10,0.8,0.116,0.173,0.0202,384
Nov-Dec25,0.6,50,3,YES,0.0,1.0,657,12256,0.5515,-6.16,-75440.0,0.281,0.2704,-3.0,68334.6,0.26,-51571.5,16879.8,10,0.4,0.045,0.1,0.0509,425
Nov-Dec25,0.6,50,3,YES,0.0,0.5,657,4750,0.2356,-24.24,-115148.0,0.281,-0.0455,-4.75,108476.1,0.07,-56919.1,7390.4,10,0.2,0.047,0.106,0.0635,333
Nov-Dec25,0.6,50,3,YES,0.0,0.7,657,8191,0.3948,-12.94,-105960.0,0.281,0.1138,-4.37,98526.3,0.12,-53416.1,11300.0,10,0.3,0.045,0.1,0.0558,381
Nov-Dec25,0.6,50,3,YES,0.3,0.8,657,7516,0.5989,2.33,17493.0,0.281,0.3178,2.59,7479.6,2.73,-3891.0,11785.5,10,0.6,0.028,0.072,0.0112,379
Nov-Dec25,0.6,50,6,ALL,0.0,1.0,341,17207,0.6332,7.45,128271.0,0.3388,0.2944,4.09,9534.6,8.9,-8658.8,60504.4,10,0.6,0.182,0.329,0.0551,283
Nov-Dec25,0.6,50,6,ALL,0.0,0.5,341,4880,0.316,14.9,72709.0,0.3388,-0.0229,2.31,34000.0,2.67,-14570.3,57828.6,10,0.4,0.217,0.387,0.078,223
Nov-Dec25,0.6,50,6,ALL,0.0,0.7,341,10087,0.4699,8.15,82186.0,0.3388,0.1311,2.71,27804.5,3.25,-14712.4,54267.8,10,0.4,0.195,0.35,0.0646,256
Nov-Dec25,0.6,50,6,ALL,0.3,0.8,341,10964,0.617,3.82,41930.0,0.3388,0.2782,12.07,0.0,inf,1440.9,9912.9,10,1.0,0.05,0.125,0.0162,263
Nov-Dec25,0.6,50,6,NO,0.0,1.0,341,10612,0.6538,12.14,128806.0,0.4202,0.2336,5.1,4055.0,18.76,-3823.6,46050.7,10,0.7,0.241,0.403,0.0817,263
Nov-Dec25,0.6,50,6,NO,0.0,0.5,341,2742,0.3341,34.73,95220.0,0.4202,-0.0861,3.86,12768.7,7.07,-8117.5,46021.2,10,0.4,0.287,0.476,0.1136,165
Nov-Dec25,0.6,50,6,NO,0.0,0.7,341,5866,0.4855,17.34,101693.0,0.4202,0.0653,4.17,13870.8,8.33,-6704.4,42093.8,10,0.6,0.265,0.441,0.0972,212
Nov-Dec25,0.6,50,6,NO,0.3,0.8,341,6586,0.6236,4.08,26857.0,0.4202,0.2034,5.49,1373.0,14.8,-1373.0,10528.1,10,0.8,0.056,0.121,0.0136,231
Nov-Dec25,0.6,50,6,YES,0.0,1.0,341,6595,0.6002,-0.08,-535.0,0.281,0.3191,-0.06,12960.7,0.98,-7246.3,14453.6,10,0.4,0.074,0.156,0.0315,251
Nov-Dec25,0.6,50,6,YES,0.0,0.5,341,2138,0.2928,-10.53,-22510.0,0.281,0.0118,-2.68,28703.4,0.39,-10849.1,11807.4,10,0.2,0.086,0.18,0.0562,198
Nov-Dec25,0.6,50,6,YES,0.0,0.7,341,4221,0.4482,-4.62,-19507.0,0.281,0.1672,-2.19,21940.4,0.47,-8523.0,12174.0,10,0.2,0.074,0.157,0.0468,230
Nov-Dec25,0.6,50,6,YES,0.3,0.8,341,4378,0.6071,3.44,15074.0,0.281,0.3261,5.37,1111.3,7.19,-1111.3,5433.9,10,0.7,0.047,0.114,0.0224,228
Nov-Dec25,0.6,50,9,ALL,0.0,1.0,151,7482,0.6242,7.13,53328.0,0.3388,0.2853,3.09,8070.7,4.8,-5782.8,31049.7,10,0.5,0.187,0.376,0.0733,132
Nov-Dec25,0.6,50,9,ALL,0.0,0.5,151,2328,0.3269,14.05,32714.0,0.3388,-0.012,1.9,21282.3,2.21,-8328.4,28734.6,10,0.3,0.21,0.416,0.1009,106
Nov-Dec25,0.6,50,9,ALL,0.0,0.7,151,4454,0.4591,7.59,33798.0,0.3388,0.1203,1.91,20320.5,2.29,-8460.1,30194.2,10,0.4,0.188,0.375,0.0836,124
Nov-Dec25,0.6,50,9,ALL,0.3,0.8,151,4805,0.6023,3.09,14864.0,0.3388,0.2634,7.18,1222.0,12.05,-1222.0,3437.7,10,0.8,0.098,0.219,0.0367,128
Nov-Dec25,0.6,50,9,NO,0.0,1.0,151,3504,0.6661,17.92,62775.0,0.4202,0.2459,4.12,2469.1,17.85,-2207.9,31538.6,10,0.7,0.204,0.466,0.0885,126
Nov-Dec25,0.6,50,9,NO,0.0,0.5,151,928,0.4052,60.39,56040.0,0.4202,-0.015,3.96,1425.1,28.58,-1425.1,30058.2,10,0.7,0.242,0.552,0.1225,87
Nov-Dec25,0.6,50,9,NO,0.0,0.7,151,1904,0.5068,29.51,56187.0,0.4202,0.0866,3.74,1691.4,15.84,-1167.2,30823.2,10,0.6,0.217,0.492,0.0991,111
Nov-Dec25,0.6,50,9,NO,0.3,0.8,151,2156,0.6164,5.5,11863.0,0.4202,0.1962,5.53,152.3,41.22,-152.3,3566.9,10,0.7,0.113,0.205,0.0275,117
Nov-Dec25,0.6,50,9,YES,0.0,1.0,151,3978,0.5872,-2.37,-9447.0,0.281,0.3062,-1.35,16821.8,0.59,-7521.0,11265.9,10,0.2,0.121,0.217,0.072,122
Nov-Dec25,0.6,50,9,YES,0.0,0.5,151,1400,0.275,-16.66,-23326.0,0.281,-0.006,-3.3,27703.1,0.33,-9181.6,8864.6,10,0.2,0.133,0.226,0.121,96
Nov-Dec25,0.6,50,9,YES,0.0,0.7,151,2550,0.4235,-8.78,-22389.0,0.281,0.1425,-3.06,25608.5,0.33,-9593.9,9715.7,10,0.2,0.118,0.202,0.1057,114
Nov-Dec25,0.6,50,9,YES,0.3,0.8,151,2649,0.5908,1.13,3001.0,0.281,0.3098,1.42,3191.6,1.77,-2079.8,3470.0,10,0.5,0.083,0.172,0.0527,116
Nov-Dec25,0.65,10,3,ALL,0.0,1.0,1319,16966,0.6734,4.55,77259.0,0.3388,0.3346,4.96,11914.5,6.45,-11914.5,22769.3,10,0.6,0.093,0.192,0.0198,738
Nov-Dec25,0.65,10,3,ALL,0.0,0.5,1319,3984,0.2791,-1.1,-4382.0,0.3388,-0.0597,-0.36,28788.7,0.87,-17981.7,12684.9,10,0.6,0.079,0.201,0.0249,477
Nov-Dec25,0.65,10,3,ALL,0.0,0.7,1319,8469,0.4731,2.7,22903.0,0.3388,0.1343,1.86,13680.8,1.93,-13680.8,16500.5,10,0.6,0.082,0.194,0.021,602
Nov-Dec25,0.65,10,3,ALL,0.3,0.8,1319,9639,0.6374,3.85,37068.0,0.3388,0.2986,6.08,1322.5,29.03,-1156.3,12535.3,10,0.8,0.042,0.102,0.0083,627
Nov-Dec25,0.65,10,3,NO,0.0,1.0,1319,9761,0.6975,8.42,82164.0,0.4202,0.2773,5.72,4865.1,10.24,-4865.1,23628.2,10,0.7,0.128,0.265,0.0328,598
Nov-Dec25,0.65,10,3,NO,0.0,0.5,1319,2017,0.3059,17.06,34410.0,0.4202,-0.1143,3.46,8776.8,3.19,-6954.0,12920.6,10,0.6,0.115,0.298,0.0435,292
Nov-Dec25,0.65,10,3,NO,0.0,0.7,1319,4587,0.496,10.46,47971.0,0.4202,0.0758,4.29,9997.9,4.73,-3695.0,18847.7,10,0.6,0.113,0.277,0.0365,422
Nov-Dec25,0.65,10,3,NO,0.3,0.8,1319,5534,0.6435,3.86,21349.0,0.4202,0.2233,3.31,6335.1,3.6,-3305.3,11885.7,10,0.7,0.05,0.125,0.0097,464
Nov-Dec25,0.65,10,3,YES,0.0,1.0,1319,7205,0.6408,-0.68,-4904.0,0.281,0.3598,-0.55,11861.0,0.83,-11383.9,9000.0,10,0.5,0.031,0.074,0.0076,633
Nov-Dec25,0.65,10,3,YES,0.0,0.5,1319,1967,0.2517,-19.72,-38792.0,0.281,-0.0294,-7.74,33922.2,0.0,-11027.8,-235.7,10,0.0,0.036,0.077,0.0121,408
Nov-Dec25,0.65,10,3,YES,0.0,0.7,1319,3882,0.4462,-6.46,-25068.0,0.281,0.1651,-3.09,21310.9,0.32,-10810.6,5679.2,10,0.5,0.034,0.079,0.0094,507
Nov-Dec25,0.65,10,3,YES,0.3,0.8,1319,4105,0.6292,3.83,15719.0,0.281,0.3482,3.49,2659.0,3.38,-2659.0,7796.2,10,0.6,0.026,0.074,0.0065,517
Nov-Dec25,0.65,10,6,ALL,0.0,1.0,259,8124,0.6914,6.83,55525.0,0.3388,0.3526,4.1,2532.5,13.66,-1852.0,26731.2,10,0.7,0.127,0.334,0.045,215
Nov-Dec25,0.65,10,6,ALL,0.0,0.5,259,1606,0.3194,13.62,21876.0,0.3388,-0.0194,1.95,12366.5,2.51,-5804.8,19361.5,10,0.5,0.161,0.424,0.0697,157
Nov-Dec25,0.65,10,6,ALL,0.0,0.7,259,3909,0.5068,8.3,32433.0,0.3388,0.1679,2.59,9063.2,3.67,-3983.3,22628.6,10,0.4,0.141,0.371,0.0548,187
Nov-Dec25,0.65,10,6,ALL,0.3,0.8,259,4679,0.6619,6.74,31550.0,0.3388,0.3231,14.91,0.0,inf,281.6,5655.2,10,1.0,0.101,0.187,0.0223,195
Nov-Dec25,0.65,10,6,NO,0.0,1.0,259,5025,0.7031,9.21,46261.0,0.4202,0.2829,4.12,2168.0,13.35,-2049.1,25120.4,10,0.7,0.158,0.406,0.0645,194
Nov-Dec25,0.65,10,6,NO,0.0,0.5,259,919,0.3439,31.28,28744.0,0.4202,-0.0763,3.09,5088.2,5.69,-3243.5,19123.3,10,0.6,0.209,0.541,0.1143,108
Nov-Dec25,0.65,10,6,NO,0.0,0.7,259,2290,0.5179,14.5,33205.0,0.4202,0.0977,3.06,5330.1,5.65,-2742.7,23583.2,10,0.7,0.182,0.468,0.0867,147
Nov-Dec25,0.65,10,6,NO,0.3,0.8,259,2871,0.6587,5.24,15057.0,0.4202,0.2385,5.42,1240.1,13.14,-907.3,5836.4,10,0.8,0.107,0.196,0.0238,163
Nov-Dec25,0.65,10,6,YES,0.0,1.0,259,3099,0.6725,2.99,9264.0,0.281,0.3914,1.54,7424.3,2.11,-6953.9,10438.0,10,0.6,0.089,0.179,0.0204,186
Nov-Dec25,0.65,10,6,YES,0.0,0.5,259,687,0.2868,-10.0,-6868.0,0.281,0.0057,-1.81,11386.8,0.51,-4439.4,4697.4,10,0.4,0.107,0.175,0.0243,138
Nov-Dec25,0.65,10,6,YES,0.0,0.7,259,1619,0.491,-0.48,-771.0,0.281,0.21,-0.14,10138.8,0.94,-5702.7,8794.3,10,0.4,0.093,0.172,0.0211,165
Nov-Dec25,0.65,10,6,YES,0.3,0.8,259,1808,0.667,9.12,16493.0,0.281,0.386,7.04,1750.0,10.42,-1750.0,4810.3,10,0.9,0.069,0.172,0.0193,166
Nov-Dec25,0.65,10,9,ALL,0.0,1.0,102,2854,0.7172,17.13,48880.0,0.3388,0.3784,5.03,215.9,227.44,-215.9,20803.1,10,0.9,0.207,0.544,0.1053,93
Nov-Dec25,0.65,10,9,ALL,0.0,0.5,102,620,0.3774,58.34,36174.0,0.3388,0.0386,3.9,1219.4,26.85,-1219.4,18478.1,10,0.8,0.24,0.63,0.139,70
Nov-Dec25,0.65,10,9,ALL,0.0,0.7,102,1210,0.514,33.74,40820.0,0.3388,0.1752,4.12,1029.0,28.31,-1029.0,19971.5,10,0.8,0.218,0.572,0.1157,86
Nov-Dec25,0.65,10,9,ALL,0.3,0.8,102,1444,0.6807,11.51,16620.0,0.3388,0.3419,18.84,0.0,inf,602.1,2600.1,10,1.0,0.208,0.286,0.0573,89
Nov-Dec25,0.65,10,9,NO,0.0,1.0,102,1450,0.7469,27.99,40582.0,0.4202,0.3267,4.73,899.5,46.11,-899.5,19903.8,10,0.9,0.241,0.619,0.134,89
Nov-Dec25,0.65,10,9,NO,0.0,0.5,102,263,0.5057,143.5,37742.0,0.4202,0.0855,4.64,0.0,inf,294.9,19119.2,10,1.0,0.293,0.761,0.2002,53
Nov-Dec25,0.65,10,9,NO,0.0,0.7,102,536,0.5634,70.58,37833.0,0.4202,0.1433,4.45,0.0,inf,325.7,19472.3,10,1.0,0.262,0.676,0.1586,73
Nov-Dec25,0.65,10,9,NO,0.3,0.8,102,714,0.6779,10.26,7324.0,0.4202,0.2577,4.89,953.5,7.46,-555.1,2766.4,10,0.7,0.213,0.279,0.0581,79
Nov-Dec25,0.65,10,9,YES,0.0,1.0,102,1404,0.6866,5.91,8297.0,0.281,0.4056,2.67,2649.2,2.85,-2649.2,5849.3,10,0.7,0.163,0.28,0.0477,84
Nov-Dec25,0.65,10,9,YES,0.0,0.5,102,357,0.2829,-4.39,-1568.0,0.281,0.0019,-0.55,4808.0,0.8,-2387.1,5051.5,10,0.4,0.185,0.301,0.0591,62
Nov-Dec25,0.65,10,9,YES,0.0,0.7,102,674,0.4748,4.43,2987.0,0.281,0.1937,1.01,3279.6,1.53,-2747.7,5309.0,10,0.6,0.168,0.285,0.0507,78
Nov-Dec25,0.65,10,9,YES,0.3,0.8,102,730,0.6836,12.73,9296.0,0.281,0.4025,9.23,85.7,37.89,-166.3,1834.1,10,0.8,0.122,0.249,0.0378,79
Nov-Dec25,0.65,30,3,ALL,0.0,1.0,676,14831,0.6699,5.06,74976.0,0.3388,0.331,5.21,8959.4,6.94,-8959.4,21467.6,10,0.7,0.11,0.227,0.0269,466
Nov-Dec25,0.65,30,3,ALL,0.0,0.5,676,3496,0.2812,0.31,1081.0,0.3388,-0.0577,0.09,25295.0,1.04,-15649.2,10653.6,10,0.5,0.091,0.232,0.0327,330
Nov-Dec25,0.65,30,3,ALL,0.0,0.7,676,7624,0.4789,3.55,27081.0,0.3388,0.14,2.35,11167.1,2.33,-11167.1,13435.2,10,0.7,0.096,0.227,0.0282,393
Nov-Dec25,0.65,30,3,ALL,0.3,0.8,676,8715,0.6399,4.31,37535.0,0.3388,0.3011,6.6,283.1,133.56,-283.1,12870.1,10,0.9,0.05,0.122,0.0114,411
Nov-Dec25,0.65,30,3,NO,0.0,1.0,676,8784,0.6915,9.02,79262.0,0.4202,0.2713,5.99,3510.8,12.46,-3406.1,23684.5,10,0.7,0.144,0.299,0.0414,397
Nov-Dec25,0.65,30,3,NO,0.0,0.5,676,1851,0.3058,19.62,36308.0,0.4202,-0.1144,3.67,7934.7,3.57,-6197.1,13020.3,10,0.6,0.127,0.328,0.0523,220
Nov-Dec25,0.65,30,3,NO,0.0,0.7,676,4257,0.4975,11.53,49085.0,0.4202,0.0774,4.51,8490.3,5.66,-4908.4,19791.9,10,0.6,0.127,0.309,0.0451,301
Nov-Dec25,0.65,30,3,NO,0.3,0.8,676,5118,0.6444,4.02,20589.0,0.4202,0.2242,3.83,4670.7,4.24,-2354.1,9831.3,10,0.6,0.059,0.148,0.0131,323
Nov-Dec25,0.65,30,3,YES,0.0,1.0,676,6047,0.6385,-0.71,-4286.0,0.281,0.3575,-0.6,10893.3,0.8,-10893.3,5773.6,10,0.5,0.04,0.095,0.0111,410
Nov-Dec25,0.65,30,3,YES,0.0,0.5,676,1645,0.2535,-21.41,-35226.0,0.281,-0.0275,-8.53,32211.4,0.0,-9452.1,-622.9,10,0.0,0.045,0.092,0.0167,290
Nov-Dec25,0.65,30,3,YES,0.0,0.7,676,3367,0.4553,-6.54,-22004.0,0.281,0.1743,-3.52,19799.3,0.25,-9125.5,2810.1,10,0.4,0.042,0.094,0.0134,348
Nov-Dec25,0.65,30,3,YES,0.3,0.8,676,3597,0.6336,4.71,16946.0,0.281,0.3525,4.1,1891.6,4.77,-1891.6,7902.1,10,0.7,0.032,0.092,0.0091,353
Nov-Dec25,0.65,30,6,ALL,0.0,1.0,254,8110,0.6912,6.82,55275.0,0.3388,0.3524,4.09,2532.5,14.08,-1798.4,26670.8,10,0.7,0.128,0.335,0.0452,213
Nov-Dec25,0.65,30,6,ALL,0.0,0.5,254,1605,0.319,13.47,21619.0,0.3388,-0.0198,1.93,12623.7,2.5,-5804.8,19361.5,10,0.5,0.162,0.425,0.0701,156
Nov-Dec25,0.65,30,6,ALL,0.0,0.7,254,3905,0.5065,8.23,32125.0,0.3388,0.1677,2.57,9372.1,3.66,-3983.3,22628.6,10,0.4,0.142,0.372,0.0551,186
Nov-Dec25,0.65,30,6,ALL,0.3,0.8,254,4675,0.6618,6.73,31471.0,0.3388,0.323,14.72,0.0,inf,281.6,5655.2,10,1.0,0.101,0.187,0.0224,194
Nov-Dec25,0.65,30,6,NO,0.0,1.0,254,5017,0.703,9.24,46353.0,0.4202,0.2828,4.15,2168.0,14.0,-2049.1,25071.2,10,0.7,0.158,0.406,0.0647,192
Nov-Dec25,0.65,30,6,NO,0.0,0.5,254,919,0.3439,31.28,28744.0,0.4202,-0.0763,3.09,5088.2,5.69,-3243.5,19123.3,10,0.6,0.209,0.541,0.1143,108
Nov-Dec25,0.65,30,6,NO,0.0,0.7,254,2290,0.5179,14.5,33205.0,0.4202,0.0977,3.06,5330.1,5.65,-2742.7,23583.2,10,0.7,0.182,0.468,0.0867,147
Nov-Dec25,0.65,30,6,NO,0.3,0.8,254,2870,0.6585,5.24,15030.0,0.4202,0.2384,5.41,1267.4,12.86,-907.3,5836.4,10,0.8,0.107,0.196,0.0238,162
Nov-Dec25,0.65,30,6,YES,0.0,1.0,254,3093,0.6722,2.88,8922.0,0.281,0.3911,1.5,7324.3,2.08,-6853.9,10438.0,10,0.6,0.09,0.18,0.0206,184
Nov-Dec25,0.65,30,6,YES,0.0,0.5,254,686,0.2857,-10.39,-7125.0,0.281,0.0047,-1.89,11644.0,0.49,-4439.4,4697.4,10,0.4,0.108,0.176,0.0246,137
Nov-Dec25,0.65,30,6,YES,0.0,0.7,254,1615,0.4904,-0.67,-1080.0,0.281,0.2094,-0.2,10038.8,0.92,-5602.7,8794.3,10,0.4,0.094,0.173,0.0213,164
Nov-Dec25,0.65,30,6,YES,0.3,0.8,254,1805,0.667,9.11,16441.0,0.281,0.386,7.16,1650.0,10.96,-1650.0,4810.3,10,0.9,0.069,0.172,0.0194,165
Nov-Dec25,0.65,30,9,ALL,0.0,1.0,102,2854,0.7172,17.13,48880.0,0.3388,0.3784,5.03,215.9,227.44,-215.9,20803.1,10,0.9,0.207,0.544,0.1053,93
Nov-Dec25,0.65,30,9,ALL,0.0,0.5,102,620,0.3774,58.34,36174.0,0.3388,0.0386,3.9,1219.4,26.85,-1219.4,18478.1,10,0.8,0.24,0.63,0.139,70
Nov-Dec25,0.65,30,9,ALL,0.0,0.7,102,1210,0.514,33.74,40820.0,0.3388,0.1752,4.12,1029.0,28.31,-1029.0,19971.5,10,0.8,0.218,0.572,0.1157,86
Nov-Dec25,0.65,30,9,ALL,0.3,0.8,102,1444,0.6807,11.51,16620.0,0.3388,0.3419,18.84,0.0,inf,602.1,2600.1,10,1.0,0.208,0.286,0.0573,89
Nov-Dec25,0.65,30,9,NO,0.0,1.0,102,1450,0.7469,27.99,40582.0,0.4202,0.3267,4.73,899.5,46.11,-899.5,19903.8,10,0.9,0.241,0.619,0.134,89
Nov-Dec25,0.65,30,9,NO,0.0,0.5,102,263,0.5057,143.5,37742.0,0.4202,0.0855,4.64,0.0,inf,294.9,19119.2,10,1.0,0.293,0.761,0.2002,53
Nov-Dec25,0.65,30,9,NO,0.0,0.7,102,536,0.5634,70.58,37833.0,0.4202,0.1433,4.45,0.0,inf,325.7,19472.3,10,1.0,0.262,0.676,0.1586,73
Nov-Dec25,0.65,30,9,NO,0.3,0.8,102,714,0.6779,10.26,7324.0,0.4202,0.2577,4.89,953.5,7.46,-555.1,2766.4,10,0.7,0.213,0.279,0.0581,79
Nov-Dec25,0.65,30,9,YES,0.0,1.0,102,1404,0.6866,5.91,8297.0,0.281,0.4056,2.67,2649.2,2.85,-2649.2,5849.3,10,0.7,0.163,0.28,0.0477,84
Nov-Dec25,0.65,30,9,YES,0.0,0.5,102,357,0.2829,-4.39,-1568.0,0.281,0.0019,-0.55,4808.0,0.8,-2387.1,5051.5,10,0.4,0.185,0.301,0.0591,62
Nov-Dec25,0.65,30,9,YES,0.0,0.7,102,674,0.4748,4.43,2987.0,0.281,0.1937,1.01,3279.6,1.53,-2747.7,5309.0,10,0.6,0.168,0.285,0.0507,78
Nov-Dec25,0.65,30,9,YES,0.3,0.8,102,730,0.6836,12.73,9296.0,0.281,0.4025,9.23,85.7,37.89,-166.3,1834.1,10,0.8,0.122,0.249,0.0378,79
Nov-Dec25,0.65,50,3,ALL,0.0,1.0,407,13317,0.6694,5.51,73431.0,0.3388,0.3306,5.16,9447.5,7.82,-9447.5,22085.7,10,0.8,0.125,0.258,0.0344,304
Nov-Dec25,0.65,50,3,ALL,0.0,0.5,407,3128,0.282,1.92,6006.0,0.3388,-0.0569,0.51,23314.8,1.2,-15671.4,12026.3,10,0.5,0.103,0.262,0.0412,229
Nov-Dec25,0.65,50,3,ALL,0.0,0.7,407,6917,0.481,4.27,29526.0,0.3388,0.1421,2.46,11777.7,2.48,-11777.7,15263.6,10,0.6,0.109,0.258,0.0359,265
Nov-Dec25,0.65,50,3,ALL,0.3,0.8,407,7924,0.6387,4.16,32927.0,0.3388,0.2999,6.26,34.7,949.0,-34.7,12648.8,10,0.9,0.059,0.145,0.0155,273
Nov-Dec25,0.65,50,3,NO,0.0,1.0,407,8070,0.686,9.19,74183.0,0.4202,0.2658,5.93,2719.5,19.57,-2719.5,23844.4,10,0.7,0.16,0.33,0.0502,275
Nov-Dec25,0.65,50,3,NO,0.0,0.5,407,1746,0.3064,20.21,35294.0,0.4202,-0.1138,3.56,7648.1,3.65,-5688.6,13719.8,10,0.5,0.138,0.356,0.061,166
Nov-Dec25,0.65,50,3,NO,0.0,0.7,407,4015,0.4974,11.78,47304.0,0.4202,0.0772,4.36,7373.2,6.26,-4465.4,20445.8,10,0.5,0.139,0.339,0.0534,218
Nov-Dec25,0.65,50,3,NO,0.3,0.8,407,4778,0.6423,3.94,18849.0,0.4202,0.2221,4.12,2648.2,4.66,-2499.2,8071.9,10,0.7,0.067,0.168,0.0165,235
Nov-Dec25,0.65,50,3,YES,0.0,1.0,407,5247,0.644,-0.14,-753.0,0.281,0.3629,-0.11,10296.1,0.96,-9585.3,6840.0,10,0.5,0.049,0.117,0.016,269
Nov-Dec25,0.65,50,3,YES,0.0,0.5,407,1382,0.2511,-21.19,-29288.0,0.281,-0.03,-6.7,26775.2,0.0,-10011.5,-127.4,10,0.0,0.055,0.112,0.0239,202
Nov-Dec25,0.65,50,3,YES,0.0,0.7,407,2902,0.4583,-6.13,-17779.0,0.281,0.1773,-2.79,17017.8,0.34,-10166.0,3567.8,10,0.4,0.052,0.116,0.0193,236
Nov-Dec25,0.65,50,3,YES,0.3,0.8,407,3146,0.6332,4.47,14078.0,0.281,0.3521,3.25,2278.9,3.24,-2278.9,7921.6,10,0.7,0.04,0.114,0.0133,237
Nov-Dec25,0.65,50,6,ALL,0.0,1.0,221,7863,0.6918,7.06,55524.0,0.3388,0.353,4.11,2269.7,14.67,-1792.9,26884.5,10,0.7,0.132,0.346,0.0482,190
Nov-Dec25,0.65,50,6,ALL,0.0,0.5,221,1543,0.3227,15.43,23812.0,0.3388,-0.0161,2.11,10451.6,2.81,-5704.8,19789.9,10,0.5,0.167,0.438,0.0743,143
Nov-Dec25,0.65,50,6,ALL,0.0,0.7,221,3781,0.5081,8.88,33557.0,0.3388,0.1692,2.68,7407.0,4.23,-3949.8,23088.2,10,0.4,0.146,0.383,0.0585,168
Nov-Dec25,0.65,50,6,ALL,0.3,0.8,221,4533,0.6598,6.54,29649.0,0.3388,0.321,13.92,19.3,1535.39,-19.3,5653.7,10,0.9,0.106,0.197,0.0243,175
Nov-Dec25,0.65,50,6,NO,0.0,1.0,221,4903,0.7014,9.24,45282.0,0.4202,0.2812,4.08,1986.2,13.72,-1902.4,25013.6,10,0.7,0.162,0.415,0.0675,177
Nov-Dec25,0.65,50,6,NO,0.0,0.5,221,905,0.3448,31.77,28756.0,0.4202,-0.0754,3.11,4891.2,5.77,-3143.5,19223.3,10,0.6,0.211,0.548,0.117,102
Nov-Dec25,0.65,50,6,NO,0.0,0.7,221,2247,0.5162,14.54,32662.0,0.4202,0.0961,3.01,5208.0,5.57,-2645.7,23683.2,10,0.6,0.184,0.475,0.0892,137
Nov-Dec25,0.65,50,6,NO,0.3,0.8,221,2806,0.6557,4.99,13992.0,0.4202,0.2356,5.11,1578.3,9.86,-1110.4,5658.3,10,0.8,0.111,0.202,0.0253,151
Nov-Dec25,0.65,50,6,YES,0.0,1.0,221,2960,0.676,3.46,10241.0,0.281,0.395,1.66,6898.1,2.2,-6699.3,10984.7,10,0.5,0.095,0.191,0.0227,166
Nov-Dec25,0.65,50,6,YES,0.0,0.5,221,638,0.2915,-7.75,-4944.0,0.281,0.0105,-1.26,10633.5,0.63,-4146.9,5253.5,10,0.4,0.116,0.189,0.0273,125
Nov-Dec25,0.65,50,6,YES,0.0,0.7,221,1534,0.4961,0.58,895.0,0.281,0.215,0.17,8578.8,1.07,-5127.8,9228.5,10,0.4,0.101,0.185,0.0235,149
Nov-Dec25,0.65,50,6,YES,0.3,0.8,221,1727,0.6665,9.07,15657.0,0.281,0.3854,6.61,1733.4,10.03,-1733.4,4914.6,10,0.9,0.074,0.183,0.0212,150
Nov-Dec25,0.65,50,9,ALL,0.0,1.0,101,2849,0.7174,17.21,49018.0,0.3388,0.3786,5.04,215.9,228.08,-215.9,20803.1,10,0.9,0.208,0.545,0.1057,92
Nov-Dec25,0.65,50,9,ALL,0.0,0.5,101,619,0.378,58.6,36274.0,0.3388,0.0392,3.91,1219.4,26.92,-1219.4,18478.1,10,0.8,0.24,0.631,0.1394,69
Nov-Dec25,0.65,50,9,ALL,0.0,0.7,101,1208,0.5149,33.96,41020.0,0.3388,0.1761,4.13,929.0,30.41,-929.0,19971.5,10,0.8,0.219,0.573,0.1163,85
Nov-Dec25,0.65,50,9,ALL,0.3,0.8,101,1441,0.6815,11.65,16791.0,0.3388,0.3426,18.86,0.0,inf,602.1,2600.1,10,1.0,0.209,0.288,0.0579,88
Nov-Dec25,0.65,50,9,NO,0.0,1.0,101,1449,0.7467,28.0,40567.0,0.4202,0.3265,4.73,899.5,46.1,-899.5,19903.8,10,0.9,0.241,0.619,0.1341,88
Nov-Dec25,0.65,50,9,NO,0.0,0.5,101,263,0.5057,143.5,37742.0,0.4202,0.0855,4.64,0.0,inf,294.9,19119.2,10,1.0,0.293,0.761,0.2002,53
Nov-Dec25,0.65,50,9,NO,0.0,0.7,101,536,0.5634,70.58,37833.0,0.4202,0.1433,4.45,0.0,inf,325.7,19472.3,10,1.0,0.262,0.676,0.1586,73
Nov-Dec25,0.65,50,9,NO,0.3,0.8,101,714,0.6779,10.26,7324.0,0.4202,0.2577,4.89,953.5,7.46,-555.1,2766.4,10,0.7,0.213,0.279,0.0581,79
Nov-Dec25,0.65,50,9,YES,0.0,1.0,101,1400,0.6871,6.04,8451.0,0.281,0.4061,2.71,2577.9,2.91,-2577.9,5949.3,10,0.7,0.164,0.281,0.0481,83
Nov-Dec25,0.65,50,9,YES,0.0,0.5,101,356,0.2837,-4.12,-1468.0,0.281,0.0027,-0.51,4808.0,0.81,-2387.1,5151.5,10,0.4,0.186,0.302,0.0595,61
Nov-Dec25,0.65,50,9,YES,0.0,0.7,101,672,0.4762,4.74,3187.0,0.281,0.1952,1.07,3179.6,1.58,-2647.7,5409.0,10,0.6,0.169,0.287,0.0514,77
Nov-Dec25,0.65,50,9,YES,0.3,0.8,101,727,0.685,13.02,9467.0,0.281,0.404,9.71,14.4,53.39,-166.3,1834.1,10,0.8,0.124,0.252,0.0385,78
Nov-Dec25,0.7,10,3,ALL,0.0,1.0,835,7808,0.6911,4.19,32685.0,0.3388,0.3522,3.44,9623.5,3.14,-8904.6,12169.4,10,0.7,0.092,0.148,0.0194,469
Nov-Dec25,0.7,10,3,ALL,0.0,0.5,835,1975,0.278,-10.6,-20944.0,0.3388,-0.0609,-2.62,26644.7,0.27,-13984.2,5701.1,10,0.5,0.114,0.183,0.036,287
Nov-Dec25,0.7,10,3,ALL,0.0,0.7,835,3627,0.4671,0.29,1051.0,0.3388,0.1282,0.12,17617.1,1.05,-14280.5,7617.8,10,0.6,0.107,0.172,0.0263,370
Nov-Dec25,0.7,10,3,ALL,0.3,0.8,835,4099,0.6589,7.08,29021.0,0.3388,0.3201,5.07,2514.5,12.29,-2426.9,11409.5,10,0.8,0.066,0.121,0.0135,388
Nov-Dec25,0.7,10,3,NO,0.0,1.0,835,3842,0.7293,8.99,34528.0,0.4202,0.3091,4.65,3095.5,6.34,-3095.5,14328.2,10,0.7,0.139,0.235,0.0309,385
Nov-Dec25,0.7,10,3,NO,0.0,0.5,835,814,0.3366,11.29,9190.0,0.4202,-0.0836,1.66,6799.3,1.92,-6799.3,8222.6,10,0.7,0.18,0.303,0.0555,187
Nov-Dec25,0.7,10,3,NO,0.0,0.7,835,1597,0.5078,11.4,18202.0,0.4202,0.0876,3.12,5765.8,3.24,-5765.8,9602.8,10,0.6,0.167,0.282,0.0437,263
Nov-Dec25,0.7,10,3,NO,0.3,0.8,835,1967,0.665,7.97,15668.0,0.4202,0.2448,4.72,981.5,8.64,-981.5,5846.3,10,0.6,0.084,0.136,0.0151,290
Nov-Dec25,0.7,10,3,YES,0.0,1.0,835,3966,0.6541,-0.46,-1843.0,0.281,0.373,-0.41,8404.0,0.86,-5927.4,5710.9,10,0.5,0.029,0.078,0.0126,397
Nov-Dec25,0.7,10,3,YES,0.0,0.5,835,1161,0.2369,-25.95,-30133.0,0.281,-0.0442,-9.08,27611.9,0.0,-7394.8,-274.2,10,0.0,0.035,0.08,0.0226,242
Nov-Dec25,0.7,10,3,YES,0.0,0.7,835,2030,0.435,-8.45,-17151.0,0.281,0.1539,-3.88,15166.2,0.18,-8514.6,2476.1,10,0.2,0.031,0.078,0.0166,307
Nov-Dec25,0.7,10,3,YES,0.3,0.8,835,2132,0.6534,6.26,13353.0,0.281,0.3723,4.1,2003.3,5.88,-1445.4,6912.5,10,0.7,0.041,0.095,0.0113,314
Nov-Dec25,0.7,10,6,ALL,0.0,1.0,153,2724,0.7511,12.39,33761.0,0.3388,0.4123,8.64,0.0,inf,32.6,8598.4,10,1.0,0.262,0.359,0.0822,123
Nov-Dec25,0.7,10,6,ALL,0.0,0.5,153,559,0.4043,25.86,14454.0,0.3388,0.0655,3.89,2441.9,4.39,-1858.8,6803.7,10,0.7,0.384,0.453,0.1567,85
Nov-Dec25,0.7,10,6,ALL,0.0,0.7,153,1077,0.5497,20.67,22264.0,0.3388,0.2108,5.68,1246.4,9.95,-1246.4,8157.7,10,0.8,0.32,0.404,0.1138,103
Nov-Dec25,0.7,10,6,ALL,0.3,0.8,153,1339,0.7274,18.17,24336.0,0.3388,0.3886,16.12,0.0,inf,745.5,4041.6,10,1.0,0.176,0.306,0.0514,110
Nov-Dec25,0.7,10,6,NO,0.0,1.0,153,1398,0.7825,17.09,23885.0,0.4202,0.3624,7.95,0.0,inf,359.8,7455.7,10,1.0,0.377,0.461,0.1512,110
Nov-Dec25,0.7,10,6,NO,0.0,0.5,153,243,0.5226,65.45,15903.0,0.4202,0.1025,5.49,400.5,29.24,-400.5,6850.1,10,0.8,0.541,0.605,0.2988,60
Nov-Dec25,0.7,10,6,NO,0.0,0.7,153,483,0.6025,37.99,18348.0,0.4202,0.1823,6.04,104.0,177.34,-104.0,7597.8,10,0.9,0.469,0.536,0.2271,81
Nov-Dec25,0.7,10,6,NO,0.3,0.8,153,668,0.7305,18.33,12246.0,0.4202,0.3104,13.02,0.0,inf,300.7,2601.7,10,1.0,0.211,0.305,0.0589,92
Nov-Dec25,0.7,10,6,YES,0.0,1.0,153,1326,0.7179,7.45,9876.0,0.281,0.4369,4.56,1239.1,7.31,-758.3,4482.6,10,0.7,0.096,0.213,0.0307,108
Nov-Dec25,0.7,10,6,YES,0.0,0.5,153,316,0.3133,-4.59,-1449.0,0.281,0.0323,-0.77,2944.0,0.75,-2010.5,2578.8,10,0.5,0.093,0.19,0.0304,76
Nov-Dec25,0.7,10,6,YES,0.0,0.7,153,594,0.5067,6.59,3917.0,0.281,0.2257,1.81,2192.7,2.0,-1665.0,3769.6,10,0.6,0.081,0.211,0.0308,94
Nov-Dec25,0.7,10,6,YES,0.3,0.8,153,671,0.7243,18.02,12091.0,0.281,0.4433,10.02,0.0,inf,402.5,2694.0,10,1.0,0.119,0.268,0.0399,94
Nov-Dec25,0.7,10,9,ALL,0.0,1.0,68,1646,0.7497,14.46,23807.0,0.3388,0.4109,6.99,0.0,inf,455.5,8714.9,10,1.0,0.397,0.491,0.1716,62
Nov-Dec25,0.7,10,9,ALL,0.0,0.5,68,325,0.4646,49.53,16096.0,0.3388,0.1258,5.26,383.1,26.21,-383.1,7112.9,10,0.8,0.542,0.629,0.3037,45
Nov-Dec25,0.7,10,9,ALL,0.0,0.7,68,641,0.5616,28.83,18479.0,0.3388,0.2228,5.29,238.0,68.96,-238.0,8522.3,10,0.8,0.451,0.545,0.2157,55
Nov-Dec25,0.7,10,9,ALL,0.3,0.8,68,820,0.711,15.65,12830.0,0.3388,0.3721,11.69,0.0,inf,178.0,2411.9,10,1.0,0.293,0.404,0.1049,58
Nov-Dec25,0.7,10,9,NO,0.0,1.0,68,882,0.7823,22.02,19421.0,0.4202,0.3621,7.06,0.0,inf,523.4,7123.0,10,1.0,0.524,0.584,0.2823,58
Nov-Dec25,0.7,10,9,NO,0.0,0.5,68,159,0.6038,101.72,16174.0,0.4202,0.1836,6.11,0.0,inf,19.6,6524.6,10,1.0,0.686,0.748,0.476,34
Nov-Dec25,0.7,10,9,NO,0.0,0.7,68,310,0.6226,53.72,16652.0,0.4202,0.2024,5.59,0.0,inf,269.6,7511.5,10,1.0,0.603,0.655,0.3688,47
Nov-Dec25,0.7,10,9,NO,0.3,0.8,68,431,0.7239,17.95,7736.0,0.4202,0.3037,10.59,0.0,inf,27.7,1811.2,10,1.0,0.329,0.424,0.1235,51
Nov-Dec25,0.7,10,9,YES,0.0,1.0,68,764,0.712,5.74,4386.0,0.281,0.431,3.96,867.0,5.01,-867.0,1591.9,10,0.7,0.121,0.278,0.0469,57
Nov-Dec25,0.7,10,9,YES,0.0,0.5,68,166,0.3313,-0.47,-78.0,0.281,0.0503,-0.09,1347.0,0.97,-1148.0,1097.0,10,0.4,0.166,0.313,0.0622,39
Nov-Dec25,0.7,10,9,YES,0.0,0.7,68,331,0.5045,5.52,1826.0,0.281,0.2235,1.73,1122.4,1.87,-1018.8,1262.4,10,0.5,0.141,0.297,0.0548,51
Nov-Dec25,0.7,10,9,YES,0.3,0.8,68,389,0.6967,13.1,5095.0,0.281,0.4156,6.74,351.5,15.49,-351.5,1482.1,10,0.9,0.182,0.304,0.0582,52
Nov-Dec25,0.7,30,3,ALL,0.0,1.0,397,6442,0.6993,5.07,32648.0,0.3388,0.3605,3.8,9428.0,3.85,-7126.4,12218.3,10,0.7,0.113,0.183,0.0284,278
Nov-Dec25,0.7,30,3,ALL,0.0,0.5,397,1607,0.28,-10.88,-17483.0,0.3388,-0.0588,-2.3,24844.2,0.39,-12337.6,6953.1,10,0.4,0.138,0.221,0.051,189
Nov-Dec25,0.7,30,3,ALL,0.0,0.7,397,2985,0.4787,1.61,4820.0,0.3388,0.1399,0.62,16161.1,1.27,-11244.1,8545.2,10,0.5,0.132,0.212,0.0387,226
Nov-Dec25,0.7,30,3,ALL,0.3,0.8,397,3388,0.6688,8.75,29642.0,0.3388,0.33,5.58,2171.6,14.65,-1578.0,11437.9,10,0.8,0.081,0.149,0.0195,240
Nov-Dec25,0.7,30,3,NO,0.0,1.0,397,3186,0.732,10.37,33031.0,0.4202,0.3118,5.22,2970.5,7.67,-2970.5,12813.5,10,0.8,0.165,0.279,0.0426,241
Nov-Dec25,0.7,30,3,NO,0.0,0.5,397,676,0.3388,15.62,10558.0,0.4202,-0.0814,2.0,6232.8,2.22,-6232.8,8474.7,10,0.6,0.207,0.349,0.0721,133
Nov-Dec25,0.7,30,3,NO,0.0,0.7,397,1334,0.5157,14.48,19320.0,0.4202,0.0956,3.71,4978.8,4.23,-4978.8,9340.7,10,0.7,0.197,0.332,0.0592,178
Nov-Dec25,0.7,30,3,NO,0.3,0.8,397,1633,0.673,9.19,15003.0,0.4202,0.2528,5.83,643.8,19.15,-643.8,4627.1,10,0.8,0.105,0.169,0.022,191
Nov-Dec25,0.7,30,3,YES,0.0,1.0,397,3256,0.6674,-0.12,-383.0,0.281,0.3863,-0.09,9302.4,0.97,-4155.9,5591.8,10,0.3,0.039,0.089,0.0191,245
Nov-Dec25,0.7,30,3,YES,0.0,0.5,397,931,0.2374,-30.12,-28041.0,0.281,-0.0437,-8.27,26519.0,0.03,-6594.9,946.4,10,0.1,0.031,0.063,0.0329,167
Nov-Dec25,0.7,30,3,YES,0.0,0.7,397,1651,0.4488,-8.78,-14500.0,0.281,0.1678,-3.67,14714.9,0.26,-6265.4,2613.2,10,0.2,0.031,0.081,0.0252,202
Nov-Dec25,0.7,30,3,YES,0.3,0.8,397,1755,0.665,8.34,14639.0,0.281,0.3839,4.56,2254.1,7.49,-1320.0,6810.8,10,0.8,0.052,0.12,0.0167,206
Nov-Dec25,0.7,30,6,ALL,0.0,1.0,149,2719,0.751,12.29,33425.0,0.3388,0.4122,8.71,0.0,inf,32.6,8598.4,10,1.0,0.263,0.361,0.0831,122
Nov-Dec25,0.7,30,6,ALL,0.0,0.5,149,558,0.4032,25.44,14197.0,0.3388,0.0644,3.86,2441.9,4.33,-1858.8,6803.7,10,0.7,0.386,0.456,0.1587,84
Nov-Dec25,0.7,30,6,ALL,0.0,0.7,149,1073,0.5489,20.46,21955.0,0.3388,0.2101,5.67,1246.4,9.82,-1246.4,8157.7,10,0.8,0.322,0.406,0.1151,102
Nov-Dec25,0.7,30,6,ALL,0.3,0.8,149,1335,0.7273,18.17,24257.0,0.3388,0.3885,16.09,0.0,inf,745.5,4141.6,10,1.0,0.177,0.307,0.0516,109
Nov-Dec25,0.7,30,6,NO,0.0,1.0,149,1397,0.7824,17.08,23858.0,0.4202,0.3622,7.94,0.0,inf,359.8,7455.7,10,1.0,0.377,0.461,0.1514,109
Nov-Dec25,0.7,30,6,NO,0.0,0.5,149,243,0.5226,65.45,15903.0,0.4202,0.1025,5.49,400.5,29.24,-400.5,6850.1,10,0.8,0.541,0.605,0.2988,60
Nov-Dec25,0.7,30,6,NO,0.0,0.7,149,483,0.6025,37.99,18348.0,0.4202,0.1823,6.04,104.0,177.34,-104.0,7597.8,10,0.9,0.469,0.536,0.2271,81
Nov-Dec25,0.7,30,6,NO,0.3,0.8,149,667,0.7301,18.32,12218.0,0.4202,0.31,12.99,0.0,inf,300.7,2601.7,10,1.0,0.211,0.305,0.059,91
Nov-Dec25,0.7,30,6,YES,0.0,1.0,149,1322,0.7179,7.24,9567.0,0.281,0.4368,4.72,1239.1,7.11,-758.3,4073.7,10,0.7,0.097,0.216,0.0313,107
Nov-Dec25,0.7,30,6,YES,0.0,0.5,149,315,0.3111,-5.42,-1706.0,0.281,0.0301,-0.95,2944.0,0.71,-2010.5,2321.6,10,0.5,0.094,0.193,0.031,75
Nov-Dec25,0.7,30,6,YES,0.0,0.7,149,590,0.5051,6.11,3608.0,0.281,0.224,1.77,2192.7,1.92,-1665.0,3360.7,10,0.6,0.082,0.214,0.0314,93
Nov-Dec25,0.7,30,6,YES,0.3,0.8,149,668,0.7246,18.02,12039.0,0.281,0.4435,10.1,0.0,inf,402.5,2694.0,10,1.0,0.119,0.269,0.0401,93
Nov-Dec25,0.7,30,9,ALL,0.0,1.0,68,1646,0.7497,14.46,23807.0,0.3388,0.4109,6.99,0.0,inf,455.5,8714.9,10,1.0,0.397,0.491,0.1716,62
Nov-Dec25,0.7,30,9,ALL,0.0,0.5,68,325,0.4646,49.53,16096.0,0.3388,0.1258,5.26,383.1,26.21,-383.1,7112.9,10,0.8,0.542,0.629,0.3037,45
Nov-Dec25,0.7,30,9,ALL,0.0,0.7,68,641,0.5616,28.83,18479.0,0.3388,0.2228,5.29,238.0,68.96,-238.0,8522.3,10,0.8,0.451,0.545,0.2157,55
Nov-Dec25,0.7,30,9,ALL,0.3,0.8,68,820,0.711,15.65,12830.0,0.3388,0.3721,11.69,0.0,inf,178.0,2411.9,10,1.0,0.293,0.404,0.1049,58
Nov-Dec25,0.7,30,9,NO,0.0,1.0,68,882,0.7823,22.02,19421.0,0.4202,0.3621,7.06,0.0,inf,523.4,7123.0,10,1.0,0.524,0.584,0.2823,58
Nov-Dec25,0.7,30,9,NO,0.0,0.5,68,159,0.6038,101.72,16174.0,0.4202,0.1836,6.11,0.0,inf,19.6,6524.6,10,1.0,0.686,0.748,0.476,34
Nov-Dec25,0.7,30,9,NO,0.0,0.7,68,310,0.6226,53.72,16652.0,0.4202,0.2024,5.59,0.0,inf,269.6,7511.5,10,1.0,0.603,0.655,0.3688,47
Nov-Dec25,0.7,30,9,NO,0.3,0.8,68,431,0.7239,17.95,7736.0,0.4202,0.3037,10.59,0.0,inf,27.7,1811.2,10,1.0,0.329,0.424,0.1235,51
Nov-Dec25,0.7,30,9,YES,0.0,1.0,68,764,0.712,5.74,4386.0,0.281,0.431,3.96,867.0,5.01,-867.0,1591.9,10,0.7,0.121,0.278,0.0469,57
Nov-Dec25,0.7,30,9,YES,0.0,0.5,68,166,0.3313,-0.47,-78.0,0.281,0.0503,-0.09,1347.0,0.97,-1148.0,1097.0,10,0.4,0.166,0.313,0.0622,39
Nov-Dec25,0.7,30,9,YES,0.0,0.7,68,331,0.5045,5.52,1826.0,0.281,0.2235,1.73,1122.4,1.87,-1018.8,1262.4,10,0.5,0.141,0.297,0.0548,51
Nov-Dec25,0.7,30,9,YES,0.3,0.8,68,389,0.6967,13.1,5095.0,0.281,0.4156,6.74,351.5,15.49,-351.5,1482.1,10,0.9,0.182,0.304,0.0582,52
Nov-Dec25,0.7,50,3,ALL,0.0,1.0,235,5331,0.7019,5.26,28046.0,0.3388,0.3631,3.43,9959.5,3.48,-6221.5,11518.9,10,0.8,0.135,0.218,0.0389,176
Nov-Dec25,0.7,50,3,ALL,0.0,0.5,235,1331,0.281,-11.55,-15374.0,0.3388,-0.0578,-2.06,23500.0,0.45,-10798.9,7355.1,10,0.3,0.164,0.263,0.0706,127
Nov-Dec25,0.7,50,3,ALL,0.0,0.7,235,2474,0.4798,1.31,3251.0,0.3388,0.1409,0.44,15665.2,1.18,-9480.8,8205.8,10,0.4,0.157,0.253,0.0535,150
Nov-Dec25,0.7,50,3,ALL,0.3,0.8,235,2859,0.6649,8.01,22908.0,0.3388,0.3261,4.58,3453.0,7.63,-1686.8,10663.5,10,0.7,0.098,0.179,0.027,157
Nov-Dec25,0.7,50,3,NO,0.0,1.0,235,2659,0.7262,10.68,28409.0,0.4202,0.306,4.95,2763.7,7.78,-2763.7,12072.5,10,0.8,0.194,0.327,0.0564,159
Nov-Dec25,0.7,50,3,NO,0.0,0.5,235,602,0.3439,14.48,8720.0,0.4202,-0.0763,1.73,5532.8,2.09,-5532.8,8674.7,10,0.7,0.237,0.399,0.0911,97
Nov-Dec25,0.7,50,3,NO,0.0,0.7,235,1167,0.5176,14.4,16809.0,0.4202,0.0974,3.44,4278.8,4.31,-4278.8,9253.3,10,0.7,0.227,0.383,0.0759,125
Nov-Dec25,0.7,50,3,NO,0.3,0.8,235,1407,0.6716,9.55,13443.0,0.4202,0.2515,6.64,567.3,24.7,-567.3,4305.5,10,0.9,0.122,0.197,0.0289,135
Nov-Dec25,0.7,50,3,YES,0.0,1.0,235,2672,0.6778,-0.14,-363.0,0.281,0.3967,-0.09,9640.7,0.97,-3660.8,5304.4,10,0.3,0.049,0.114,0.0289,159
Nov-Dec25,0.7,50,3,YES,0.0,0.5,235,729,0.2291,-33.05,-24094.0,0.281,-0.052,-6.66,22774.0,0.07,-7254.2,1679.1,10,0.1,0.039,0.08,0.051,112
Nov-Dec25,0.7,50,3,YES,0.0,0.7,235,1307,0.4461,-10.37,-13558.0,0.281,0.165,-3.4,14597.6,0.29,-5308.6,3252.4,10,0.2,0.04,0.105,0.0397,137
Nov-Dec25,0.7,50,3,YES,0.3,0.8,235,1452,0.6584,6.52,9465.0,0.281,0.3774,2.95,3319.2,3.52,-1394.6,6358.0,10,0.6,0.065,0.149,0.024,138
Nov-Dec25,0.7,50,6,ALL,0.0,1.0,127,2516,0.7579,13.27,33387.0,0.3388,0.4191,9.12,0.0,inf,196.2,8515.9,10,1.0,0.279,0.382,0.0925,106
Nov-Dec25,0.7,50,6,ALL,0.0,0.5,127,504,0.4206,31.42,15834.0,0.3388,0.0818,4.33,2144.9,5.22,-1661.8,6937.0,10,0.7,0.41,0.484,0.1781,75
Nov-Dec25,0.7,50,6,ALL,0.0,0.7,127,965,0.5575,23.68,22852.0,0.3388,0.2187,6.02,1049.5,12.33,-1049.5,8151.2,10,0.8,0.341,0.43,0.1286,90
Nov-Dec25,0.7,50,6,ALL,0.3,0.8,127,1215,0.7267,18.51,22486.0,0.3388,0.3879,15.46,0.0,inf,444.6,3913.9,10,1.0,0.188,0.328,0.0577,97
Nov-Dec25,0.7,50,6,NO,0.0,1.0,127,1301,0.7855,17.81,23170.0,0.4202,0.3654,8.38,0.0,inf,447.2,6871.4,10,1.0,0.393,0.481,0.1644,98
Nov-Dec25,0.7,50,6,NO,0.0,0.5,127,229,0.5371,69.5,15916.0,0.4202,0.1169,5.95,300.5,44.46,-300.5,6383.5,10,0.8,0.558,0.624,0.3176,54
Nov-Dec25,0.7,50,6,NO,0.0,0.7,127,443,0.605,40.6,17987.0,0.4202,0.1848,6.41,4.0,4442.76,-4.0,7113.2,10,0.9,0.484,0.554,0.2418,73
Nov-Dec25,0.7,50,6,NO,0.3,0.8,127,611,0.7283,18.84,11514.0,0.4202,0.3081,11.77,0.0,inf,97.6,2555.2,10,1.0,0.222,0.321,0.0649,83
Nov-Dec25,0.7,50,6,YES,0.0,1.0,127,1215,0.7284,8.41,10217.0,0.281,0.4474,4.69,1345.6,7.54,-798.4,4245.9,10,0.7,0.106,0.236,0.0355,95
Nov-Dec25,0.7,50,6,YES,0.0,0.5,127,275,0.3236,-0.3,-82.0,0.281,0.0426,-0.05,2844.0,0.98,-1888.5,2417.5,10,0.5,0.107,0.218,0.035,67
Nov-Dec25,0.7,50,6,YES,0.0,0.7,127,522,0.5172,9.32,4865.0,0.281,0.2362,2.29,2159.1,2.33,-1491.0,3556.6,10,0.6,0.092,0.24,0.0356,83
Nov-Dec25,0.7,50,6,YES,0.3,0.8,127,604,0.7252,18.17,10972.0,0.281,0.4441,8.9,0.0,inf,225.8,2528.0,10,1.0,0.129,0.291,0.0452,83
Nov-Dec25,0.7,50,9,ALL,0.0,1.0,68,1646,0.7497,14.46,23807.0,0.3388,0.4109,6.99,0.0,inf,455.5,8714.9,10,1.0,0.397,0.491,0.1716,62
Nov-Dec25,0.7,50,9,ALL,0.0,0.5,68,325,0.4646,49.53,16096.0,0.3388,0.1258,5.26,383.1,26.21,-383.1,7112.9,10,0.8,0.542,0.629,0.3037,45
Nov-Dec25,0.7,50,9,ALL,0.0,0.7,68,641,0.5616,28.83,18479.0,0.3388,0.2228,5.29,238.0,68.96,-238.0,8522.3,10,0.8,0.451,0.545,0.2157,55
Nov-Dec25,0.7,50,9,ALL,0.3,0.8,68,820,0.711,15.65,12830.0,0.3388,0.3721,11.69,0.0,inf,178.0,2411.9,10,1.0,0.293,0.404,0.1049,58
Nov-Dec25,0.7,50,9,NO,0.0,1.0,68,882,0.7823,22.02,19421.0,0.4202,0.3621,7.06,0.0,inf,523.4,7123.0,10,1.0,0.524,0.584,0.2823,58
Nov-Dec25,0.7,50,9,NO,0.0,0.5,68,159,0.6038,101.72,16174.0,0.4202,0.1836,6.11,0.0,inf,19.6,6524.6,10,1.0,0.686,0.748,0.476,34
Nov-Dec25,0.7,50,9,NO,0.0,0.7,68,310,0.6226,53.72,16652.0,0.4202,0.2024,5.59,0.0,inf,269.6,7511.5,10,1.0,0.603,0.655,0.3688,47
Nov-Dec25,0.7,50,9,NO,0.3,0.8,68,431,0.7239,17.95,7736.0,0.4202,0.3037,10.59,0.0,inf,27.7,1811.2,10,1.0,0.329,0.424,0.1235,51
Nov-Dec25,0.7,50,9,YES,0.0,1.0,68,764,0.712,5.74,4386.0,0.281,0.431,3.96,867.0,5.01,-867.0,1591.9,10,0.7,0.121,0.278,0.0469,57
Nov-Dec25,0.7,50,9,YES,0.0,0.5,68,166,0.3313,-0.47,-78.0,0.281,0.0503,-0.09,1347.0,0.97,-1148.0,1097.0,10,0.4,0.166,0.313,0.0622,39
Nov-Dec25,0.7,50,9,YES,0.0,0.7,68,331,0.5045,5.52,1826.0,0.281,0.2235,1.73,1122.4,1.87,-1018.8,1262.4,10,0.5,0.141,0.297,0.0548,51
Nov-Dec25,0.7,50,9,YES,0.3,0.8,68,389,0.6967,13.1,5095.0,0.281,0.4156,6.74,351.5,15.49,-351.5,1482.1,10,0.9,0.182,0.304,0.0582,52
Nov-Dec25,0.75,10,3,ALL,0.0,1.0,515,5088,0.7241,7.44,37847.0,0.3388,0.3852,6.15,3696.5,7.78,-3696.5,11653.3,10,0.8,0.137,0.213,0.0358,296
Nov-Dec25,0.75,10,3,ALL,0.0,0.5,515,1254,0.3038,-6.75,-8467.0,0.3388,-0.035,-1.77,13307.9,0.42,-8463.1,2596.4,10,0.7,0.168,0.251,0.0627,172
Nov-Dec25,0.75,10,3,ALL,0.0,0.7,515,2215,0.4853,4.03,8927.0,0.3388,0.1465,1.6,8756.3,1.79,-7882.8,6547.1,10,0.8,0.163,0.246,0.0501,227
Nov-Dec25,0.75,10,3,ALL,0.3,0.8,515,2557,0.6864,11.68,29859.0,0.3388,0.3475,6.43,185.9,161.61,-185.9,9955.5,10,0.9,0.097,0.177,0.0247,245
Nov-Dec25,0.75,10,3,NO,0.0,1.0,515,2541,0.7631,14.28,36282.0,0.4202,0.3429,7.79,1052.7,25.48,-1052.7,7837.3,10,0.8,0.193,0.303,0.0528,250
Nov-Dec25,0.75,10,3,NO,0.0,0.5,515,539,0.3803,23.69,12769.0,0.4202,-0.0398,3.56,3941.0,3.57,-3941.0,4940.1,10,0.7,0.254,0.397,0.0944,119
Nov-Dec25,0.75,10,3,NO,0.0,0.7,515,1010,0.5366,20.41,20618.0,0.4202,0.1165,5.29,3109.7,7.58,-3109.7,5939.5,10,0.8,0.237,0.37,0.0768,168
Nov-Dec25,0.75,10,3,NO,0.3,0.8,515,1248,0.7019,14.66,18298.0,0.4202,0.2817,7.0,0.0,inf,245.4,5493.6,10,1.0,0.116,0.188,0.0257,187
Nov-Dec25,0.75,10,3,YES,0.0,1.0,515,2547,0.6851,0.61,1564.0,0.281,0.4041,0.43,6481.5,1.17,-2643.8,5447.8,10,0.6,0.049,0.117,0.0234,250
Nov-Dec25,0.75,10,3,YES,0.0,0.5,515,715,0.2462,-29.7,-21236.0,0.281,-0.0349,-8.35,18865.5,0.02,-4738.8,335.5,10,0.1,0.04,0.097,0.0439,142
Nov-Dec25,0.75,10,3,YES,0.0,0.7,515,1205,0.4423,-9.7,-11691.0,0.281,0.1613,-3.52,11606.6,0.28,-4773.1,2872.4,10,0.3,0.041,0.113,0.0322,182
Nov-Dec25,0.75,10,3,YES,0.3,0.8,515,1309,0.6715,8.83,11561.0,0.281,0.3905,4.24,1271.2,5.38,-1368.7,5328.9,10,0.7,0.065,0.149,0.0219,195
Nov-Dec25,0.75,10,6,ALL,0.0,1.0,92,1729,0.7895,18.29,31632.0,0.3388,0.4506,10.72,0.0,inf,339.7,7694.9,10,1.0,0.374,0.512,0.1589,72
Nov-Dec25,0.75,10,6,ALL,0.0,0.5,92,365,0.474,42.33,15451.0,0.3388,0.1351,4.71,1737.7,6.64,-1737.7,6744.0,10,0.8,0.522,0.602,0.2836,49
Nov-Dec25,0.75,10,6,ALL,0.0,0.7,92,648,0.5895,32.77,21236.0,0.3388,0.2507,6.55,851.2,17.72,-851.2,7326.5,10,0.8,0.45,0.56,0.2167,59
Nov-Dec25,0.75,10,6,ALL,0.3,0.8,92,798,0.7682,27.29,21774.0,0.3388,0.4293,14.91,0.0,inf,1001.2,4008.4,10,1.0,0.246,0.427,0.0924,65
Nov-Dec25,0.75,10,6,NO,0.0,1.0,92,899,0.8209,26.16,23521.0,0.4202,0.4007,9.15,0.0,inf,726.5,7231.2,10,1.0,0.487,0.595,0.2488,65
Nov-Dec25,0.75,10,6,NO,0.0,0.5,92,178,0.5955,86.64,15422.0,0.4202,0.1753,5.65,0.0,inf,94.4,6555.3,10,1.0,0.665,0.736,0.4484,37
Nov-Dec25,0.75,10,6,NO,0.0,0.7,92,313,0.6581,57.89,18119.0,0.4202,0.238,6.61,0.0,inf,428.9,7046.7,10,1.0,0.59,0.669,0.3553,49
Nov-Dec25,0.75,10,6,NO,0.3,0.8,92,409,0.7848,30.74,12574.0,0.4202,0.3647,16.74,0.0,inf,620.5,2392.2,10,1.0,0.278,0.403,0.0972,54
Nov-Dec25,0.75,10,6,YES,0.0,1.0,92,830,0.7554,9.77,8110.0,0.281,0.4744,4.15,992.3,6.42,-594.1,3959.9,10,0.6,0.16,0.354,0.063,63
Nov-Dec25,0.75,10,6,YES,0.0,0.5,92,187,0.3583,0.15,28.0,0.281,0.0772,0.02,2068.2,1.01,-1832.1,1862.3,10,0.6,0.162,0.298,0.0601,43
Nov-Dec25,0.75,10,6,YES,0.0,0.7,92,335,0.5254,9.31,3118.0,0.281,0.2443,1.73,1746.5,1.93,-1340.5,3046.8,10,0.6,0.136,0.336,0.0604,53
Nov-Dec25,0.75,10,6,YES,0.3,0.8,92,389,0.7506,23.65,9200.0,0.281,0.4696,7.79,0.0,74.18,-125.7,2492.8,10,0.9,0.178,0.402,0.0775,55
Nov-Dec25,0.75,10,9,ALL,0.0,1.0,42,993,0.7855,21.85,21697.0,0.3388,0.4467,6.72,0.0,inf,231.1,8357.3,10,1.0,0.572,0.684,0.3393,37
Nov-Dec25,0.75,10,9,ALL,0.0,0.5,42,223,0.5336,65.83,14679.0,0.3388,0.1948,4.8,439.0,34.43,-380.9,7329.0,10,0.8,0.683,0.757,0.4741,28
Nov-Dec25,0.75,10,9,ALL,0.0,0.7,42,379,0.5963,43.53,16499.0,0.3388,0.2575,4.94,214.0,78.08,-214.0,8077.6,10,0.9,0.609,0.704,0.381,32
Nov-Dec25,0.75,10,9,ALL,0.3,0.8,42,461,0.757,26.65,12284.0,0.3388,0.4182,10.77,0.0,inf,329.1,2683.3,10,1.0,0.419,0.577,0.1988,34
Nov-Dec25,0.75,10,9,NO,0.0,1.0,42,536,0.8246,34.34,18405.0,0.4202,0.4044,6.66,17.1,1076.15,-17.1,7182.5,10,0.9,0.658,0.73,0.4397,36
Nov-Dec25,0.75,10,9,NO,0.0,0.5,42,118,0.661,122.99,14513.0,0.4202,0.2408,5.35,300.0,49.38,-300.0,6546.5,10,0.9,0.806,0.855,0.6521,22
Nov-Dec25,0.75,10,9,NO,0.0,0.7,42,192,0.6771,80.58,15472.0,0.4202,0.2569,5.32,489.8,32.59,-489.8,7138.1,10,0.9,0.728,0.784,0.5344,29
Nov-Dec25,0.75,10,9,NO,0.3,0.8,42,244,0.7787,31.21,7616.0,0.4202,0.3585,10.52,225.1,34.83,-225.1,1586.2,10,0.9,0.438,0.539,0.2086,31
Nov-Dec25,0.75,10,9,YES,0.0,1.0,42,457,0.7396,7.2,3292.0,0.281,0.4586,3.64,931.2,3.51,-931.2,1174.9,10,0.6,0.221,0.457,0.0972,34
Nov-Dec25,0.75,10,9,YES,0.0,0.5,42,105,0.3905,1.58,166.0,0.281,0.1094,0.23,1278.5,1.08,-872.2,782.6,10,0.7,0.274,0.427,0.1211,23
Nov-Dec25,0.75,10,9,YES,0.0,0.7,42,187,0.5134,5.5,1028.0,0.281,0.2323,1.17,990.7,1.46,-919.6,939.5,10,0.5,0.234,0.445,0.1054,29
Nov-Dec25,0.75,10,9,YES,0.3,0.8,42,217,0.7327,21.52,4669.0,0.281,0.4517,6.18,152.5,16.2,-152.5,1562.0,10,0.7,0.281,0.47,0.1148,30
Nov-Dec25,0.75,30,3,ALL,0.0,1.0,225,4053,0.7367,8.59,34808.0,0.3388,0.3979,6.43,3163.7,10.22,-3163.7,11233.4,10,0.8,0.168,0.263,0.0533,157
Nov-Dec25,0.75,30,3,ALL,0.0,0.5,225,968,0.3058,-6.95,-6723.0,0.3388,-0.0331,-1.6,11082.0,0.49,-7433.0,2111.4,10,0.6,0.2,0.299,0.0881,105
Nov-Dec25,0.75,30,3,ALL,0.0,0.7,225,1728,0.5017,6.08,10504.0,0.3388,0.1629,2.24,6245.5,2.24,-6245.5,6336.9,10,0.7,0.201,0.303,0.0747,125
Nov-Dec25,0.75,30,3,ALL,0.3,0.8,225,2029,0.7028,14.08,28564.0,0.3388,0.364,6.57,96.2,297.98,-96.2,9991.4,10,0.9,0.12,0.22,0.0369,138
Nov-Dec25,0.75,30,3,NO,0.0,1.0,225,2032,0.7687,16.28,33071.0,0.4202,0.3485,8.36,1109.3,30.81,-1109.3,7006.4,10,0.9,0.232,0.364,0.075,140
Nov-Dec25,0.75,30,3,NO,0.0,0.5,225,433,0.3857,29.56,12799.0,0.4202,-0.0345,3.84,3441.0,4.31,-3441.0,5241.4,10,0.8,0.296,0.462,0.1251,79
Nov-Dec25,0.75,30,3,NO,0.0,0.7,225,804,0.5498,25.43,20445.0,0.4202,0.1296,5.91,2589.2,8.9,-2589.2,6218.4,10,0.9,0.284,0.444,0.108,102
Nov-Dec25,0.75,30,3,NO,0.3,0.8,225,992,0.7198,17.34,17203.0,0.4202,0.2996,8.19,0.0,inf,478.1,4871.3,10,1.0,0.147,0.237,0.039,113
Nov-Dec25,0.75,30,3,YES,0.0,1.0,225,2021,0.7046,0.86,1737.0,0.281,0.4236,0.5,5986.8,1.22,-3129.0,5211.8,10,0.4,0.066,0.153,0.0388,141
Nov-Dec25,0.75,30,3,YES,0.0,0.5,225,535,0.2411,-36.49,-19523.0,0.281,-0.0399,-7.8,17952.1,0.06,-4231.9,1313.2,10,0.1,0.051,0.099,0.0673,91
Nov-Dec25,0.75,30,3,YES,0.0,0.7,225,924,0.46,-10.76,-9941.0,0.281,0.1789,-3.15,10235.5,0.34,-3985.8,2709.5,10,0.2,0.055,0.136,0.0538,110
Nov-Dec25,0.75,30,3,YES,0.3,0.8,225,1037,0.6866,10.96,11361.0,0.281,0.4056,4.22,1934.7,5.61,-1498.6,5120.1,10,0.7,0.085,0.196,0.0345,117
Nov-Dec25,0.75,30,6,ALL,0.0,1.0,90,1729,0.7895,18.29,31632.0,0.3388,0.4506,10.72,0.0,inf,339.7,7694.9,10,1.0,0.374,0.512,0.1589,72
Nov-Dec25,0.75,30,6,ALL,0.0,0.5,90,365,0.474,42.33,15451.0,0.3388,0.1351,4.71,1737.7,6.64,-1737.7,6744.0,10,0.8,0.522,0.602,0.2836,49
Nov-Dec25,0.75,30,6,ALL,0.0,0.7,90,648,0.5895,32.77,21236.0,0.3388,0.2507,6.55,851.2,17.72,-851.2,7326.5,10,0.8,0.45,0.56,0.2167,59
Nov-Dec25,0.75,30,6,ALL,0.3,0.8,90,798,0.7682,27.29,21774.0,0.3388,0.4293,14.91,0.0,inf,1001.2,4008.4,10,1.0,0.246,0.427,0.0924,65
Nov-Dec25,0.75,30,6,NO,0.0,1.0,90,899,0.8209,26.16,23521.0,0.4202,0.4007,9.15,0.0,inf,726.5,7231.2,10,1.0,0.487,0.595,0.2488,65
Nov-Dec25,0.75,30,6,NO,0.0,0.5,90,178,0.5955,86.64,15422.0,0.4202,0.1753,5.65,0.0,inf,94.4,6555.3,10,1.0,0.665,0.736,0.4484,37
Nov-Dec25,0.75,30,6,NO,0.0,0.7,90,313,0.6581,57.89,18119.0,0.4202,0.238,6.61,0.0,inf,428.9,7046.7,10,1.0,0.59,0.669,0.3553,49
Nov-Dec25,0.75,30,6,NO,0.3,0.8,90,409,0.7848,30.74,12574.0,0.4202,0.3647,16.74,0.0,inf,620.5,2392.2,10,1.0,0.278,0.403,0.0972,54
Nov-Dec25,0.75,30,6,YES,0.0,1.0,90,830,0.7554,9.77,8110.0,0.281,0.4744,4.15,992.3,6.42,-594.1,3959.9,10,0.6,0.16,0.354,0.063,63
Nov-Dec25,0.75,30,6,YES,0.0,0.5,90,187,0.3583,0.15,28.0,0.281,0.0772,0.02,2068.2,1.01,-1832.1,1862.3,10,0.6,0.162,0.298,0.0601,43
Nov-Dec25,0.75,30,6,YES,0.0,0.7,90,335,0.5254,9.31,3118.0,0.281,0.2443,1.73,1746.5,1.93,-1340.5,3046.8,10,0.6,0.136,0.336,0.0604,53
Nov-Dec25,0.75,30,6,YES,0.3,0.8,90,389,0.7506,23.65,9200.0,0.281,0.4696,7.79,0.0,74.18,-125.7,2492.8,10,0.9,0.178,0.402,0.0775,55
Nov-Dec25,0.75,30,9,ALL,0.0,1.0,42,993,0.7855,21.85,21697.0,0.3388,0.4467,6.72,0.0,inf,231.1,8357.3,10,1.0,0.572,0.684,0.3393,37
Nov-Dec25,0.75,30,9,ALL,0.0,0.5,42,223,0.5336,65.83,14679.0,0.3388,0.1948,4.8,439.0,34.43,-380.9,7329.0,10,0.8,0.683,0.757,0.4741,28
Nov-Dec25,0.75,30,9,ALL,0.0,0.7,42,379,0.5963,43.53,16499.0,0.3388,0.2575,4.94,214.0,78.08,-214.0,8077.6,10,0.9,0.609,0.704,0.381,32
Nov-Dec25,0.75,30,9,ALL,0.3,0.8,42,461,0.757,26.65,12284.0,0.3388,0.4182,10.77,0.0,inf,329.1,2683.3,10,1.0,0.419,0.577,0.1988,34
Nov-Dec25,0.75,30,9,NO,0.0,1.0,42,536,0.8246,34.34,18405.0,0.4202,0.4044,6.66,17.1,1076.15,-17.1,7182.5,10,0.9,0.658,0.73,0.4397,36
Nov-Dec25,0.75,30,9,NO,0.0,0.5,42,118,0.661,122.99,14513.0,0.4202,0.2408,5.35,300.0,49.38,-300.0,6546.5,10,0.9,0.806,0.855,0.6521,22
Nov-Dec25,0.75,30,9,NO,0.0,0.7,42,192,0.6771,80.58,15472.0,0.4202,0.2569,5.32,489.8,32.59,-489.8,7138.1,10,0.9,0.728,0.784,0.5344,29
Nov-Dec25,0.75,30,9,NO,0.3,0.8,42,244,0.7787,31.21,7616.0,0.4202,0.3585,10.52,225.1,34.83,-225.1,1586.2,10,0.9,0.438,0.539,0.2086,31
Nov-Dec25,0.75,30,9,YES,0.0,1.0,42,457,0.7396,7.2,3292.0,0.281,0.4586,3.64,931.2,3.51,-931.2,1174.9,10,0.6,0.221,0.457,0.0972,34
Nov-Dec25,0.75,30,9,YES,0.0,0.5,42,105,0.3905,1.58,166.0,0.281,0.1094,0.23,1278.5,1.08,-872.2,782.6,10,0.7,0.274,0.427,0.1211,23
Nov-Dec25,0.75,30,9,YES,0.0,0.7,42,187,0.5134,5.5,1028.0,0.281,0.2323,1.17,990.7,1.46,-919.6,939.5,10,0.5,0.234,0.445,0.1054,29
Nov-Dec25,0.75,30,9,YES,0.3,0.8,42,217,0.7327,21.52,4669.0,0.281,0.4517,6.18,152.5,16.2,-152.5,1562.0,10,0.7,0.281,0.47,0.1148,30
Nov-Dec25,0.75,50,3,ALL,0.0,1.0,138,3438,0.7376,8.67,29803.0,0.3388,0.3988,5.57,2467.0,7.38,-2467.0,10313.2,10,0.8,0.195,0.304,0.0694,103
Nov-Dec25,0.75,50,3,ALL,0.0,0.5,138,862,0.2993,-10.71,-9230.0,0.3388,-0.0395,-2.18,12717.5,0.41,-6283.0,2611.4,10,0.5,0.229,0.32,0.1126,74
Nov-Dec25,0.75,50,3,ALL,0.0,0.7,138,1498,0.4987,4.63,6933.0,0.3388,0.1598,1.5,7232.8,1.71,-4931.0,5798.2,10,0.6,0.234,0.342,0.098,85
Nov-Dec25,0.75,50,3,ALL,0.3,0.8,138,1741,0.703,14.5,25252.0,0.3388,0.3642,5.73,1286.1,20.63,-1146.9,9563.8,10,0.8,0.138,0.252,0.0475,91
Nov-Dec25,0.75,50,3,NO,0.0,1.0,138,1702,0.7667,16.86,28693.0,0.4202,0.3466,8.21,823.2,34.57,-823.2,6291.8,10,0.8,0.272,0.409,0.0983,94
Nov-Dec25,0.75,50,3,NO,0.0,0.5,138,399,0.386,24.44,9751.0,0.4202,-0.0342,3.26,2841.0,3.69,-2841.0,4798.7,10,0.8,0.333,0.473,0.1534,60
Nov-Dec25,0.75,50,3,NO,0.0,0.7,138,712,0.552,24.42,17386.0,0.4202,0.1318,5.66,1989.2,9.74,-1989.2,5710.5,10,0.9,0.324,0.467,0.1352,74
Nov-Dec25,0.75,50,3,NO,0.3,0.8,138,851,0.7227,19.08,16236.0,0.4202,0.3025,8.83,0.0,inf,534.9,4696.3,10,1.0,0.166,0.269,0.0491,78
Nov-Dec25,0.75,50,3,YES,0.0,1.0,138,1736,0.7091,0.64,1110.0,0.281,0.4281,0.31,7349.9,1.13,-3534.6,4716.3,10,0.3,0.081,0.186,0.0551,95
Nov-Dec25,0.75,50,3,YES,0.0,0.5,138,463,0.2246,-40.99,-18980.0,0.281,-0.0564,-6.95,17909.8,0.08,-5111.0,1550.0,10,0.1,0.061,0.112,0.0936,63
Nov-Dec25,0.75,50,3,YES,0.0,0.7,138,786,0.4504,-13.3,-10453.0,0.281,0.1693,-3.15,11225.7,0.34,-4342.1,2975.4,10,0.3,0.068,0.167,0.0783,77
Nov-Dec25,0.75,50,3,YES,0.3,0.8,138,890,0.6843,10.13,9016.0,0.281,0.4032,3.25,2763.8,3.84,-1744.9,4867.5,10,0.6,0.101,0.233,0.047,79
Nov-Dec25,0.75,50,6,ALL,0.0,1.0,79,1674,0.7891,18.61,31156.0,0.3388,0.4503,10.62,0.0,inf,387.3,7751.2,10,1.0,0.379,0.52,0.1637,65
Nov-Dec25,0.75,50,6,ALL,0.0,0.5,79,358,0.4721,42.81,15326.0,0.3388,0.1332,4.63,1737.7,6.59,-1737.7,6844.0,10,0.8,0.528,0.609,0.2897,46
Nov-Dec25,0.75,50,6,ALL,0.0,0.7,79,629,0.5914,34.01,21392.0,0.3388,0.2526,6.5,851.2,17.84,-851.2,7469.6,10,0.8,0.454,0.564,0.2203,54
Nov-Dec25,0.75,50,6,ALL,0.3,0.8,79,765,0.7686,27.95,21381.0,0.3388,0.4298,15.13,0.0,inf,1001.2,3862.4,10,1.0,0.251,0.436,0.0963,59
Nov-Dec25,0.75,50,6,NO,0.0,1.0,79,863,0.8204,26.68,23027.0,0.4202,0.4002,8.99,0.0,inf,790.3,7221.2,10,1.0,0.495,0.605,0.2571,60
Nov-Dec25,0.75,50,6,NO,0.0,0.5,79,176,0.5909,86.39,15205.0,0.4202,0.1707,5.59,0.0,inf,94.4,6555.3,10,1.0,0.672,0.744,0.4577,35
Nov-Dec25,0.75,50,6,NO,0.0,0.7,79,301,0.6578,59.74,17982.0,0.4202,0.2376,6.51,0.0,inf,380.4,7089.8,10,1.0,0.593,0.673,0.3593,46
Nov-Dec25,0.75,50,6,NO,0.3,0.8,79,386,0.7824,31.37,12109.0,0.4202,0.3622,17.5,0.0,inf,620.5,2153.5,10,1.0,0.287,0.414,0.1026,50
Nov-Dec25,0.75,50,6,YES,0.0,1.0,79,811,0.7559,10.02,8129.0,0.281,0.4748,4.15,1060.2,6.15,-594.1,3936.1,10,0.6,0.164,0.362,0.0658,58
Nov-Dec25,0.75,50,6,YES,0.0,0.5,79,182,0.3571,0.66,121.0,0.281,0.0761,0.08,2068.2,1.03,-1832.1,1862.3,10,0.6,0.167,0.306,0.0631,40
Nov-Dec25,0.75,50,6,YES,0.0,0.7,79,328,0.5305,10.4,3410.0,0.281,0.2494,1.88,1746.5,2.02,-1340.5,3046.8,10,0.6,0.139,0.343,0.0628,49
Nov-Dec25,0.75,50,6,YES,0.3,0.8,79,379,0.7546,24.46,9272.0,0.281,0.4736,7.73,0.0,74.75,-125.7,2492.8,10,0.9,0.182,0.412,0.0811,50
Nov-Dec25,0.75,50,9,ALL,0.0,1.0,42,993,0.7855,21.85,21697.0,0.3388,0.4467,6.72,0.0,inf,231.1,8357.3,10,1.0,0.572,0.684,0.3393,37
Nov-Dec25,0.75,50,9,ALL,0.0,0.5,42,223,0.5336,65.83,14679.0,0.3388,0.1948,4.8,439.0,34.43,-380.9,7329.0,10,0.8,0.683,0.757,0.4741,28
Nov-Dec25,0.75,50,9,ALL,0.0,0.7,42,379,0.5963,43.53,16499.0,0.3388,0.2575,4.94,214.0,78.08,-214.0,8077.6,10,0.9,0.609,0.704,0.381,32
Nov-Dec25,0.75,50,9,ALL,0.3,0.8,42,461,0.757,26.65,12284.0,0.3388,0.4182,10.77,0.0,inf,329.1,2683.3,10,1.0,0.419,0.577,0.1988,34
Nov-Dec25,0.75,50,9,NO,0.0,1.0,42,536,0.8246,34.34,18405.0,0.4202,0.4044,6.66,17.1,1076.15,-17.1,7182.5,10,0.9,0.658,0.73,0.4397,36
Nov-Dec25,0.75,50,9,NO,0.0,0.5,42,118,0.661,122.99,14513.0,0.4202,0.2408,5.35,300.0,49.38,-300.0,6546.5,10,0.9,0.806,0.855,0.6521,22
Nov-Dec25,0.75,50,9,NO,0.0,0.7,42,192,0.6771,80.58,15472.0,0.4202,0.2569,5.32,489.8,32.59,-489.8,7138.1,10,0.9,0.728,0.784,0.5344,29
Nov-Dec25,0.75,50,9,NO,0.3,0.8,42,244,0.7787,31.21,7616.0,0.4202,0.3585,10.52,225.1,34.83,-225.1,1586.2,10,0.9,0.438,0.539,0.2086,31
Nov-Dec25,0.75,50,9,YES,0.0,1.0,42,457,0.7396,7.2,3292.0,0.281,0.4586,3.64,931.2,3.51,-931.2,1174.9,10,0.6,0.221,0.457,0.0972,34
Nov-Dec25,0.75,50,9,YES,0.0,0.5,42,105,0.3905,1.58,166.0,0.281,0.1094,0.23,1278.5,1.08,-872.2,782.6,10,0.7,0.274,0.427,0.1211,23
Nov-Dec25,0.75,50,9,YES,0.0,0.7,42,187,0.5134,5.5,1028.0,0.281,0.2323,1.17,990.7,1.46,-919.6,939.5,10,0.5,0.234,0.445,0.1054,29
Nov-Dec25,0.75,50,9,YES,0.3,0.8,42,217,0.7327,21.52,4669.0,0.281,0.4517,6.18,152.5,16.2,-152.5,1562.0,10,0.7,0.281,0.47,0.1148,30
Nov-Dec25,0.8,10,3,ALL,0.0,1.0,267,3087,0.794,14.68,45325.0,0.3388,0.4551,12.72,0.0,inf,944.1,9890.2,10,1.0,0.231,0.333,0.0694,162
Nov-Dec25,0.8,10,3,ALL,0.0,0.5,267,576,0.3698,15.53,8944.0,0.3388,0.031,3.75,2237.3,4.5,-2237.3,4164.8,10,0.8,0.315,0.403,0.1226,96
Nov-Dec25,0.8,10,3,ALL,0.0,0.7,267,1104,0.5543,19.2,21201.0,0.3388,0.2155,6.28,2113.2,11.03,-2113.2,5949.2,10,0.9,0.299,0.396,0.1019,125
Nov-Dec25,0.8,10,3,ALL,0.3,0.8,267,1423,0.7632,22.53,32059.0,0.3388,0.4243,10.16,0.0,inf,1167.2,8588.8,10,1.0,0.156,0.285,0.0465,130
Nov-Dec25,0.8,10,3,NO,0.0,1.0,267,1559,0.8262,21.37,33314.0,0.4202,0.406,12.06,0.0,inf,578.7,7009.6,10,1.0,0.315,0.431,0.1135,139
Nov-Dec25,0.8,10,3,NO,0.0,0.5,267,267,0.4644,53.73,14346.0,0.4202,0.0442,5.17,987.0,11.25,-987.0,5960.3,10,0.8,0.454,0.572,0.2266,65
Nov-Dec25,0.8,10,3,NO,0.0,0.7,267,513,0.6043,38.79,19897.0,0.4202,0.1841,6.68,925.5,21.26,-925.5,6141.9,10,0.8,0.407,0.517,0.1796,94
Nov-Dec25,0.8,10,3,NO,0.3,0.8,267,707,0.7751,25.31,17896.0,0.4202,0.3549,10.32,0.0,inf,829.2,4421.6,10,1.0,0.179,0.29,0.0503,103
Nov-Dec25,0.8,10,3,YES,0.0,1.0,267,1528,0.7611,7.86,12011.0,0.281,0.4801,5.23,401.1,17.43,-401.1,4742.4,10,0.7,0.091,0.218,0.0308,136
Nov-Dec25,0.8,10,3,YES,0.0,0.5,267,309,0.288,-17.48,-5401.0,0.281,0.007,-5.1,4921.8,0.14,-1795.5,853.1,10,0.2,0.083,0.203,0.0458,75
Nov-Dec25,0.8,10,3,YES,0.0,0.7,267,591,0.511,2.21,1304.0,0.281,0.23,0.75,2171.0,1.35,-1187.7,2571.3,10,0.5,0.087,0.241,0.0335,95
Nov-Dec25,0.8,10,3,YES,0.3,0.8,267,716,0.7514,19.78,14163.0,0.281,0.4704,8.44,0.0,inf,231.4,4167.2,10,1.0,0.117,0.269,0.04,103
Nov-Dec25,0.8,10,6,ALL,0.0,1.0,49,1151,0.8132,24.27,27933.0,0.3388,0.4744,10.44,0.0,inf,691.8,6789.1,10,1.0,0.487,0.667,0.2612,41
Nov-Dec25,0.8,10,6,ALL,0.0,0.5,49,252,0.5278,62.32,15704.0,0.3388,0.1889,5.43,1208.3,9.58,-1155.8,6219.2,10,0.7,0.643,0.72,0.4237,27
Nov-Dec25,0.8,10,6,ALL,0.0,0.7,49,419,0.6181,46.84,19627.0,0.3388,0.2793,6.97,332.5,59.91,-332.5,6492.5,10,0.8,0.576,0.699,0.3462,33
Nov-Dec25,0.8,10,6,ALL,0.3,0.8,49,520,0.8077,35.73,18580.0,0.3388,0.4689,12.83,0.0,inf,485.8,3680.5,10,1.0,0.33,0.574,0.1557,36
Nov-Dec25,0.8,10,6,NO,0.0,1.0,49,588,0.8401,33.83,19894.0,0.4202,0.42,7.77,0.0,inf,792.5,7084.5,10,1.0,0.633,0.737,0.4102,37
Nov-Dec25,0.8,10,6,NO,0.0,0.5,49,128,0.6406,110.61,14158.0,0.4202,0.2204,5.22,0.0,inf,42.2,6616.3,10,1.0,0.795,0.841,0.6354,22
Nov-Dec25,0.8,10,6,NO,0.0,0.7,49,199,0.6734,77.94,15509.0,0.4202,0.2532,5.72,0.0,inf,245.2,6851.1,10,1.0,0.733,0.782,0.5418,29
Nov-Dec25,0.8,10,6,NO,0.3,0.8,49,261,0.8161,37.74,9850.0,0.4202,0.3959,15.59,0.0,inf,512.3,1883.4,10,1.0,0.393,0.531,0.1777,30
Nov-Dec25,0.8,10,6,YES,0.0,1.0,49,563,0.7851,14.28,8039.0,0.281,0.504,4.07,1214.4,6.32,-720.2,3834.8,10,0.7,0.215,0.477,0.1029,36
Nov-Dec25,0.8,10,6,YES,0.0,0.5,49,124,0.4113,12.47,1546.0,0.281,0.1303,1.07,2249.4,1.43,-1349.4,1848.7,10,0.6,0.231,0.424,0.1085,23
Nov-Dec25,0.8,10,6,YES,0.0,0.7,49,220,0.5682,18.71,4117.0,0.281,0.2871,2.3,1840.3,2.41,-958.4,3026.3,10,0.6,0.195,0.481,0.106,28
Nov-Dec25,0.8,10,6,YES,0.3,0.8,49,259,0.7992,33.71,8730.0,0.281,0.5182,7.2,79.9,83.05,-79.9,2416.5,10,0.8,0.237,0.536,0.1269,31
Nov-Dec25,0.8,10,9,ALL,0.0,1.0,23,618,0.7994,30.62,18923.0,0.3388,0.4605,6.88,0.0,inf,228.5,7132.1,10,1.0,0.719,0.826,0.527,23
Nov-Dec25,0.8,10,9,ALL,0.0,0.5,23,160,0.6,91.09,14574.0,0.3388,0.2612,5.35,166.5,67.53,-166.5,6510.4,10,0.8,0.757,0.826,0.581,18
Nov-Dec25,0.8,10,9,ALL,0.0,0.7,23,246,0.626,62.42,15356.0,0.3388,0.2872,5.43,45.3,174.52,-45.3,6883.7,10,0.8,0.731,0.811,0.5426,21
Nov-Dec25,0.8,10,9,ALL,0.3,0.8,23,287,0.7944,36.23,10397.0,0.3388,0.4556,10.16,0.0,inf,202.0,2638.7,10,1.0,0.559,0.725,0.3343,21
Nov-Dec25,0.8,10,9,NO,0.0,1.0,23,348,0.8218,45.12,15700.0,0.4202,0.4017,5.63,252.6,63.15,-252.6,7008.3,10,0.9,0.781,0.835,0.6138,23
Nov-Dec25,0.8,10,9,NO,0.0,0.5,23,95,0.6842,141.82,13473.0,0.4202,0.264,5.01,300.0,45.91,-300.0,6507.4,10,0.9,0.867,0.9,0.7541,14
Nov-Dec25,0.8,10,9,NO,0.0,0.7,23,136,0.6765,100.86,13717.0,0.4202,0.2563,4.86,489.8,29.01,-489.8,6842.3,10,0.9,0.825,0.864,0.6837,18
Nov-Dec25,0.8,10,9,NO,0.3,0.8,23,160,0.8,38.59,6174.0,0.4202,0.3798,8.61,290.9,22.22,-290.9,1473.8,10,0.9,0.572,0.685,0.3438,19
Nov-Dec25,0.8,10,9,YES,0.0,1.0,23,270,0.7704,11.94,3223.0,0.281,0.4893,4.03,975.5,4.3,-975.5,1013.3,10,0.9,0.333,0.584,0.1803,21
Nov-Dec25,0.8,10,9,YES,0.0,0.5,23,65,0.4769,16.93,1100.0,0.281,0.1959,1.74,1052.4,2.0,-900.0,859.9,10,0.7,0.376,0.555,0.2063,14
Nov-Dec25,0.8,10,9,YES,0.0,0.7,23,110,0.5636,14.9,1639.0,0.281,0.2826,2.17,1013.0,2.41,-990.5,899.0,10,0.7,0.351,0.564,0.1877,18
Nov-Dec25,0.8,10,9,YES,0.3,0.8,23,127,0.7874,33.25,4223.0,0.281,0.5064,6.18,162.3,27.02,-162.3,1503.9,10,0.9,0.415,0.643,0.2142,19
Nov-Dec25,0.8,30,3,ALL,0.0,1.0,115,2619,0.8091,17.06,44671.0,0.3388,0.4702,12.96,0.0,inf,1701.3,9712.2,10,1.0,0.283,0.408,0.102,84
Nov-Dec25,0.8,30,3,ALL,0.0,0.5,115,481,0.4033,23.13,11125.0,0.3388,0.0645,4.74,1437.3,6.06,-1437.3,4666.1,10,0.8,0.383,0.478,0.1781,56
Nov-Dec25,0.8,30,3,ALL,0.0,0.7,115,919,0.5854,25.54,23468.0,0.3388,0.2466,7.41,677.8,35.0,-677.8,5924.9,10,0.8,0.376,0.498,0.1585,66
Nov-Dec25,0.8,30,3,ALL,0.3,0.8,115,1209,0.7841,26.47,32006.0,0.3388,0.4453,11.02,0.0,inf,844.3,8199.6,10,1.0,0.188,0.345,0.0664,71
Nov-Dec25,0.8,30,3,NO,0.0,1.0,115,1325,0.8325,24.45,32402.0,0.4202,0.4123,11.81,0.0,inf,737.7,7164.0,10,1.0,0.37,0.506,0.1554,77
Nov-Dec25,0.8,30,3,NO,0.0,0.5,115,238,0.4958,65.29,15539.0,0.4202,0.0756,5.56,787.0,17.89,-787.0,6161.6,10,0.8,0.506,0.638,0.281,44
Nov-Dec25,0.8,30,3,NO,0.0,0.7,115,443,0.6253,47.08,20858.0,0.4202,0.2051,6.9,586.8,36.55,-586.8,6473.1,10,0.9,0.476,0.605,0.2445,56
Nov-Dec25,0.8,30,3,NO,0.3,0.8,115,608,0.7911,28.79,17504.0,0.4202,0.3709,12.13,0.0,inf,649.1,4294.8,10,1.0,0.22,0.356,0.0736,61
Nov-Dec25,0.8,30,3,YES,0.0,1.0,115,1294,0.7852,9.48,12270.0,0.281,0.5041,5.16,421.8,25.25,-421.8,4616.9,10,0.7,0.126,0.29,0.048,75
Nov-Dec25,0.8,30,3,YES,0.0,0.5,115,243,0.3128,-18.16,-4414.0,0.281,0.0317,-3.31,4234.0,0.29,-1715.8,1553.1,10,0.2,0.115,0.212,0.0723,46
Nov-Dec25,0.8,30,3,YES,0.0,0.7,115,476,0.5483,5.48,2610.0,0.281,0.2673,1.38,1514.5,1.72,-1151.0,2708.4,10,0.5,0.127,0.313,0.0544,56
Nov-Dec25,0.8,30,3,YES,0.3,0.8,115,601,0.777,24.13,14503.0,0.281,0.496,8.78,57.7,252.5,-57.7,3904.9,10,0.9,0.145,0.335,0.0592,62
Nov-Dec25,0.8,30,6,ALL,0.0,1.0,48,1151,0.8132,24.27,27933.0,0.3388,0.4744,10.44,0.0,inf,691.8,6789.1,10,1.0,0.487,0.667,0.2612,41
Nov-Dec25,0.8,30,6,ALL,0.0,0.5,48,252,0.5278,62.32,15704.0,0.3388,0.1889,5.43,1208.3,9.58,-1155.8,6219.2,10,0.7,0.643,0.72,0.4237,27
Nov-Dec25,0.8,30,6,ALL,0.0,0.7,48,419,0.6181,46.84,19627.0,0.3388,0.2793,6.97,332.5,59.91,-332.5,6492.5,10,0.8,0.576,0.699,0.3462,33
Nov-Dec25,0.8,30,6,ALL,0.3,0.8,48,520,0.8077,35.73,18580.0,0.3388,0.4689,12.83,0.0,inf,485.8,3680.5,10,1.0,0.33,0.574,0.1557,36
Nov-Dec25,0.8,30,6,NO,0.0,1.0,48,588,0.8401,33.83,19894.0,0.4202,0.42,7.77,0.0,inf,792.5,7084.5,10,1.0,0.633,0.737,0.4102,37
Nov-Dec25,0.8,30,6,NO,0.0,0.5,48,128,0.6406,110.61,14158.0,0.4202,0.2204,5.22,0.0,inf,42.2,6616.3,10,1.0,0.795,0.841,0.6354,22
Nov-Dec25,0.8,30,6,NO,0.0,0.7,48,199,0.6734,77.94,15509.0,0.4202,0.2532,5.72,0.0,inf,245.2,6851.1,10,1.0,0.733,0.782,0.5418,29
Nov-Dec25,0.8,30,6,NO,0.3,0.8,48,261,0.8161,37.74,9850.0,0.4202,0.3959,15.59,0.0,inf,512.3,1883.4,10,1.0,0.393,0.531,0.1777,30
Nov-Dec25,0.8,30,6,YES,0.0,1.0,48,563,0.7851,14.28,8039.0,0.281,0.504,4.07,1214.4,6.32,-720.2,3834.8,10,0.7,0.215,0.477,0.1029,36
Nov-Dec25,0.8,30,6,YES,0.0,0.5,48,124,0.4113,12.47,1546.0,0.281,0.1303,1.07,2249.4,1.43,-1349.4,1848.7,10,0.6,0.231,0.424,0.1085,23
Nov-Dec25,0.8,30,6,YES,0.0,0.7,48,220,0.5682,18.71,4117.0,0.281,0.2871,2.3,1840.3,2.41,-958.4,3026.3,10,0.6,0.195,0.481,0.106,28
Nov-Dec25,0.8,30,6,YES,0.3,0.8,48,259,0.7992,33.71,8730.0,0.281,0.5182,7.2,79.9,83.05,-79.9,2416.5,10,0.8,0.237,0.536,0.1269,31
Nov-Dec25,0.8,30,9,ALL,0.0,1.0,23,618,0.7994,30.62,18923.0,0.3388,0.4605,6.88,0.0,inf,228.5,7132.1,10,1.0,0.719,0.826,0.527,23
Nov-Dec25,0.8,30,9,ALL,0.0,0.5,23,160,0.6,91.09,14574.0,0.3388,0.2612,5.35,166.5,67.53,-166.5,6510.4,10,0.8,0.757,0.826,0.581,18
Nov-Dec25,0.8,30,9,ALL,0.0,0.7,23,246,0.626,62.42,15356.0,0.3388,0.2872,5.43,45.3,174.52,-45.3,6883.7,10,0.8,0.731,0.811,0.5426,21
Nov-Dec25,0.8,30,9,ALL,0.3,0.8,23,287,0.7944,36.23,10397.0,0.3388,0.4556,10.16,0.0,inf,202.0,2638.7,10,1.0,0.559,0.725,0.3343,21
Nov-Dec25,0.8,30,9,NO,0.0,1.0,23,348,0.8218,45.12,15700.0,0.4202,0.4017,5.63,252.6,63.15,-252.6,7008.3,10,0.9,0.781,0.835,0.6138,23
Nov-Dec25,0.8,30,9,NO,0.0,0.5,23,95,0.6842,141.82,13473.0,0.4202,0.264,5.01,300.0,45.91,-300.0,6507.4,10,0.9,0.867,0.9,0.7541,14
Nov-Dec25,0.8,30,9,NO,0.0,0.7,23,136,0.6765,100.86,13717.0,0.4202,0.2563,4.86,489.8,29.01,-489.8,6842.3,10,0.9,0.825,0.864,0.6837,18
Nov-Dec25,0.8,30,9,NO,0.3,0.8,23,160,0.8,38.59,6174.0,0.4202,0.3798,8.61,290.9,22.22,-290.9,1473.8,10,0.9,0.572,0.685,0.3438,19
Nov-Dec25,0.8,30,9,YES,0.0,1.0,23,270,0.7704,11.94,3223.0,0.281,0.4893,4.03,975.5,4.3,-975.5,1013.3,10,0.9,0.333,0.584,0.1803,21
Nov-Dec25,0.8,30,9,YES,0.0,0.5,23,65,0.4769,16.93,1100.0,0.281,0.1959,1.74,1052.4,2.0,-900.0,859.9,10,0.7,0.376,0.555,0.2063,14
Nov-Dec25,0.8,30,9,YES,0.0,0.7,23,110,0.5636,14.9,1639.0,0.281,0.2826,2.17,1013.0,2.41,-990.5,899.0,10,0.7,0.351,0.564,0.1877,18
Nov-Dec25,0.8,30,9,YES,0.3,0.8,23,127,0.7874,33.25,4223.0,0.281,0.5064,6.18,162.3,27.02,-162.3,1503.9,10,0.9,0.415,0.643,0.2142,19
Nov-Dec25,0.8,50,3,ALL,0.0,1.0,74,2264,0.8123,17.29,39152.0,0.3388,0.4734,11.46,0.0,inf,1201.6,9211.6,10,1.0,0.334,0.481,0.1365,58
Nov-Dec25,0.8,50,3,ALL,0.0,0.5,74,429,0.4149,20.92,8975.0,0.3388,0.0761,3.95,1014.5,4.34,-988.2,4156.3,10,0.6,0.452,0.506,0.2404,41
Nov-Dec25,0.8,50,3,ALL,0.0,0.7,74,810,0.5914,24.59,19921.0,0.3388,0.2525,6.55,184.1,78.71,-184.1,5774.2,10,0.8,0.458,0.556,0.2251,47
Nov-Dec25,0.8,50,3,ALL,0.3,0.8,74,1070,0.785,27.11,29003.0,0.3388,0.4462,9.68,0.0,inf,439.5,7865.9,10,1.0,0.211,0.386,0.0818,49
Nov-Dec25,0.8,50,3,NO,0.0,1.0,74,1130,0.8257,23.82,26921.0,0.4202,0.4055,10.73,0.0,inf,782.3,6711.0,10,1.0,0.441,0.559,0.211,53
Nov-Dec25,0.8,50,3,NO,0.0,0.5,74,224,0.5045,55.41,12413.0,0.4202,0.0843,5.1,387.0,24.87,-387.0,5723.7,10,0.8,0.604,0.652,0.3829,35
Nov-Dec25,0.8,50,3,NO,0.0,0.7,74,409,0.6259,41.9,17137.0,0.4202,0.2057,6.55,186.8,92.74,-186.8,6082.3,10,0.9,0.567,0.624,0.3305,42
Nov-Dec25,0.8,50,3,NO,0.3,0.8,74,544,0.7868,29.6,16102.0,0.4202,0.3666,11.15,0.0,inf,555.9,4070.0,10,1.0,0.242,0.392,0.0881,43
Nov-Dec25,0.8,50,3,YES,0.0,1.0,74,1134,0.7989,10.79,12232.0,0.281,0.5179,4.8,740.5,9.78,-740.5,4564.6,10,0.7,0.15,0.346,0.0647,55
Nov-Dec25,0.8,50,3,YES,0.0,0.5,74,205,0.3171,-16.77,-3438.0,0.281,0.036,-2.45,3458.2,0.41,-1567.4,1736.3,10,0.4,0.139,0.256,0.1008,33
Nov-Dec25,0.8,50,3,YES,0.0,0.7,74,401,0.5561,6.94,2784.0,0.281,0.2751,1.32,2028.9,1.66,-1259.8,3103.9,10,0.6,0.158,0.389,0.0771,41
Nov-Dec25,0.8,50,3,YES,0.3,0.8,74,526,0.7833,24.53,12901.0,0.281,0.5022,7.28,462.4,28.9,-462.4,3795.8,10,0.9,0.166,0.383,0.0752,44
Nov-Dec25,0.8,50,6,ALL,0.0,1.0,41,1133,0.8129,24.57,27842.0,0.3388,0.474,10.54,0.0,inf,667.0,6789.1,10,1.0,0.491,0.673,0.2656,37
Nov-Dec25,0.8,50,6,ALL,0.0,0.5,41,252,0.5278,62.32,15704.0,0.3388,0.1889,5.43,1208.3,9.58,-1155.8,6219.2,10,0.7,0.643,0.72,0.4237,27
Nov-Dec25,0.8,50,6,ALL,0.0,0.7,41,417,0.6187,47.19,19678.0,0.3388,0.2799,7.0,332.5,60.07,-332.5,6492.5,10,0.8,0.579,0.703,0.3498,31
Nov-Dec25,0.8,50,6,ALL,0.3,0.8,41,512,0.8066,36.07,18470.0,0.3388,0.4678,12.71,0.0,inf,485.8,3753.8,10,1.0,0.335,0.583,0.1603,33
Nov-Dec25,0.8,50,6,NO,0.0,1.0,41,574,0.8397,34.45,19777.0,0.4202,0.4195,7.71,0.0,inf,816.0,7084.5,10,1.0,0.636,0.741,0.4144,35
Nov-Dec25,0.8,50,6,NO,0.0,0.5,41,128,0.6406,110.61,14158.0,0.4202,0.2204,5.22,0.0,inf,42.2,6616.3,10,1.0,0.795,0.841,0.6354,22
Nov-Dec25,0.8,50,6,NO,0.0,0.7,41,198,0.6717,78.08,15461.0,0.4202,0.2515,5.69,0.0,inf,196.7,6851.1,10,1.0,0.735,0.784,0.5445,28
Nov-Dec25,0.8,50,6,NO,0.3,0.8,41,255,0.8118,37.9,9665.0,0.4202,0.3916,15.3,0.0,inf,512.3,1856.7,10,1.0,0.399,0.539,0.1831,29
Nov-Dec25,0.8,50,6,YES,0.0,1.0,41,559,0.7853,14.43,8065.0,0.281,0.5043,4.07,1264.2,6.17,-720.2,3811.0,10,0.7,0.218,0.483,0.1055,34
Nov-Dec25,0.8,50,6,YES,0.0,0.5,41,124,0.4113,12.47,1546.0,0.281,0.1303,1.07,2249.4,1.43,-1349.4,1848.7,10,0.6,0.231,0.424,0.1085,23
Nov-Dec25,0.8,50,6,YES,0.0,0.7,41,219,0.5708,19.26,4217.0,0.281,0.2897,2.35,1840.3,2.45,-958.4,3026.3,10,0.6,0.197,0.485,0.1079,27
Nov-Dec25,0.8,50,6,YES,0.3,0.8,41,257,0.8016,34.26,8804.0,0.281,0.5205,7.16,79.9,83.75,-79.9,2416.5,10,0.8,0.24,0.542,0.1298,29
Nov-Dec25,0.8,50,9,ALL,0.0,1.0,23,618,0.7994,30.62,18923.0,0.3388,0.4605,6.88,0.0,inf,228.5,7132.1,10,1.0,0.719,0.826,0.527,23
Nov-Dec25,0.8,50,9,ALL,0.0,0.5,23,160,0.6,91.09,14574.0,0.3388,0.2612,5.35,166.5,67.53,-166.5,6510.4,10,0.8,0.757,0.826,0.581,18
Nov-Dec25,0.8,50,9,ALL,0.0,0.7,23,246,0.626,62.42,15356.0,0.3388,0.2872,5.43,45.3,174.52,-45.3,6883.7,10,0.8,0.731,0.811,0.5426,21
Nov-Dec25,0.8,50,9,ALL,0.3,0.8,23,287,0.7944,36.23,10397.0,0.3388,0.4556,10.16,0.0,inf,202.0,2638.7,10,1.0,0.559,0.725,0.3343,21
Nov-Dec25,0.8,50,9,NO,0.0,1.0,23,348,0.8218,45.12,15700.0,0.4202,0.4017,5.63,252.6,63.15,-252.6,7008.3,10,0.9,0.781,0.835,0.6138,23
Nov-Dec25,0.8,50,9,NO,0.0,0.5,23,95,0.6842,141.82,13473.0,0.4202,0.264,5.01,300.0,45.91,-300.0,6507.4,10,0.9,0.867,0.9,0.7541,14
Nov-Dec25,0.8,50,9,NO,0.0,0.7,23,136,0.6765,100.86,13717.0,0.4202,0.2563,4.86,489.8,29.01,-489.8,6842.3,10,0.9,0.825,0.864,0.6837,18
Nov-Dec25,0.8,50,9,NO,0.3,0.8,23,160,0.8,38.59,6174.0,0.4202,0.3798,8.61,290.9,22.22,-290.9,1473.8,10,0.9,0.572,0.685,0.3438,19
Nov-Dec25,0.8,50,9,YES,0.0,1.0,23,270,0.7704,11.94,3223.0,0.281,0.4893,4.03,975.5,4.3,-975.5,1013.3,10,0.9,0.333,0.584,0.1803,21
Nov-Dec25,0.8,50,9,YES,0.0,0.5,23,65,0.4769,16.93,1100.0,0.281,0.1959,1.74,1052.4,2.0,-900.0,859.9,10,0.7,0.376,0.555,0.2063,14
Nov-Dec25,0.8,50,9,YES,0.0,0.7,23,110,0.5636,14.9,1639.0,0.281,0.2826,2.17,1013.0,2.41,-990.5,899.0,10,0.7,0.351,0.564,0.1877,18
Nov-Dec25,0.8,50,9,YES,0.3,0.8,23,127,0.7874,33.25,4223.0,0.281,0.5064,6.18,162.3,27.02,-162.3,1503.9,10,0.9,0.415,0.643,0.2142,19
Nov-Dec25,0.85,10,3,ALL,0.0,1.0,117,1444,0.8026,10.32,14909.0,0.3388,0.4638,6.19,784.1,20.01,-784.1,5795.0,10,0.9,0.15,0.282,0.0482,79
Nov-Dec25,0.85,10,3,ALL,0.0,0.5,117,229,0.3057,-17.55,-4018.0,0.3388,-0.0332,-3.33,4637.5,0.22,-1974.8,438.2,10,0.5,0.051,0.141,0.1493,44
Nov-Dec25,0.85,10,3,ALL,0.0,0.7,117,494,0.5587,6.39,3156.0,0.3388,0.2199,1.58,3050.1,1.92,-2126.8,3432.9,10,0.6,0.068,0.179,0.0438,61
Nov-Dec25,0.85,10,3,ALL,0.3,0.8,117,675,0.7452,18.57,12536.0,0.3388,0.4063,6.3,190.4,66.82,-190.4,4890.6,10,0.9,0.113,0.292,0.0471,63
Nov-Dec25,0.85,10,3,NO,0.0,1.0,117,739,0.8322,14.45,10682.0,0.4202,0.412,7.49,0.0,inf,45.9,3226.1,10,1.0,0.145,0.279,0.0503,67
Nov-Dec25,0.85,10,3,NO,0.0,0.5,117,111,0.3694,-3.03,-337.0,0.4202,-0.0508,-0.55,1772.6,0.81,-766.5,746.6,9,0.556,0.067,0.173,0.112,29
Nov-Dec25,0.85,10,3,NO,0.0,0.7,117,245,0.6041,14.61,3580.0,0.4202,0.1839,3.14,1122.1,4.05,-851.8,1985.8,10,0.7,0.07,0.192,0.0456,46
Nov-Dec25,0.85,10,3,NO,0.3,0.8,117,352,0.767,22.9,8060.0,0.4202,0.3469,6.77,0.0,inf,57.3,2567.6,10,1.0,0.125,0.284,0.0516,48
Nov-Dec25,0.85,10,3,YES,0.0,1.0,117,705,0.7716,6.0,4227.0,0.281,0.4906,3.29,969.0,4.27,-829.9,2568.8,10,0.6,0.138,0.28,0.0463,67
Nov-Dec25,0.85,10,3,YES,0.0,0.5,117,118,0.2458,-31.2,-3682.0,0.281,-0.0353,-4.8,3694.1,0.09,-1403.7,199.0,10,0.3,0.077,0.155,0.1645,33
Nov-Dec25,0.85,10,3,YES,0.0,0.7,117,249,0.5141,-1.7,-424.0,0.281,0.233,-0.4,1928.0,0.86,-1275.0,1447.1,10,0.5,0.091,0.211,0.0488,43
Nov-Dec25,0.85,10,3,YES,0.3,0.8,117,323,0.7214,13.86,4476.0,0.281,0.4403,4.22,506.8,7.96,-506.8,2322.9,10,0.8,0.11,0.287,0.0469,49
Nov-Dec25,0.85,10,6,ALL,0.0,1.0,22,261,0.8621,18.53,4836.0,0.3388,0.5232,9.46,5.7,848.82,-5.7,1090.2,10,0.9,0.302,0.543,0.1475,18
Nov-Dec25,0.85,10,6,ALL,0.0,0.5,22,32,0.5312,44.17,1413.0,0.3388,0.1924,4.47,300.0,3.88,-300.0,479.2,9,0.778,0.308,0.678,0.1988,10
Nov-Dec25,0.85,10,6,ALL,0.0,0.7,22,76,0.6579,31.89,2423.0,0.3388,0.3191,6.32,157.3,16.4,-105.5,726.2,10,0.8,0.345,0.64,0.1849,12
Nov-Dec25,0.85,10,6,ALL,0.3,0.8,22,112,0.8125,35.8,4010.0,0.3388,0.4737,9.81,1.5,2598.0,-1.5,904.9,10,0.9,0.366,0.635,0.1874,16
Nov-Dec25,0.85,10,6,NO,0.0,1.0,22,137,0.8978,20.63,2826.0,0.4202,0.4776,7.9,63.7,35.0,-63.7,719.7,10,0.8,0.254,0.587,0.1502,15
Nov-Dec25,0.85,10,6,NO,0.0,0.5,22,17,0.5294,32.02,544.0,0.4202,0.1092,2.69,300.0,2.42,-300.0,306.6,8,0.75,0.259,0.589,0.1758,7
Nov-Dec25,0.85,10,6,NO,0.0,0.7,22,36,0.6944,33.6,1210.0,0.4202,0.2743,4.89,163.4,5.9,-163.4,473.8,10,0.8,0.272,0.595,0.1585,10
Nov-Dec25,0.85,10,6,NO,0.3,0.8,22,55,0.8727,42.89,2359.0,0.4202,0.4525,8.51,17.1,139.32,-17.1,673.5,10,0.9,0.332,0.644,0.1819,11
Nov-Dec25,0.85,10,6,YES,0.0,1.0,22,124,0.8226,16.21,2010.0,0.281,0.5415,4.34,211.3,4.77,-182.2,716.6,10,0.6,0.325,0.508,0.1474,17
Nov-Dec25,0.85,10,6,YES,0.0,0.5,22,15,0.5333,57.94,869.0,0.281,0.2523,4.08,300.0,3.9,-300.0,365.1,6,0.833,0.258,0.716,0.1981,8
Nov-Dec25,0.85,10,6,YES,0.0,0.7,22,40,0.625,30.34,1214.0,0.281,0.344,3.09,347.5,2.99,-247.5,587.7,10,0.6,0.341,0.624,0.1893,10
Nov-Dec25,0.85,10,6,YES,0.3,0.8,22,57,0.7544,28.97,1651.0,0.281,0.4733,4.17,325.5,5.0,-192.5,639.7,10,0.6,0.393,0.604,0.2013,14
Nov-Dec25,0.85,10,9,ALL,0.0,1.0,10,147,0.8571,14.03,2062.0,0.3388,0.5183,7.03,147.0,9.21,-147.0,460.7,10,0.8,0.279,0.659,0.1838,10
Nov-Dec25,0.85,10,9,ALL,0.0,0.5,10,16,0.5,28.52,456.0,0.3388,0.1612,1.96,300.0,1.91,-300.0,363.4,7,0.571,0.474,0.657,0.2748,7
Nov-Dec25,0.85,10,9,ALL,0.0,0.7,10,40,0.625,18.63,745.0,0.3388,0.2862,3.68,100.0,4.76,-100.0,382.9,10,0.6,0.352,0.62,0.1955,9
Nov-Dec25,0.85,10,9,ALL,0.3,0.8,10,60,0.7833,27.43,1646.0,0.3388,0.4445,6.49,171.8,9.65,-171.8,436.1,10,0.8,0.292,0.624,0.1803,10
Nov-Dec25,0.85,10,9,NO,0.0,1.0,10,77,0.9221,20.26,1560.0,0.4202,0.5019,11.51,0.0,inf,22.2,408.6,9,1.0,0.29,0.706,0.2047,10
Nov-Dec25,0.85,10,9,NO,0.0,0.7,10,20,0.75,30.84,617.0,0.4202,0.3298,4.97,83.3,8.41,-83.3,282.7,9,0.778,0.342,0.731,0.2298,7
Nov-Dec25,0.85,10,9,NO,0.3,0.8,10,30,0.8667,35.64,1069.0,0.4202,0.4465,9.0,17.1,63.69,-17.1,309.3,9,0.889,0.297,0.703,0.2083,8
Nov-Dec25,0.85,10,9,YES,0.0,1.0,10,70,0.7857,7.17,502.0,0.281,0.5047,2.05,185.9,2.14,-185.9,383.4,10,0.5,0.205,0.535,0.1481,10
Nov-Dec25,0.85,10,9,YES,0.0,0.7,10,20,0.5,6.41,128.0,0.281,0.219,0.69,200.0,1.25,-161.5,245.9,10,0.5,0.331,0.581,0.246,7
Nov-Dec25,0.85,10,9,YES,0.3,0.8,10,30,0.7,19.22,577.0,0.281,0.419,2.96,244.5,2.67,-171.8,311.1,10,0.7,0.277,0.631,0.182,9
Nov-Dec25,0.85,30,3,ALL,0.0,1.0,53,1187,0.8197,12.15,14419.0,0.3388,0.4809,6.35,392.5,37.73,-392.5,5695.0,10,0.9,0.212,0.397,0.0857,37
Nov-Dec25,0.85,30,3,ALL,0.0,0.5,53,179,0.324,-16.41,-2937.0,0.3388,-0.0148,-2.73,4132.7,0.31,-1874.8,552.8,9,0.556,0.071,0.195,0.2761,22
Nov-Dec25,0.85,30,3,ALL,0.0,0.7,53,394,0.5888,10.11,3984.0,0.3388,0.25,2.29,2206.2,2.81,-1585.5,3335.9,10,0.8,0.109,0.286,0.0904,27
Nov-Dec25,0.85,30,3,ALL,0.3,0.8,53,563,0.7638,21.39,12041.0,0.3388,0.4249,6.88,0.0,inf,350.8,4569.6,10,1.0,0.155,0.4,0.0793,31
Nov-Dec25,0.85,30,3,NO,0.0,1.0,53,592,0.8361,15.57,9219.0,0.4202,0.416,7.46,0.0,inf,62.7,3194.5,10,1.0,0.196,0.378,0.0844,33
Nov-Dec25,0.85,30,3,NO,0.0,0.5,53,93,0.3763,-2.62,-244.0,0.4202,-0.0438,-0.57,1271.3,0.81,-766.5,469.2,8,0.625,0.087,0.223,0.1768,18
Nov-Dec25,0.85,30,3,NO,0.0,0.7,53,199,0.6181,16.99,3380.0,0.4202,0.1979,3.5,791.0,5.19,-751.8,1938.7,10,0.7,0.102,0.279,0.0801,24
Nov-Dec25,0.85,30,3,NO,0.3,0.8,53,287,0.784,25.66,7363.0,0.4202,0.3638,7.7,0.0,inf,70.8,2481.7,10,1.0,0.174,0.394,0.0872,24
Nov-Dec25,0.85,30,3,YES,0.0,1.0,53,595,0.8034,8.74,5200.0,0.281,0.5223,4.5,623.2,7.69,-455.2,2500.6,10,0.7,0.222,0.42,0.0883,34
Nov-Dec25,0.85,30,3,YES,0.0,0.5,53,86,0.2674,-31.32,-2693.0,0.281,-0.0136,-3.79,3242.3,0.19,-1203.7,552.8,9,0.333,0.06,0.172,0.3503,16
Nov-Dec25,0.85,30,3,YES,0.0,0.7,53,195,0.559,3.1,604.0,0.281,0.2779,0.68,1415.2,1.29,-833.7,1397.1,10,0.6,0.132,0.261,0.0912,23
Nov-Dec25,0.85,30,3,YES,0.3,0.8,53,276,0.7428,16.95,4678.0,0.281,0.4617,5.05,165.6,17.05,-165.6,2087.9,10,0.8,0.155,0.403,0.0765,29
Nov-Dec25,0.85,30,6,ALL,0.0,1.0,21,261,0.8621,18.53,4836.0,0.3388,0.5232,9.46,5.7,848.82,-5.7,1090.2,10,0.9,0.302,0.543,0.1475,18
Nov-Dec25,0.85,30,6,ALL,0.0,0.5,21,32,0.5312,44.17,1413.0,0.3388,0.1924,4.47,300.0,3.88,-300.0,479.2,9,0.778,0.308,0.678,0.1988,10
Nov-Dec25,0.85,30,6,ALL,0.0,0.7,21,76,0.6579,31.89,2423.0,0.3388,0.3191,6.32,157.3,16.4,-105.5,726.2,10,0.8,0.345,0.64,0.1849,12
Nov-Dec25,0.85,30,6,ALL,0.3,0.8,21,112,0.8125,35.8,4010.0,0.3388,0.4737,9.81,1.5,2598.0,-1.5,904.9,10,0.9,0.366,0.635,0.1874,16
Nov-Dec25,0.85,30,6,NO,0.0,1.0,21,137,0.8978,20.63,2826.0,0.4202,0.4776,7.9,63.7,35.0,-63.7,719.7,10,0.8,0.254,0.587,0.1502,15
Nov-Dec25,0.85,30,6,NO,0.0,0.5,21,17,0.5294,32.02,544.0,0.4202,0.1092,2.69,300.0,2.42,-300.0,306.6,8,0.75,0.259,0.589,0.1758,7
Nov-Dec25,0.85,30,6,NO,0.0,0.7,21,36,0.6944,33.6,1210.0,0.4202,0.2743,4.89,163.4,5.9,-163.4,473.8,10,0.8,0.272,0.595,0.1585,10
Nov-Dec25,0.85,30,6,NO,0.3,0.8,21,55,0.8727,42.89,2359.0,0.4202,0.4525,8.51,17.1,139.32,-17.1,673.5,10,0.9,0.332,0.644,0.1819,11
Nov-Dec25,0.85,30,6,YES,0.0,1.0,21,124,0.8226,16.21,2010.0,0.281,0.5415,4.34,211.3,4.77,-182.2,716.6,10,0.6,0.325,0.508,0.1474,17
Nov-Dec25,0.85,30,6,YES,0.0,0.5,21,15,0.5333,57.94,869.0,0.281,0.2523,4.08,300.0,3.9,-300.0,365.1,6,0.833,0.258,0.716,0.1981,8
Nov-Dec25,0.85,30,6,YES,0.0,0.7,21,40,0.625,30.34,1214.0,0.281,0.344,3.09,347.5,2.99,-247.5,587.7,10,0.6,0.341,0.624,0.1893,10
Nov-Dec25,0.85,30,6,YES,0.3,0.8,21,57,0.7544,28.97,1651.0,0.281,0.4733,4.17,325.5,5.0,-192.5,639.7,10,0.6,0.393,0.604,0.2013,14
Nov-Dec25,0.85,30,9,ALL,0.0,1.0,10,147,0.8571,14.03,2062.0,0.3388,0.5183,7.03,147.0,9.21,-147.0,460.7,10,0.8,0.279,0.659,0.1838,10
Nov-Dec25,0.85,30,9,ALL,0.0,0.5,10,16,0.5,28.52,456.0,0.3388,0.1612,1.96,300.0,1.91,-300.0,363.4,7,0.571,0.474,0.657,0.2748,7
Nov-Dec25,0.85,30,9,ALL,0.0,0.7,10,40,0.625,18.63,745.0,0.3388,0.2862,3.68,100.0,4.76,-100.0,382.9,10,0.6,0.352,0.62,0.1955,9
Nov-Dec25,0.85,30,9,ALL,0.3,0.8,10,60,0.7833,27.43,1646.0,0.3388,0.4445,6.49,171.8,9.65,-171.8,436.1,10,0.8,0.292,0.624,0.1803,10
Nov-Dec25,0.85,30,9,NO,0.0,1.0,10,77,0.9221,20.26,1560.0,0.4202,0.5019,11.51,0.0,inf,22.2,408.6,9,1.0,0.29,0.706,0.2047,10
Nov-Dec25,0.85,30,9,NO,0.0,0.7,10,20,0.75,30.84,617.0,0.4202,0.3298,4.97,83.3,8.41,-83.3,282.7,9,0.778,0.342,0.731,0.2298,7
Nov-Dec25,0.85,30,9,NO,0.3,0.8,10,30,0.8667,35.64,1069.0,0.4202,0.4465,9.0,17.1,63.69,-17.1,309.3,9,0.889,0.297,0.703,0.2083,8
Nov-Dec25,0.85,30,9,YES,0.0,1.0,10,70,0.7857,7.17,502.0,0.281,0.5047,2.05,185.9,2.14,-185.9,383.4,10,0.5,0.205,0.535,0.1481,10
Nov-Dec25,0.85,30,9,YES,0.0,0.7,10,20,0.5,6.41,128.0,0.281,0.219,0.69,200.0,1.25,-161.5,245.9,10,0.5,0.331,0.581,0.246,7
Nov-Dec25,0.85,30,9,YES,0.3,0.8,10,30,0.7,19.22,577.0,0.281,0.419,2.96,244.5,2.67,-171.8,311.1,10,0.7,0.277,0.631,0.182,9
Nov-Dec25,0.85,50,3,ALL,0.0,1.0,37,1076,0.8123,10.97,11808.0,0.3388,0.4734,5.38,969.8,13.18,-576.3,5194.4,10,0.8,0.248,0.465,0.1077,29
Nov-Dec25,0.85,50,3,ALL,0.0,0.5,37,170,0.3118,-21.49,-3653.0,0.3388,-0.0271,-3.02,4948.6,0.28,-1854.1,652.8,9,0.556,0.069,0.198,0.3214,19
Nov-Dec25,0.85,50,3,ALL,0.0,0.7,37,366,0.5738,6.35,2323.0,0.3388,0.2349,1.35,2741.0,1.85,-1535.5,3096.6,10,0.8,0.132,0.304,0.1128,23
Nov-Dec25,0.85,50,3,ALL,0.3,0.8,37,522,0.7529,19.68,10273.0,0.3388,0.414,6.15,24.4,422.77,-24.4,4273.6,10,0.9,0.177,0.457,0.0958,26
Nov-Dec25,0.85,50,3,NO,0.0,1.0,37,539,0.8256,14.31,7714.0,0.4202,0.4054,6.46,0.0,inf,47.3,2913.1,10,1.0,0.23,0.444,0.105,26
Nov-Dec25,0.85,50,3,NO,0.0,0.5,37,90,0.3667,-7.21,-649.0,0.4202,-0.0535,-1.41,1676.5,0.61,-666.5,469.2,8,0.625,0.095,0.235,0.2044,16
Nov-Dec25,0.85,50,3,NO,0.0,0.7,37,188,0.6011,13.11,2464.0,0.4202,0.1809,2.77,894.5,3.7,-651.8,1783.8,10,0.7,0.105,0.298,0.0948,20
Nov-Dec25,0.85,50,3,NO,0.3,0.8,37,269,0.7732,24.28,6533.0,0.4202,0.3531,7.16,0.0,inf,31.9,2295.1,10,1.0,0.194,0.439,0.1019,21
Nov-Dec25,0.85,50,3,YES,0.0,1.0,37,537,0.7989,7.62,4094.0,0.281,0.5178,3.58,1068.2,4.61,-623.6,2281.3,10,0.7,0.261,0.494,0.113,29
Nov-Dec25,0.85,50,3,YES,0.0,0.5,37,80,0.25,-37.55,-3004.0,0.281,-0.031,-3.74,3653.1,0.2,-1370.4,652.8,9,0.333,0.061,0.17,0.3973,14
Nov-Dec25,0.85,50,3,YES,0.0,0.7,37,178,0.5449,-0.79,-141.0,0.281,0.2639,-0.14,1937.5,0.95,-962.7,1312.8,10,0.4,0.156,0.285,0.1148,20
Nov-Dec25,0.85,50,3,YES,0.3,0.8,37,253,0.7312,14.79,3741.0,0.281,0.4502,4.07,448.9,7.51,-233.4,1978.5,10,0.7,0.183,0.476,0.0966,24
Nov-Dec25,0.85,50,6,ALL,0.0,1.0,17,257,0.8599,18.45,4741.0,0.3388,0.5211,9.36,5.7,832.06,-5.7,1068.2,10,0.9,0.307,0.552,0.1526,16
Nov-Dec25,0.85,50,6,ALL,0.0,0.5,17,32,0.5312,44.17,1413.0,0.3388,0.1924,4.47,300.0,3.88,-300.0,479.2,9,0.778,0.308,0.678,0.1988,10
Nov-Dec25,0.85,50,6,ALL,0.0,0.7,17,76,0.6579,31.89,2423.0,0.3388,0.3191,6.32,157.3,16.4,-105.5,726.2,10,0.8,0.345,0.64,0.1849,12
Nov-Dec25,0.85,50,6,ALL,0.3,0.8,17,111,0.8108,35.9,3984.0,0.3388,0.472,9.7,1.5,2581.38,-1.5,904.9,10,0.9,0.368,0.638,0.1893,15
Nov-Dec25,0.85,50,6,NO,0.0,1.0,17,136,0.8971,20.62,2805.0,0.4202,0.4769,7.86,63.7,34.73,-63.7,719.7,10,0.8,0.256,0.591,0.1524,14
Nov-Dec25,0.85,50,6,NO,0.0,0.5,17,17,0.5294,32.02,544.0,0.4202,0.1092,2.69,300.0,2.42,-300.0,306.6,8,0.75,0.259,0.589,0.1758,7
Nov-Dec25,0.85,50,6,NO,0.0,0.7,17,36,0.6944,33.6,1210.0,0.4202,0.2743,4.89,163.4,5.9,-163.4,473.8,10,0.8,0.272,0.595,0.1585,10
Nov-Dec25,0.85,50,6,NO,0.3,0.8,17,55,0.8727,42.89,2359.0,0.4202,0.4525,8.51,17.1,139.32,-17.1,673.5,10,0.9,0.332,0.644,0.1819,11
Nov-Dec25,0.85,50,6,YES,0.0,1.0,17,121,0.8182,16.0,1936.0,0.281,0.5371,4.24,211.3,4.63,-182.2,716.6,10,0.6,0.334,0.522,0.1548,16
Nov-Dec25,0.85,50,6,YES,0.0,0.5,17,15,0.5333,57.94,869.0,0.281,0.2523,4.08,300.0,3.9,-300.0,365.1,6,0.833,0.258,0.716,0.1981,8
Nov-Dec25,0.85,50,6,YES,0.0,0.7,17,40,0.625,30.34,1214.0,0.281,0.344,3.09,347.5,2.99,-247.5,587.7,10,0.6,0.341,0.624,0.1893,10
Nov-Dec25,0.85,50,6,YES,0.3,0.8,17,56,0.75,29.03,1626.0,0.281,0.469,4.1,325.5,4.94,-192.5,639.7,10,0.6,0.397,0.611,0.2056,13
Nov-Dec25,0.85,50,9,ALL,0.0,1.0,10,147,0.8571,14.03,2062.0,0.3388,0.5183,7.03,147.0,9.21,-147.0,460.7,10,0.8,0.279,0.659,0.1838,10
Nov-Dec25,0.85,50,9,ALL,0.0,0.5,10,16,0.5,28.52,456.0,0.3388,0.1612,1.96,300.0,1.91,-300.0,363.4,7,0.571,0.474,0.657,0.2748,7
Nov-Dec25,0.85,50,9,ALL,0.0,0.7,10,40,0.625,18.63,745.0,0.3388,0.2862,3.68,100.0,4.76,-100.0,382.9,10,0.6,0.352,0.62,0.1955,9
Nov-Dec25,0.85,50,9,ALL,0.3,0.8,10,60,0.7833,27.43,1646.0,0.3388,0.4445,6.49,171.8,9.65,-171.8,436.1,10,0.8,0.292,0.624,0.1803,10
Nov-Dec25,0.85,50,9,NO,0.0,1.0,10,77,0.9221,20.26,1560.0,0.4202,0.5019,11.51,0.0,inf,22.2,408.6,9,1.0,0.29,0.706,0.2047,10
Nov-Dec25,0.85,50,9,NO,0.0,0.7,10,20,0.75,30.84,617.0,0.4202,0.3298,4.97,83.3,8.41,-83.3,282.7,9,0.778,0.342,0.731,0.2298,7
Nov-Dec25,0.85,50,9,NO,0.3,0.8,10,30,0.8667,35.64,1069.0,0.4202,0.4465,9.0,17.1,63.69,-17.1,309.3,9,0.889,0.297,0.703,0.2083,8
Nov-Dec25,0.85,50,9,YES,0.0,1.0,10,70,0.7857,7.17,502.0,0.281,0.5047,2.05,185.9,2.14,-185.9,383.4,10,0.5,0.205,0.535,0.1481,10
Nov-Dec25,0.85,50,9,YES,0.0,0.7,10,20,0.5,6.41,128.0,0.281,0.219,0.69,200.0,1.25,-161.5,245.9,10,0.5,0.331,0.581,0.246,7
Nov-Dec25,0.85,50,9,YES,0.3,0.8,10,30,0.7,19.22,577.0,0.281,0.419,2.96,244.5,2.67,-171.8,311.1,10,0.7,0.277,0.631,0.182,9
Jan-Feb26,0.55,10,3,ALL,0.0,1.0,3549,72902,0.6106,2.9,211675.0,0.3179,0.2928,3.64,32748.5,4.66,-32748.5,107213.0,9,0.778,0.084,0.196,0.0167,2139
Jan-Feb26,0.55,10,3,ALL,0.0,0.5,3549,24850,0.3082,-0.51,-12757.0,0.3179,-0.0097,-0.19,75759.7,0.93,-66484.0,103735.2,9,0.444,0.095,0.217,0.0215,1583
Jan-Feb26,0.55,10,3,ALL,0.0,0.7,3549,44130,0.4417,0.57,25191.0,0.3179,0.1238,0.38,59515.7,1.17,-59515.7,105077.8,9,0.556,0.088,0.201,0.0185,1882
Jan-Feb26,0.55,10,3,ALL,0.3,0.8,3549,45141,0.5958,2.44,110167.0,0.3179,0.2779,10.26,0.0,inf,3399.5,26652.4,9,1.0,0.013,0.037,0.0024,1894
Jan-Feb26,0.55,10,3,NO,0.0,1.0,3549,45435,0.6593,4.14,188276.0,0.4253,0.234,3.96,2417.2,78.89,-2417.2,117944.3,9,0.889,0.039,0.065,0.0057,1787
Jan-Feb26,0.55,10,3,NO,0.0,0.5,3549,13093,0.3374,-2.45,-32142.0,0.4253,-0.0879,-1.43,84598.3,0.62,-29432.2,18742.4,9,0.444,0.035,0.068,0.0105,1031
Jan-Feb26,0.55,10,3,NO,0.0,0.7,3549,25130,0.4789,1.0,25245.0,0.4253,0.0536,0.9,54172.8,1.47,-19991.9,51834.6,9,0.444,0.031,0.06,0.0079,1420
Jan-Feb26,0.55,10,3,NO,0.3,0.8,3549,27967,0.6277,6.0,167735.0,0.4253,0.2024,6.22,1184.0,142.66,-1184.0,69573.2,9,0.889,0.019,0.048,0.0031,1545
Jan-Feb26,0.55,10,3,YES,0.0,1.0,3549,27467,0.5302,0.85,23399.0,0.2451,0.2851,0.29,51439.1,1.12,-104566.7,106713.5,9,0.444,0.124,0.272,0.0317,1761
Jan-Feb26,0.55,10,3,YES,0.0,0.5,3549,11757,0.2757,1.65,19385.0,0.2451,0.0306,0.27,50023.5,1.11,-83828.4,105200.5,9,0.444,0.142,0.314,0.0421,1330
Jan-Feb26,0.55,10,3,YES,0.0,0.7,3549,19000,0.3925,-0.0,-54.0,0.2451,0.1474,-0.0,64344.2,1.0,-100801.0,106222.2,9,0.333,0.13,0.287,0.0354,1564
Jan-Feb26,0.55,10,3,YES,0.3,0.8,3549,17174,0.5438,-3.35,-57568.0,0.2451,0.2987,-2.82,19567.3,0.23,-46415.2,7781.7,9,0.444,0.009,0.024,0.0022,1493
Jan-Feb26,0.55,10,6,ALL,0.0,1.0,720,32566,0.6272,5.27,171667.0,0.3179,0.3094,4.19,6468.5,25.55,-6468.5,103057.8,9,0.778,0.183,0.279,0.0446,581
Jan-Feb26,0.55,10,6,ALL,0.0,0.5,720,10691,0.2953,2.12,22675.0,0.3179,-0.0226,0.56,35386.5,1.29,-21332.1,81095.9,9,0.333,0.2,0.285,0.0518,468
Jan-Feb26,0.55,10,6,ALL,0.0,0.7,720,18894,0.4416,3.13,59206.0,0.3179,0.1237,1.47,22949.2,2.15,-15014.1,88808.4,9,0.444,0.188,0.272,0.0462,536
Jan-Feb26,0.55,10,6,ALL,0.3,0.8,720,19300,0.6185,4.79,92421.0,0.3179,0.3007,14.01,0.0,inf,907.8,16546.1,9,1.0,0.033,0.09,0.0079,549
Jan-Feb26,0.55,10,6,NO,0.0,1.0,720,21862,0.6697,5.44,118864.0,0.4253,0.2444,4.58,3982.4,30.85,-3982.4,65900.1,9,0.889,0.083,0.139,0.0177,549
Jan-Feb26,0.55,10,6,NO,0.0,0.5,720,6118,0.3143,-1.94,-11871.0,0.4253,-0.1109,-0.92,39434.7,0.72,-17695.6,14709.8,9,0.333,0.069,0.134,0.0262,357
Jan-Feb26,0.55,10,6,NO,0.0,0.7,720,11542,0.4705,2.02,23278.0,0.4253,0.0453,1.51,24524.6,1.92,-14301.0,29115.3,9,0.333,0.065,0.125,0.0213,469
Jan-Feb26,0.55,10,6,NO,0.3,0.8,720,12792,0.6474,7.93,101437.0,0.4253,0.2221,6.91,0.0,inf,95.6,39121.0,9,1.0,0.045,0.112,0.0097,503
Jan-Feb26,0.55,10,6,YES,0.0,1.0,720,10704,0.5405,4.93,52803.0,0.2451,0.2955,1.03,14819.6,1.78,-43911.0,107040.2,9,0.333,0.29,0.362,0.0898,505
Jan-Feb26,0.55,10,6,YES,0.0,0.5,720,4573,0.2698,7.55,34546.0,0.2451,0.0248,0.74,23797.5,1.48,-33550.4,98791.5,9,0.333,0.329,0.406,0.1145,396
Jan-Feb26,0.55,10,6,YES,0.0,0.7,720,7352,0.3961,4.89,35928.0,0.2451,0.151,0.73,18654.0,1.48,-42673.8,103109.4,9,0.333,0.307,0.382,0.1004,464
Jan-Feb26,0.55,10,6,YES,0.3,0.8,720,6508,0.5619,-1.39,-9016.0,0.2451,0.3169,-0.85,3245.4,0.65,-22574.9,6062.0,9,0.667,0.025,0.06,0.0074,458
Jan-Feb26,0.55,10,9,ALL,0.0,1.0,258,14057,0.625,0.58,8104.0,0.3179,0.3072,0.85,14260.8,1.47,-8888.8,18746.1,9,0.556,0.046,0.125,0.0257,228
Jan-Feb26,0.55,10,9,ALL,0.0,0.5,258,4579,0.2957,-10.94,-50077.0,0.3179,-0.0222,-7.17,50300.2,0.04,-15896.3,1988.8,9,0.111,0.042,0.121,0.0361,194
Jan-Feb26,0.55,10,9,ALL,0.0,0.7,258,8123,0.4443,-4.15,-33680.0,0.3179,0.1264,-5.37,39308.7,0.14,-13428.2,3143.4,9,0.222,0.042,0.12,0.0331,217
Jan-Feb26,0.55,10,9,ALL,0.3,0.8,258,8477,0.617,4.06,34435.0,0.3179,0.2991,7.2,705.2,29.83,-705.2,9681.6,9,0.778,0.082,0.136,0.017,224
Jan-Feb26,0.55,10,9,NO,0.0,1.0,258,9167,0.6715,3.79,34712.0,0.4253,0.2463,1.99,9689.3,3.41,-7318.4,39612.1,9,0.667,0.046,0.116,0.0372,218
Jan-Feb26,0.55,10,9,NO,0.0,0.5,258,2512,0.3161,-7.18,-18035.0,0.4253,-0.1092,-1.9,34517.2,0.48,-11209.5,16481.8,9,0.111,0.051,0.127,0.0705,150
Jan-Feb26,0.55,10,9,NO,0.0,0.7,258,4783,0.4773,-0.25,-1190.0,0.4253,0.0521,-0.1,25532.1,0.95,-10791.1,23809.4,9,0.222,0.05,0.121,0.0592,199
Jan-Feb26,0.55,10,9,NO,0.3,0.8,258,5392,0.6478,7.61,41056.0,0.4253,0.2226,5.25,1946.7,11.83,-1946.7,18544.2,9,0.667,0.109,0.185,0.0222,209
Jan-Feb26,0.55,10,9,YES,0.0,1.0,258,4890,0.5378,-5.44,-26609.0,0.2451,0.2928,-3.01,8876.7,0.18,-20865.9,3010.0,9,0.222,0.083,0.15,0.0197,206
Jan-Feb26,0.55,10,9,YES,0.0,0.5,258,2067,0.2709,-15.5,-32042.0,0.2451,0.0259,-4.12,17733.6,0.14,-18247.9,3939.5,9,0.222,0.093,0.162,0.0256,165
Jan-Feb26,0.55,10,9,YES,0.0,0.7,258,3340,0.397,-9.73,-32490.0,0.2451,0.152,-3.87,14502.8,0.1,-20666.0,2678.8,9,0.222,0.084,0.151,0.0234,191
Jan-Feb26,0.55,10,9,YES,0.3,0.8,258,3085,0.563,-2.15,-6620.0,0.2451,0.318,-1.54,4298.3,0.5,-8862.6,2490.9,9,0.556,0.045,0.114,0.0233,188
Jan-Feb26,0.55,30,3,ALL,0.0,1.0,2185,68999,0.6094,3.26,225184.0,0.3179,0.2916,3.97,33321.0,5.23,-33321.0,106770.9,9,0.778,0.093,0.217,0.0203,1473
Jan-Feb26,0.55,30,3,ALL,0.0,0.5,2185,23621,0.3086,0.41,9670.0,0.3179,-0.0092,0.15,66587.7,1.06,-64368.3,103835.2,9,0.444,0.104,0.236,0.0255,1164
Jan-Feb26,0.55,30,3,ALL,0.0,0.7,2185,42077,0.4423,1.09,45721.0,0.3179,0.1244,0.72,58884.1,1.35,-58884.1,104922.5,9,0.556,0.097,0.221,0.0223,1341
Jan-Feb26,0.55,30,3,ALL,0.3,0.8,2185,43002,0.5952,2.42,104196.0,0.3179,0.2773,9.91,0.0,inf,2386.5,25437.4,9,1.0,0.015,0.042,0.0031,1351
Jan-Feb26,0.55,30,3,NO,0.0,1.0,2185,43295,0.6546,3.9,168898.0,0.4253,0.2293,4.08,5284.0,32.96,-5284.0,101745.5,9,0.889,0.043,0.072,0.0069,1291
Jan-Feb26,0.55,30,3,NO,0.0,0.5,2185,12670,0.3355,-2.82,-35740.0,0.4253,-0.0897,-1.6,84951.2,0.58,-32345.2,15545.5,9,0.444,0.038,0.073,0.0121,811
Jan-Feb26,0.55,30,3,NO,0.0,0.7,2185,24264,0.4765,0.67,16237.0,0.4253,0.0513,0.63,56212.6,1.29,-22876.7,43830.6,9,0.444,0.034,0.066,0.0093,1071
Jan-Feb26,0.55,30,3,NO,0.3,0.8,2185,26853,0.6252,5.75,154404.0,0.4253,0.2,6.56,1692.7,92.22,-1692.7,59411.7,9,0.889,0.021,0.053,0.0038,1158
Jan-Feb26,0.55,30,3,YES,0.0,1.0,2185,25704,0.5333,2.19,56286.0,0.2451,0.2883,0.74,45723.1,1.35,-85902.0,106461.6,9,0.444,0.137,0.302,0.0391,1263
Jan-Feb26,0.55,30,3,YES,0.0,0.5,2185,10951,0.2775,4.15,45410.0,0.2451,0.0325,0.66,47370.6,1.31,-67889.1,105300.5,9,0.333,0.156,0.344,0.0507,995
Jan-Feb26,0.55,30,3,YES,0.0,0.7,2185,17813,0.3956,1.66,29484.0,0.2451,0.1506,0.4,60115.0,1.18,-83554.9,106125.7,9,0.444,0.144,0.318,0.0432,1154
Jan-Feb26,0.55,30,3,YES,0.3,0.8,2185,16149,0.5453,-3.11,-50208.0,0.2451,0.3002,-2.77,18641.5,0.25,-40325.9,8261.5,9,0.556,0.011,0.029,0.0028,1116
Jan-Feb26,0.55,30,6,ALL,0.0,1.0,714,32552,0.6273,5.28,171722.0,0.3179,0.3094,4.19,6540.9,25.31,-6540.9,103057.8,9,0.778,0.183,0.279,0.0446,578
Jan-Feb26,0.55,30,6,ALL,0.0,0.5,714,10684,0.2952,2.13,22728.0,0.3179,-0.0227,0.57,35286.5,1.29,-21470.2,81095.9,9,0.333,0.2,0.286,0.0518,466
Jan-Feb26,0.55,30,6,ALL,0.0,0.7,714,18885,0.4416,3.14,59287.0,0.3179,0.1237,1.47,22921.6,2.15,-15152.2,88808.4,9,0.444,0.188,0.272,0.0462,534
Jan-Feb26,0.55,30,6,ALL,0.3,0.8,714,19290,0.6185,4.78,92195.0,0.3179,0.3006,14.05,0.0,inf,907.8,16609.1,9,1.0,0.033,0.091,0.0079,546
Jan-Feb26,0.55,30,6,NO,0.0,1.0,714,21855,0.6697,5.44,118919.0,0.4253,0.2445,4.58,3982.4,30.86,-3982.4,65963.1,9,0.889,0.083,0.139,0.0177,546
Jan-Feb26,0.55,30,6,NO,0.0,0.5,714,6115,0.3143,-1.93,-11771.0,0.4253,-0.111,-0.91,39434.7,0.72,-17695.6,14709.8,9,0.333,0.069,0.135,0.0263,355
Jan-Feb26,0.55,30,6,NO,0.0,0.7,714,11538,0.4705,2.02,23306.0,0.4253,0.0453,1.51,24597.0,1.92,-14301.0,29215.3,9,0.333,0.065,0.125,0.0214,467
Jan-Feb26,0.55,30,6,NO,0.3,0.8,714,12786,0.6473,7.93,101392.0,0.4253,0.2221,6.9,0.0,inf,95.6,39184.0,9,1.0,0.045,0.113,0.0097,500
Jan-Feb26,0.55,30,6,YES,0.0,1.0,714,10697,0.5405,4.94,52803.0,0.2451,0.2955,1.03,14754.7,1.78,-43930.0,107040.2,9,0.333,0.29,0.362,0.0898,503
Jan-Feb26,0.55,30,6,YES,0.0,0.5,714,4569,0.2696,7.55,34500.0,0.2451,0.0246,0.74,23697.5,1.48,-33550.4,98791.5,9,0.333,0.329,0.406,0.1145,394
Jan-Feb26,0.55,30,6,YES,0.0,0.7,714,7347,0.3961,4.9,35981.0,0.2451,0.151,0.73,18554.0,1.49,-42673.8,103109.4,9,0.333,0.307,0.382,0.1005,462
Jan-Feb26,0.55,30,6,YES,0.3,0.8,714,6504,0.5618,-1.41,-9197.0,0.2451,0.3168,-0.86,3353.8,0.65,-22574.9,6162.0,9,0.667,0.025,0.06,0.0074,456
Jan-Feb26,0.55,30,9,ALL,0.0,1.0,258,14057,0.625,0.58,8104.0,0.3179,0.3072,0.85,14260.8,1.47,-8888.8,18746.1,9,0.556,0.046,0.125,0.0257,228
Jan-Feb26,0.55,30,9,ALL,0.0,0.5,258,4579,0.2957,-10.94,-50077.0,0.3179,-0.0222,-7.17,50300.2,0.04,-15896.3,1988.8,9,0.111,0.042,0.121,0.0361,194
Jan-Feb26,0.55,30,9,ALL,0.0,0.7,258,8123,0.4443,-4.15,-33680.0,0.3179,0.1264,-5.37,39308.7,0.14,-13428.2,3143.4,9,0.222,0.042,0.12,0.0331,217
Jan-Feb26,0.55,30,9,ALL,0.3,0.8,258,8477,0.617,4.06,34435.0,0.3179,0.2991,7.2,705.2,29.83,-705.2,9681.6,9,0.778,0.082,0.136,0.017,224
Jan-Feb26,0.55,30,9,NO,0.0,1.0,258,9167,0.6715,3.79,34712.0,0.4253,0.2463,1.99,9689.3,3.41,-7318.4,39612.1,9,0.667,0.046,0.116,0.0372,218
Jan-Feb26,0.55,30,9,NO,0.0,0.5,258,2512,0.3161,-7.18,-18035.0,0.4253,-0.1092,-1.9,34517.2,0.48,-11209.5,16481.8,9,0.111,0.051,0.127,0.0705,150
Jan-Feb26,0.55,30,9,NO,0.0,0.7,258,4783,0.4773,-0.25,-1190.0,0.4253,0.0521,-0.1,25532.1,0.95,-10791.1,23809.4,9,0.222,0.05,0.121,0.0592,199
Jan-Feb26,0.55,30,9,NO,0.3,0.8,258,5392,0.6478,7.61,41056.0,0.4253,0.2226,5.25,1946.7,11.83,-1946.7,18544.2,9,0.667,0.109,0.185,0.0222,209
Jan-Feb26,0.55,30,9,YES,0.0,1.0,258,4890,0.5378,-5.44,-26609.0,0.2451,0.2928,-3.01,8876.7,0.18,-20865.9,3010.0,9,0.222,0.083,0.15,0.0197,206
Jan-Feb26,0.55,30,9,YES,0.0,0.5,258,2067,0.2709,-15.5,-32042.0,0.2451,0.0259,-4.12,17733.6,0.14,-18247.9,3939.5,9,0.222,0.093,0.162,0.0256,165
Jan-Feb26,0.55,30,9,YES,0.0,0.7,258,3340,0.397,-9.73,-32490.0,0.2451,0.152,-3.87,14502.8,0.1,-20666.0,2678.8,9,0.222,0.084,0.151,0.0234,191
Jan-Feb26,0.55,30,9,YES,0.3,0.8,258,3085,0.563,-2.15,-6620.0,0.2451,0.318,-1.54,4298.3,0.5,-8862.6,2490.9,9,0.556,0.045,0.114,0.0233,188
Jan-Feb26,0.55,50,3,ALL,0.0,1.0,1387,64320,0.608,3.76,241658.0,0.3179,0.2901,4.37,27213.8,6.52,-27213.8,106474.4,9,0.778,0.104,0.243,0.0255,999
Jan-Feb26,0.55,50,3,ALL,0.0,0.5,1387,22275,0.312,1.9,42239.0,0.3179,-0.0059,0.68,55065.0,1.29,-55065.0,103807.8,9,0.556,0.114,0.259,0.0307,820
Jan-Feb26,0.55,50,3,ALL,0.0,0.7,1387,39497,0.4437,1.99,78763.0,0.3179,0.1258,1.29,49910.9,1.72,-49910.9,104680.2,9,0.556,0.108,0.246,0.0276,927
Jan-Feb26,0.55,50,3,ALL,0.3,0.8,1387,40349,0.595,2.6,104773.0,0.3179,0.2771,10.97,0.0,inf,2008.6,23702.1,9,1.0,0.018,0.05,0.0041,934
Jan-Feb26,0.55,50,3,NO,0.0,1.0,1387,40673,0.6493,3.64,148215.0,0.4253,0.224,4.29,4450.6,32.13,-4450.6,83696.2,9,0.778,0.048,0.081,0.0085,926
Jan-Feb26,0.55,50,3,NO,0.0,0.5,1387,12174,0.3345,-2.94,-35773.0,0.4253,-0.0908,-1.66,83066.3,0.57,-31352.1,15776.3,9,0.444,0.041,0.079,0.014,635
Jan-Feb26,0.55,50,3,NO,0.0,0.7,1387,23063,0.4736,0.45,10423.0,0.4253,0.0483,0.45,54648.3,1.19,-21413.3,36071.8,9,0.444,0.038,0.073,0.0113,802
Jan-Feb26,0.55,50,3,NO,0.3,0.8,1387,25360,0.6228,5.56,140908.0,0.4253,0.1975,7.24,1817.9,78.51,-1817.9,48351.6,9,0.889,0.025,0.062,0.0049,848
Jan-Feb26,0.55,50,3,YES,0.0,1.0,1387,23647,0.5369,3.95,93442.0,0.2451,0.2919,1.33,31950.9,1.73,-67758.0,106785.3,9,0.444,0.156,0.343,0.0502,875
Jan-Feb26,0.55,50,3,YES,0.0,0.5,1387,10101,0.2849,7.72,78012.0,0.2451,0.0399,1.2,33502.9,1.67,-54449.4,105790.0,9,0.444,0.175,0.385,0.0631,707
Jan-Feb26,0.55,50,3,YES,0.0,0.7,1387,16434,0.4018,4.16,68340.0,0.2451,0.1567,0.99,43820.1,1.52,-66927.5,106530.0,9,0.444,0.163,0.359,0.0551,817
Jan-Feb26,0.55,50,3,YES,0.3,0.8,1387,14989,0.5479,-2.41,-36135.0,0.2451,0.3028,-2.39,16549.6,0.35,-31701.6,9692.6,9,0.556,0.013,0.035,0.0039,795
Jan-Feb26,0.55,50,6,ALL,0.0,1.0,638,32000,0.6261,5.37,171734.0,0.3179,0.3082,4.17,4684.2,33.47,-4684.2,104161.9,9,0.778,0.188,0.287,0.0471,521
Jan-Feb26,0.55,50,6,ALL,0.0,0.5,638,10568,0.2954,2.33,24665.0,0.3179,-0.0224,0.61,34766.3,1.32,-21507.3,82043.4,9,0.333,0.204,0.291,0.0537,425
Jan-Feb26,0.55,50,6,ALL,0.0,0.7,638,18658,0.4417,3.31,61671.0,0.3179,0.1239,1.51,21138.7,2.2,-15499.4,89651.2,9,0.444,0.192,0.279,0.0483,487
Jan-Feb26,0.55,50,6,ALL,0.3,0.8,638,19014,0.6183,4.81,91519.0,0.3179,0.3004,15.05,0.0,inf,841.2,13990.9,9,1.0,0.035,0.095,0.0086,496
Jan-Feb26,0.55,50,6,NO,0.0,1.0,638,21492,0.6669,5.29,113742.0,0.4253,0.2416,4.87,3003.1,38.45,-3003.1,59838.0,9,0.778,0.086,0.144,0.019,492
Jan-Feb26,0.55,50,6,NO,0.0,0.5,638,6076,0.3134,-2.07,-12599.0,0.4253,-0.1119,-1.02,38846.5,0.7,-16895.6,14564.5,9,0.333,0.071,0.137,0.0272,330
Jan-Feb26,0.55,50,6,NO,0.0,0.7,638,11433,0.4692,1.87,21374.0,0.4253,0.0439,1.51,23532.3,1.9,-13448.1,25880.4,9,0.333,0.067,0.128,0.0225,428
Jan-Feb26,0.55,50,6,NO,0.3,0.8,638,12611,0.6459,7.78,98071.0,0.4253,0.2206,7.44,0.0,inf,29.0,35367.1,9,1.0,0.047,0.118,0.0106,453
Jan-Feb26,0.55,50,6,YES,0.0,1.0,638,10508,0.5426,5.52,57992.0,0.2451,0.2976,1.14,12981.1,1.91,-42397.0,107165.0,9,0.333,0.3,0.374,0.0959,452
Jan-Feb26,0.55,50,6,YES,0.0,0.5,638,4492,0.2711,8.3,37264.0,0.2451,0.0261,0.8,22983.2,1.53,-32845.8,98939.0,9,0.333,0.337,0.416,0.12,358
Jan-Feb26,0.55,50,6,YES,0.0,0.7,638,7225,0.3983,5.58,40297.0,0.2451,0.1533,0.82,17243.7,1.57,-41379.7,103099.3,9,0.333,0.316,0.393,0.1063,422
Jan-Feb26,0.55,50,6,YES,0.3,0.8,638,6403,0.564,-1.02,-6553.0,0.2451,0.3189,-0.64,3026.8,0.73,-21530.3,6441.1,9,0.778,0.027,0.064,0.0082,414
Jan-Feb26,0.55,50,9,ALL,0.0,1.0,258,14057,0.625,0.58,8104.0,0.3179,0.3072,0.85,14260.8,1.47,-8888.8,18746.1,9,0.556,0.046,0.125,0.0257,228
Jan-Feb26,0.55,50,9,ALL,0.0,0.5,258,4579,0.2957,-10.94,-50077.0,0.3179,-0.0222,-7.17,50300.2,0.04,-15896.3,1988.8,9,0.111,0.042,0.121,0.0361,194
Jan-Feb26,0.55,50,9,ALL,0.0,0.7,258,8123,0.4443,-4.15,-33680.0,0.3179,0.1264,-5.37,39308.7,0.14,-13428.2,3143.4,9,0.222,0.042,0.12,0.0331,217
Jan-Feb26,0.55,50,9,ALL,0.3,0.8,258,8477,0.617,4.06,34435.0,0.3179,0.2991,7.2,705.2,29.83,-705.2,9681.6,9,0.778,0.082,0.136,0.017,224
Jan-Feb26,0.55,50,9,NO,0.0,1.0,258,9167,0.6715,3.79,34712.0,0.4253,0.2463,1.99,9689.3,3.41,-7318.4,39612.1,9,0.667,0.046,0.116,0.0372,218
Jan-Feb26,0.55,50,9,NO,0.0,0.5,258,2512,0.3161,-7.18,-18035.0,0.4253,-0.1092,-1.9,34517.2,0.48,-11209.5,16481.8,9,0.111,0.051,0.127,0.0705,150
Jan-Feb26,0.55,50,9,NO,0.0,0.7,258,4783,0.4773,-0.25,-1190.0,0.4253,0.0521,-0.1,25532.1,0.95,-10791.1,23809.4,9,0.222,0.05,0.121,0.0592,199
Jan-Feb26,0.55,50,9,NO,0.3,0.8,258,5392,0.6478,7.61,41056.0,0.4253,0.2226,5.25,1946.7,11.83,-1946.7,18544.2,9,0.667,0.109,0.185,0.0222,209
Jan-Feb26,0.55,50,9,YES,0.0,1.0,258,4890,0.5378,-5.44,-26609.0,0.2451,0.2928,-3.01,8876.7,0.18,-20865.9,3010.0,9,0.222,0.083,0.15,0.0197,206
Jan-Feb26,0.55,50,9,YES,0.0,0.5,258,2067,0.2709,-15.5,-32042.0,0.2451,0.0259,-4.12,17733.6,0.14,-18247.9,3939.5,9,0.222,0.093,0.162,0.0256,165
Jan-Feb26,0.55,50,9,YES,0.0,0.7,258,3340,0.397,-9.73,-32490.0,0.2451,0.152,-3.87,14502.8,0.1,-20666.0,2678.8,9,0.222,0.084,0.151,0.0234,191
Jan-Feb26,0.55,50,9,YES,0.3,0.8,258,3085,0.563,-2.15,-6620.0,0.2451,0.318,-1.54,4298.3,0.5,-8862.6,2490.9,9,0.556,0.045,0.114,0.0233,188
Jan-Feb26,0.6,10,3,ALL,0.0,1.0,2575,42180,0.6607,4.62,194896.0,0.3179,0.3428,4.87,5927.6,24.96,-5927.6,102268.8,9,0.778,0.134,0.223,0.0246,1543
Jan-Feb26,0.6,10,3,ALL,0.0,0.5,2575,11236,0.2736,0.82,9199.0,0.3179,-0.0443,0.18,74014.0,1.08,-35256.9,101061.1,9,0.333,0.16,0.253,0.0342,1088
Jan-Feb26,0.6,10,3,ALL,0.0,0.7,2575,20945,0.4428,2.67,55843.0,0.3179,0.125,1.19,45142.5,1.83,-25635.4,100534.1,9,0.333,0.145,0.233,0.0285,1324
Jan-Feb26,0.6,10,3,ALL,0.3,0.8,2575,22704,0.6345,4.11,93260.0,0.3179,0.3166,11.26,561.8,166.99,-561.8,19162.2,9,0.889,0.02,0.057,0.0035,1350
Jan-Feb26,0.6,10,3,NO,0.0,1.0,2575,26702,0.7028,5.54,147956.0,0.4253,0.2776,4.71,1070.1,139.26,-1070.1,82248.0,9,0.889,0.058,0.088,0.009,1298
Jan-Feb26,0.6,10,3,NO,0.0,0.5,2575,6037,0.2953,-2.99,-18069.0,0.4253,-0.1299,-1.33,39235.0,0.64,-17202.6,15098.1,9,0.333,0.056,0.096,0.0179,686
Jan-Feb26,0.6,10,3,NO,0.0,0.7,2575,12025,0.476,2.34,28195.0,0.4253,0.0507,1.69,18789.5,2.16,-9012.6,34824.7,9,0.444,0.049,0.083,0.0126,995
Jan-Feb26,0.6,10,3,NO,0.3,0.8,2575,14208,0.6641,7.44,105742.0,0.4253,0.2389,6.72,1009.1,105.79,-1009.1,41966.2,9,0.889,0.03,0.072,0.0045,1108
Jan-Feb26,0.6,10,3,YES,0.0,1.0,2575,15478,0.5881,3.03,46940.0,0.2451,0.343,0.89,25839.0,1.55,-57189.7,103338.9,9,0.667,0.207,0.289,0.0479,1258
Jan-Feb26,0.6,10,3,YES,0.0,0.5,2575,5199,0.2483,5.24,27268.0,0.2451,0.0033,0.53,37617.7,1.32,-46859.1,103242.1,9,0.556,0.251,0.347,0.0696,901
Jan-Feb26,0.6,10,3,YES,0.0,0.7,2575,8920,0.3981,3.1,27648.0,0.2451,0.153,0.53,31574.5,1.32,-55732.2,103013.3,9,0.556,0.225,0.314,0.056,1085
Jan-Feb26,0.6,10,3,YES,0.3,0.8,2575,8496,0.585,-1.47,-12482.0,0.2451,0.3399,-1.11,4646.8,0.58,-23223.1,9919.4,9,0.556,0.015,0.039,0.0028,1042
Jan-Feb26,0.6,10,6,ALL,0.0,1.0,499,19853,0.6727,5.25,104231.0,0.3179,0.3548,9.19,0.0,inf,127.1,26311.9,9,1.0,0.142,0.196,0.0322,404
Jan-Feb26,0.6,10,6,ALL,0.0,0.5,499,5324,0.2849,-2.16,-11521.0,0.3179,-0.0329,-1.05,28683.0,0.7,-9276.1,16909.6,9,0.222,0.134,0.193,0.0377,313
Jan-Feb26,0.6,10,6,ALL,0.0,0.7,499,9918,0.454,1.9,18840.0,0.3179,0.1362,1.99,10666.3,2.42,-5220.0,17706.9,9,0.444,0.127,0.182,0.0328,369
Jan-Feb26,0.6,10,6,ALL,0.3,0.8,499,10723,0.6515,7.03,75376.0,0.3179,0.3336,13.93,0.0,inf,340.4,14305.8,9,1.0,0.05,0.137,0.0128,383
Jan-Feb26,0.6,10,6,NO,0.0,1.0,499,13776,0.6988,6.84,94213.0,0.4253,0.2735,5.07,198.5,475.65,-198.5,48246.3,9,0.889,0.122,0.183,0.0311,382
Jan-Feb26,0.6,10,6,NO,0.0,0.5,499,3297,0.2863,-0.61,-2012.0,0.4253,-0.1389,-0.19,20175.6,0.93,-8839.4,14715.1,9,0.333,0.105,0.179,0.0474,229
Jan-Feb26,0.6,10,6,NO,0.0,0.7,499,6396,0.467,3.49,22351.0,0.4253,0.0417,1.93,10240.4,2.38,-5586.8,22161.9,9,0.444,0.097,0.164,0.0375,320
Jan-Feb26,0.6,10,6,NO,0.3,0.8,499,7312,0.6742,9.39,68653.0,0.4253,0.249,7.22,588.2,117.71,-588.2,25660.3,9,0.889,0.069,0.162,0.0162,349
Jan-Feb26,0.6,10,6,YES,0.0,1.0,499,6077,0.6136,1.65,10018.0,0.2451,0.3686,0.78,5571.1,1.36,-21934.5,12601.4,9,0.667,0.11,0.194,0.0214,350
Jan-Feb26,0.6,10,6,YES,0.0,0.5,499,2027,0.2827,-4.69,-9509.0,0.2451,0.0376,-1.05,11114.9,0.67,-15441.5,9405.6,9,0.444,0.136,0.243,0.0298,259
Jan-Feb26,0.6,10,6,YES,0.0,0.7,499,3522,0.4304,-1.0,-3511.0,0.2451,0.1854,-0.3,8199.1,0.88,-21373.4,10071.9,9,0.556,0.124,0.217,0.025,314
Jan-Feb26,0.6,10,6,YES,0.3,0.8,499,3411,0.6028,1.97,6723.0,0.2451,0.3577,1.05,539.3,1.55,-11578.7,6660.9,9,0.667,0.041,0.094,0.0091,312
Jan-Feb26,0.6,10,9,ALL,0.0,1.0,188,8659,0.6671,2.25,19489.0,0.3179,0.3492,1.82,11419.0,2.29,-8380.4,21888.6,9,0.444,0.061,0.167,0.0413,164
Jan-Feb26,0.6,10,9,ALL,0.0,0.5,188,2197,0.2572,-10.93,-24010.0,0.3179,-0.0607,-3.2,36169.9,0.34,-11743.6,7147.8,9,0.222,0.059,0.17,0.0627,135
Jan-Feb26,0.6,10,9,ALL,0.0,0.7,188,4227,0.4457,-2.82,-11910.0,0.3179,0.1278,-1.55,27245.5,0.56,-11364.1,9520.3,9,0.222,0.059,0.168,0.0566,156
Jan-Feb26,0.6,10,9,ALL,0.3,0.8,188,4615,0.6531,5.78,26667.0,0.3179,0.3352,6.9,1476.0,18.59,-1476.0,7726.0,9,0.778,0.124,0.191,0.0268,162
Jan-Feb26,0.6,10,9,NO,0.0,1.0,188,6262,0.6937,3.62,22683.0,0.4253,0.2684,1.61,10962.9,2.58,-6279.3,31320.0,9,0.556,0.058,0.148,0.0575,156
Jan-Feb26,0.6,10,9,NO,0.0,0.5,188,1449,0.2602,-12.58,-18233.0,0.4253,-0.1651,-2.22,32347.9,0.44,-8838.1,14115.3,9,0.111,0.065,0.161,0.1093,99
Jan-Feb26,0.6,10,9,NO,0.0,0.7,188,2877,0.4605,-2.4,-6919.0,0.4253,0.0353,-0.71,25486.3,0.73,-8626.7,18567.6,9,0.111,0.062,0.152,0.0893,142
Jan-Feb26,0.6,10,9,NO,0.3,0.8,188,3269,0.6751,8.3,27126.0,0.4253,0.2499,5.07,1173.8,12.92,-1173.8,12547.4,9,0.667,0.157,0.235,0.0372,151
Jan-Feb26,0.6,10,9,YES,0.0,1.0,188,2397,0.5974,-1.33,-3194.0,0.2451,0.3524,-0.53,5315.6,0.8,-9431.4,8623.4,9,0.556,0.134,0.227,0.0315,148
Jan-Feb26,0.6,10,9,YES,0.0,0.5,188,748,0.2513,-7.72,-5777.0,0.2451,0.0063,-1.11,8286.0,0.63,-6967.5,8158.6,9,0.333,0.165,0.272,0.0436,110
Jan-Feb26,0.6,10,9,YES,0.0,0.7,188,1350,0.4141,-3.7,-4991.0,0.2451,0.169,-0.86,6326.9,0.69,-9047.2,8520.8,9,0.333,0.143,0.241,0.0345,134
Jan-Feb26,0.6,10,9,YES,0.3,0.8,188,1346,0.5996,-0.34,-459.0,0.2451,0.3545,-0.18,1192.2,0.93,-4821.4,2225.8,9,0.556,0.062,0.119,0.0163,133
Jan-Feb26,0.6,30,3,ALL,0.0,1.0,1485,38864,0.6613,5.15,200336.0,0.3179,0.3434,5.1,4922.5,41.7,-4922.5,102003.9,9,0.889,0.152,0.254,0.0315,1001
Jan-Feb26,0.6,30,3,ALL,0.0,0.5,1485,10268,0.2705,2.44,25044.0,0.3179,-0.0474,0.51,65782.8,1.26,-32425.9,101061.1,9,0.333,0.179,0.283,0.0427,763
Jan-Feb26,0.6,30,3,ALL,0.0,0.7,1485,19302,0.4425,3.5,67549.0,0.3179,0.1247,1.47,38513.7,2.23,-23972.1,100509.1,9,0.333,0.165,0.264,0.0363,895
Jan-Feb26,0.6,30,3,ALL,0.3,0.8,1485,20931,0.6357,4.07,85166.0,0.3179,0.3178,11.85,651.0,131.83,-651.0,17069.2,9,0.889,0.024,0.068,0.0049,909
Jan-Feb26,0.6,30,3,NO,0.0,1.0,1485,24826,0.6986,5.26,130698.0,0.4253,0.2733,5.02,1260.3,104.7,-1260.3,68640.9,9,0.889,0.067,0.1,0.0116,877
Jan-Feb26,0.6,30,3,NO,0.0,0.5,1485,5684,0.2898,-3.79,-21524.0,0.4253,-0.1355,-1.64,39691.2,0.58,-16202.3,12816.2,9,0.333,0.062,0.106,0.0218,512
Jan-Feb26,0.6,30,3,NO,0.0,0.7,1485,11299,0.4717,1.77,19979.0,0.4253,0.0465,1.37,20404.8,1.74,-9473.0,28211.9,9,0.444,0.055,0.094,0.0158,709
Jan-Feb26,0.6,30,3,NO,0.3,0.8,1485,13257,0.6625,7.16,94919.0,0.4253,0.2373,7.49,1102.1,87.12,-1102.1,33493.6,9,0.889,0.036,0.084,0.0061,782
Jan-Feb26,0.6,30,3,YES,0.0,1.0,1485,14038,0.5952,4.96,69638.0,0.2451,0.3502,1.4,18464.0,2.04,-44903.7,103264.3,9,0.667,0.238,0.332,0.063,854
Jan-Feb26,0.6,30,3,YES,0.0,0.5,1485,4584,0.2465,10.16,46567.0,0.2451,0.0015,0.96,31558.3,1.69,-35811.4,103242.1,9,0.556,0.285,0.394,0.0895,641
Jan-Feb26,0.6,30,3,YES,0.0,0.7,1485,8003,0.4013,5.94,47570.0,0.2451,0.1563,0.96,25721.1,1.68,-44405.4,103047.0,9,0.556,0.257,0.358,0.0731,763
Jan-Feb26,0.6,30,3,YES,0.3,0.8,1485,7674,0.5894,-1.27,-9753.0,0.2451,0.3443,-0.98,4969.7,0.62,-19652.9,9767.3,9,0.556,0.018,0.049,0.004,740
Jan-Feb26,0.6,30,6,ALL,0.0,1.0,494,19846,0.6727,5.26,104331.0,0.3179,0.3549,9.2,0.0,inf,127.1,26355.8,9,1.0,0.142,0.196,0.0322,402
Jan-Feb26,0.6,30,6,ALL,0.0,0.5,494,5320,0.285,-2.13,-11329.0,0.3179,-0.0329,-1.03,28683.0,0.7,-9276.1,16909.6,9,0.222,0.134,0.193,0.0377,312
Jan-Feb26,0.6,30,6,ALL,0.0,0.7,494,9914,0.4541,1.92,19031.0,0.3179,0.1362,2.01,10666.3,2.44,-5220.0,17706.9,9,0.444,0.128,0.182,0.0328,368
Jan-Feb26,0.6,30,6,ALL,0.3,0.8,494,10719,0.6515,7.02,75296.0,0.3179,0.3336,13.84,0.0,inf,340.4,14305.8,9,1.0,0.05,0.137,0.0128,381
Jan-Feb26,0.6,30,6,NO,0.0,1.0,494,13772,0.6988,6.85,94341.0,0.4253,0.2735,5.07,198.5,476.3,-198.5,48309.3,9,0.889,0.122,0.183,0.0312,380
Jan-Feb26,0.6,30,6,NO,0.0,0.5,494,3295,0.2865,-0.55,-1812.0,0.4253,-0.1388,-0.17,20175.6,0.94,-8839.4,14715.1,9,0.333,0.105,0.179,0.0476,228
Jan-Feb26,0.6,30,6,NO,0.0,0.7,494,6394,0.4672,3.53,22551.0,0.4253,0.0419,1.94,10240.4,2.39,-5586.8,22261.9,9,0.444,0.097,0.164,0.0376,319
Jan-Feb26,0.6,30,6,NO,0.3,0.8,494,7309,0.6742,9.4,68681.0,0.4253,0.249,7.2,588.2,117.76,-588.2,25723.4,9,0.889,0.069,0.162,0.0162,347
Jan-Feb26,0.6,30,6,YES,0.0,1.0,494,6074,0.6136,1.64,9990.0,0.2451,0.3685,0.78,5571.1,1.36,-21953.5,12493.0,9,0.667,0.11,0.194,0.0214,349
Jan-Feb26,0.6,30,6,YES,0.0,0.5,494,2025,0.2825,-4.7,-9517.0,0.2451,0.0374,-1.05,11114.9,0.67,-15441.5,9297.3,9,0.444,0.136,0.243,0.0298,258
Jan-Feb26,0.6,30,6,YES,0.0,0.7,494,3520,0.4304,-1.0,-3519.0,0.2451,0.1853,-0.31,8199.1,0.88,-21373.4,9963.6,9,0.556,0.124,0.217,0.025,313
Jan-Feb26,0.6,30,6,YES,0.3,0.8,494,3410,0.6026,1.94,6614.0,0.2451,0.3576,1.03,539.3,1.53,-11578.7,6660.9,9,0.667,0.042,0.095,0.0091,311
Jan-Feb26,0.6,30,9,ALL,0.0,1.0,188,8659,0.6671,2.25,19489.0,0.3179,0.3492,1.82,11419.0,2.29,-8380.4,21888.6,9,0.444,0.061,0.167,0.0413,164
Jan-Feb26,0.6,30,9,ALL,0.0,0.5,188,2197,0.2572,-10.93,-24010.0,0.3179,-0.0607,-3.2,36169.9,0.34,-11743.6,7147.8,9,0.222,0.059,0.17,0.0627,135
Jan-Feb26,0.6,30,9,ALL,0.0,0.7,188,4227,0.4457,-2.82,-11910.0,0.3179,0.1278,-1.55,27245.5,0.56,-11364.1,9520.3,9,0.222,0.059,0.168,0.0566,156
Jan-Feb26,0.6,30,9,ALL,0.3,0.8,188,4615,0.6531,5.78,26667.0,0.3179,0.3352,6.9,1476.0,18.59,-1476.0,7726.0,9,0.778,0.124,0.191,0.0268,162
Jan-Feb26,0.6,30,9,NO,0.0,1.0,188,6262,0.6937,3.62,22683.0,0.4253,0.2684,1.61,10962.9,2.58,-6279.3,31320.0,9,0.556,0.058,0.148,0.0575,156
Jan-Feb26,0.6,30,9,NO,0.0,0.5,188,1449,0.2602,-12.58,-18233.0,0.4253,-0.1651,-2.22,32347.9,0.44,-8838.1,14115.3,9,0.111,0.065,0.161,0.1093,99
Jan-Feb26,0.6,30,9,NO,0.0,0.7,188,2877,0.4605,-2.4,-6919.0,0.4253,0.0353,-0.71,25486.3,0.73,-8626.7,18567.6,9,0.111,0.062,0.152,0.0893,142
Jan-Feb26,0.6,30,9,NO,0.3,0.8,188,3269,0.6751,8.3,27126.0,0.4253,0.2499,5.07,1173.8,12.92,-1173.8,12547.4,9,0.667,0.157,0.235,0.0372,151
Jan-Feb26,0.6,30,9,YES,0.0,1.0,188,2397,0.5974,-1.33,-3194.0,0.2451,0.3524,-0.53,5315.6,0.8,-9431.4,8623.4,9,0.556,0.134,0.227,0.0315,148
Jan-Feb26,0.6,30,9,YES,0.0,0.5,188,748,0.2513,-7.72,-5777.0,0.2451,0.0063,-1.11,8286.0,0.63,-6967.5,8158.6,9,0.333,0.165,0.272,0.0436,110
Jan-Feb26,0.6,30,9,YES,0.0,0.7,188,1350,0.4141,-3.7,-4991.0,0.2451,0.169,-0.86,6326.9,0.69,-9047.2,8520.8,9,0.333,0.143,0.241,0.0345,134
Jan-Feb26,0.6,30,9,YES,0.3,0.8,188,1346,0.5996,-0.34,-459.0,0.2451,0.3545,-0.18,1192.2,0.93,-4821.4,2225.8,9,0.556,0.062,0.119,0.0163,133
Jan-Feb26,0.6,50,3,ALL,0.0,1.0,887,35401,0.6618,5.9,208822.0,0.3179,0.344,5.44,1413.3,148.75,-1413.3,102208.8,9,0.889,0.176,0.293,0.042,645
Jan-Feb26,0.6,50,3,ALL,0.0,0.5,887,9341,0.2743,5.29,49412.0,0.3179,-0.0436,1.04,55768.3,1.66,-25801.1,101284.1,9,0.333,0.203,0.321,0.0546,510
Jan-Feb26,0.6,50,3,ALL,0.0,0.7,887,17604,0.4459,5.18,91187.0,0.3179,0.1281,2.06,27989.0,3.32,-18003.5,100706.0,9,0.556,0.189,0.303,0.0478,590
Jan-Feb26,0.6,50,3,ALL,0.3,0.8,887,19163,0.637,4.28,81928.0,0.3179,0.3191,11.67,1125.1,73.82,-1125.1,16611.2,9,0.889,0.03,0.084,0.007,603
Jan-Feb26,0.6,50,3,NO,0.0,1.0,887,22916,0.6926,4.85,111075.0,0.4253,0.2673,5.59,1285.5,87.41,-1285.5,52891.7,9,0.889,0.077,0.116,0.0153,598
Jan-Feb26,0.6,50,3,NO,0.0,0.5,887,5351,0.2857,-4.33,-23189.0,0.4253,-0.1395,-1.88,40359.0,0.54,-15395.2,13006.9,9,0.333,0.069,0.117,0.0263,386
Jan-Feb26,0.6,50,3,NO,0.0,0.7,887,10562,0.4674,1.31,13827.0,0.4253,0.0422,1.13,21107.0,1.53,-9747.9,21496.9,9,0.444,0.063,0.106,0.0199,510
Jan-Feb26,0.6,50,3,NO,0.3,0.8,887,12302,0.6597,6.72,82704.0,0.4253,0.2345,8.68,1465.7,57.43,-1465.7,24080.6,9,0.889,0.043,0.101,0.0084,544
Jan-Feb26,0.6,50,3,YES,0.0,1.0,887,12485,0.6054,7.83,97746.0,0.2451,0.3604,2.1,8152.1,3.15,-32199.0,103494.3,9,0.667,0.28,0.392,0.0874,564
Jan-Feb26,0.6,50,3,YES,0.0,0.5,887,3990,0.2589,18.2,72601.0,0.2451,0.0138,1.56,21123.0,2.55,-25840.7,103531.6,9,0.556,0.332,0.458,0.1207,427
Jan-Feb26,0.6,50,3,YES,0.0,0.7,887,7042,0.4137,10.99,77360.0,0.2451,0.1686,1.65,14310.7,2.6,-32849.0,103336.5,9,0.667,0.302,0.422,0.1009,514
Jan-Feb26,0.6,50,3,YES,0.3,0.8,887,6861,0.5963,-0.11,-777.0,0.2451,0.3512,-0.1,3486.8,0.96,-13937.5,9596.3,9,0.667,0.023,0.062,0.0059,508
Jan-Feb26,0.6,50,6,ALL,0.0,1.0,424,19307,0.672,5.41,104485.0,0.3179,0.3542,10.08,0.0,inf,112.0,23404.6,9,1.0,0.15,0.206,0.0355,348
Jan-Feb26,0.6,50,6,ALL,0.0,0.5,424,5207,0.2854,-1.75,-9137.0,0.3179,-0.0325,-0.83,26424.8,0.75,-8385.5,17031.8,9,0.222,0.139,0.2,0.0405,273
Jan-Feb26,0.6,50,6,ALL,0.0,0.7,424,9693,0.4548,2.22,21537.0,0.3179,0.1369,2.22,7479.7,2.78,-4805.7,18279.6,9,0.333,0.133,0.19,0.0357,323
Jan-Feb26,0.6,50,6,ALL,0.3,0.8,424,10450,0.6519,7.16,74778.0,0.3179,0.334,15.06,0.0,inf,340.4,13932.3,9,1.0,0.054,0.148,0.0147,333
Jan-Feb26,0.6,50,6,NO,0.0,1.0,424,13416,0.6951,6.67,89461.0,0.4253,0.2699,5.51,213.6,419.88,-213.6,42341.5,9,0.889,0.128,0.192,0.0345,328
Jan-Feb26,0.6,50,6,NO,0.0,0.5,424,3257,0.2846,-0.77,-2507.0,0.4253,-0.1406,-0.25,19587.5,0.91,-8867.2,14569.8,9,0.333,0.108,0.184,0.05,204
Jan-Feb26,0.6,50,6,NO,0.0,0.7,424,6291,0.4648,3.31,20818.0,0.4253,0.0395,1.98,9108.9,2.31,-4747.9,19059.5,9,0.444,0.101,0.17,0.0406,282
Jan-Feb26,0.6,50,6,NO,0.3,0.8,424,7137,0.6724,9.19,65597.0,0.4253,0.2472,8.01,588.2,112.51,-588.2,22039.0,9,0.889,0.075,0.175,0.0186,302
Jan-Feb26,0.6,50,6,YES,0.0,1.0,424,5891,0.6194,2.55,15024.0,0.2451,0.3744,1.22,3875.7,1.61,-20620.5,12932.4,9,0.667,0.119,0.21,0.0247,301
Jan-Feb26,0.6,50,6,YES,0.0,0.5,424,1950,0.2867,-3.4,-6630.0,0.2451,0.0416,-0.75,10500.6,0.75,-14736.9,9497.3,9,0.444,0.145,0.26,0.0337,223
Jan-Feb26,0.6,50,6,YES,0.0,0.7,424,3402,0.4362,0.21,719.0,0.2451,0.1912,0.06,6988.8,1.03,-20179.4,10315.2,9,0.556,0.134,0.234,0.0286,275
Jan-Feb26,0.6,50,6,YES,0.3,0.8,424,3313,0.6076,2.77,9182.0,0.2451,0.3626,1.5,54.6,1.85,-10734.0,6840.0,9,0.778,0.046,0.104,0.0106,271
Jan-Feb26,0.6,50,9,ALL,0.0,1.0,188,8659,0.6671,2.25,19489.0,0.3179,0.3492,1.82,11419.0,2.29,-8380.4,21888.6,9,0.444,0.061,0.167,0.0413,164
Jan-Feb26,0.6,50,9,ALL,0.0,0.5,188,2197,0.2572,-10.93,-24010.0,0.3179,-0.0607,-3.2,36169.9,0.34,-11743.6,7147.8,9,0.222,0.059,0.17,0.0627,135
Jan-Feb26,0.6,50,9,ALL,0.0,0.7,188,4227,0.4457,-2.82,-11910.0,0.3179,0.1278,-1.55,27245.5,0.56,-11364.1,9520.3,9,0.222,0.059,0.168,0.0566,156
Jan-Feb26,0.6,50,9,ALL,0.3,0.8,188,4615,0.6531,5.78,26667.0,0.3179,0.3352,6.9,1476.0,18.59,-1476.0,7726.0,9,0.778,0.124,0.191,0.0268,162
Jan-Feb26,0.6,50,9,NO,0.0,1.0,188,6262,0.6937,3.62,22683.0,0.4253,0.2684,1.61,10962.9,2.58,-6279.3,31320.0,9,0.556,0.058,0.148,0.0575,156
Jan-Feb26,0.6,50,9,NO,0.0,0.5,188,1449,0.2602,-12.58,-18233.0,0.4253,-0.1651,-2.22,32347.9,0.44,-8838.1,14115.3,9,0.111,0.065,0.161,0.1093,99
Jan-Feb26,0.6,50,9,NO,0.0,0.7,188,2877,0.4605,-2.4,-6919.0,0.4253,0.0353,-0.71,25486.3,0.73,-8626.7,18567.6,9,0.111,0.062,0.152,0.0893,142
Jan-Feb26,0.6,50,9,NO,0.3,0.8,188,3269,0.6751,8.3,27126.0,0.4253,0.2499,5.07,1173.8,12.92,-1173.8,12547.4,9,0.667,0.157,0.235,0.0372,151
Jan-Feb26,0.6,50,9,YES,0.0,1.0,188,2397,0.5974,-1.33,-3194.0,0.2451,0.3524,-0.53,5315.6,0.8,-9431.4,8623.4,9,0.556,0.134,0.227,0.0315,148
Jan-Feb26,0.6,50,9,YES,0.0,0.5,188,748,0.2513,-7.72,-5777.0,0.2451,0.0063,-1.11,8286.0,0.63,-6967.5,8158.6,9,0.333,0.165,0.272,0.0436,110
Jan-Feb26,0.6,50,9,YES,0.0,0.7,188,1350,0.4141,-3.7,-4991.0,0.2451,0.169,-0.86,6326.9,0.69,-9047.2,8520.8,9,0.333,0.143,0.241,0.0345,134
Jan-Feb26,0.6,50,9,YES,0.3,0.8,188,1346,0.5996,-0.34,-459.0,0.2451,0.3545,-0.18,1192.2,0.93,-4821.4,2225.8,9,0.556,0.062,0.119,0.0163,133
Jan-Feb26,0.65,10,3,ALL,0.0,1.0,1712,26175,0.7025,5.18,135704.0,0.3179,0.3846,9.28,0.0,inf,193.6,33033.0,9,1.0,0.101,0.138,0.0143,1044
Jan-Feb26,0.65,10,3,ALL,0.0,0.5,1712,5760,0.3007,0.28,1623.0,0.3179,-0.0172,0.12,17713.9,1.05,-12763.8,20430.1,9,0.444,0.113,0.163,0.0187,687
Jan-Feb26,0.65,10,3,ALL,0.0,0.7,1712,11445,0.4734,3.22,36850.0,0.3179,0.1555,3.1,8716.1,3.01,-7641.5,20052.9,9,0.556,0.1,0.143,0.0149,867
Jan-Feb26,0.65,10,3,ALL,0.3,0.8,1712,13493,0.6541,6.07,81924.0,0.3179,0.3362,12.5,0.0,inf,20.2,18858.0,9,1.0,0.033,0.085,0.0053,892
Jan-Feb26,0.65,10,3,NO,0.0,1.0,1712,16083,0.745,9.91,159323.0,0.4253,0.3197,6.66,0.0,inf,13.6,65677.2,9,1.0,0.093,0.14,0.0136,887
Jan-Feb26,0.65,10,3,NO,0.0,0.5,1712,2918,0.3365,15.66,45705.0,0.4253,-0.0887,4.45,4167.5,5.72,-4167.5,18109.5,9,0.556,0.103,0.173,0.0228,432
Jan-Feb26,0.65,10,3,NO,0.0,0.7,1712,6327,0.5156,12.22,77314.0,0.4253,0.0903,6.26,1195.9,65.65,-979.0,29195.0,9,0.778,0.085,0.143,0.0157,644
Jan-Feb26,0.65,10,3,NO,0.3,0.8,1712,8226,0.6862,9.9,81438.0,0.4253,0.261,6.57,453.5,180.56,-453.5,33327.5,9,0.889,0.048,0.091,0.0068,739
Jan-Feb26,0.65,10,3,YES,0.0,1.0,1712,10092,0.6348,-2.34,-23618.0,0.2451,0.3897,-1.5,10155.5,0.52,-32644.2,8143.6,9,0.556,0.068,0.101,0.0083,850
Jan-Feb26,0.65,10,3,YES,0.0,0.5,1712,2842,0.2639,-15.51,-44082.0,0.2451,0.0188,-3.74,24127.9,0.17,-25770.2,5007.8,9,0.333,0.089,0.128,0.0123,570
Jan-Feb26,0.65,10,3,YES,0.0,0.7,1712,5118,0.4213,-7.91,-40464.0,0.2451,0.1762,-2.8,17508.1,0.26,-31824.8,5915.8,9,0.333,0.08,0.112,0.01,706
Jan-Feb26,0.65,10,3,YES,0.3,0.8,1712,5267,0.6039,0.09,486.0,0.2451,0.3589,0.07,0.0,1.03,-14469.4,7451.7,9,0.889,0.023,0.059,0.0041,689
Jan-Feb26,0.65,10,6,ALL,0.0,1.0,338,12992,0.7086,9.78,127079.0,0.3179,0.3907,10.65,0.0,inf,338.5,27306.1,9,1.0,0.212,0.292,0.0565,276
Jan-Feb26,0.65,10,6,ALL,0.0,0.5,338,3017,0.3162,14.31,43159.0,0.3179,-0.0017,4.35,4158.3,10.2,-4158.3,21590.9,9,0.778,0.229,0.33,0.0692,200
Jan-Feb26,0.65,10,6,ALL,0.0,0.7,338,5838,0.4832,11.32,66077.0,0.3179,0.1653,6.9,1241.1,54.24,-693.1,22355.6,9,0.778,0.208,0.297,0.058,245
Jan-Feb26,0.65,10,6,ALL,0.3,0.8,338,6769,0.6707,9.25,62619.0,0.3179,0.3528,14.13,0.0,inf,337.5,13099.5,9,1.0,0.076,0.175,0.0186,258
Jan-Feb26,0.65,10,6,NO,0.0,1.0,338,8761,0.736,12.22,107046.0,0.4253,0.3107,7.68,168.3,637.02,-168.3,36761.8,9,0.889,0.183,0.275,0.0456,263
Jan-Feb26,0.65,10,6,NO,0.0,0.5,338,1787,0.3279,21.45,38339.0,0.4253,-0.0973,4.23,4896.6,7.7,-4896.6,19668.8,9,0.556,0.183,0.307,0.0637,149
Jan-Feb26,0.65,10,6,NO,0.0,0.7,338,3658,0.5046,15.51,56749.0,0.4253,0.0794,6.17,1775.5,23.12,-1775.5,18948.7,9,0.778,0.16,0.267,0.0479,211
Jan-Feb26,0.65,10,6,NO,0.3,0.8,338,4548,0.697,12.36,56219.0,0.4253,0.2717,8.33,513.9,110.39,-513.9,18893.5,9,0.889,0.103,0.192,0.0233,238
Jan-Feb26,0.65,10,6,YES,0.0,1.0,338,4231,0.6519,4.73,20034.0,0.2451,0.4068,2.52,2823.0,2.56,-10057.3,12040.7,9,0.667,0.166,0.244,0.0379,240
Jan-Feb26,0.65,10,6,YES,0.0,0.5,338,1230,0.2992,3.92,4820.0,0.2451,0.0541,0.85,7386.0,1.36,-5905.9,7854.7,9,0.556,0.226,0.309,0.0619,165
Jan-Feb26,0.65,10,6,YES,0.0,0.7,338,2180,0.4472,4.28,9327.0,0.2451,0.2022,1.29,4796.0,1.64,-9713.7,9980.3,9,0.667,0.198,0.277,0.0489,209
Jan-Feb26,0.65,10,6,YES,0.3,0.8,338,2221,0.6168,2.88,6400.0,0.2451,0.3718,1.77,1111.6,1.93,-5794.0,4627.1,9,0.778,0.062,0.126,0.0135,210
Jan-Feb26,0.65,10,9,ALL,0.0,1.0,128,5402,0.7179,7.02,37919.0,0.3179,0.4,5.15,0.0,inf,136.0,19360.7,9,1.0,0.112,0.241,0.0322,113
Jan-Feb26,0.65,10,9,ALL,0.0,0.5,128,1086,0.3168,6.29,6830.0,0.3179,-0.0011,1.91,5425.3,2.26,-2684.8,7210.1,9,0.667,0.127,0.272,0.0533,89
Jan-Feb26,0.65,10,9,ALL,0.0,0.7,128,2296,0.4965,6.56,15062.0,0.3179,0.1786,4.01,1323.3,11.21,-792.7,9039.5,9,0.667,0.122,0.261,0.043,105
Jan-Feb26,0.65,10,9,ALL,0.3,0.8,128,2817,0.6848,9.88,27823.0,0.3179,0.3669,10.43,0.0,inf,308.9,6842.1,9,1.0,0.174,0.27,0.0451,111
Jan-Feb26,0.65,10,9,NO,0.0,1.0,128,3728,0.7468,10.13,37776.0,0.4253,0.3215,3.91,1256.7,28.04,-1256.7,24394.4,9,0.778,0.094,0.223,0.0295,110
Jan-Feb26,0.65,10,9,NO,0.0,0.5,128,676,0.3343,14.13,9552.0,0.4253,-0.0909,2.05,2864.9,3.8,-1115.9,10758.9,9,0.444,0.128,0.287,0.0718,67
Jan-Feb26,0.65,10,9,NO,0.0,0.7,128,1477,0.5206,11.72,17304.0,0.4253,0.0954,2.96,1672.3,8.76,-1672.3,14092.9,9,0.667,0.109,0.249,0.0464,97
Jan-Feb26,0.65,10,9,NO,0.3,0.8,128,1898,0.7144,13.76,26123.0,0.4253,0.2892,7.19,123.6,182.39,-123.6,9470.9,9,0.778,0.216,0.324,0.0617,105
Jan-Feb26,0.65,10,9,YES,0.0,1.0,128,1674,0.6535,0.09,143.0,0.2451,0.4085,0.05,2768.3,1.02,-5033.7,3846.1,9,0.667,0.12,0.193,0.0297,102
Jan-Feb26,0.65,10,9,YES,0.0,0.5,128,410,0.2878,-6.64,-2722.0,0.2451,0.0428,-1.18,4393.7,0.66,-3548.8,1881.6,9,0.556,0.158,0.245,0.0458,70
Jan-Feb26,0.65,10,9,YES,0.0,0.7,128,819,0.453,-2.74,-2242.0,0.2451,0.2079,-0.81,3022.7,0.72,-5053.4,2524.7,9,0.667,0.133,0.201,0.0338,90
Jan-Feb26,0.65,10,9,YES,0.3,0.8,128,919,0.6235,1.85,1699.0,0.2451,0.3785,1.02,717.5,1.51,-2628.7,2176.8,9,0.778,0.083,0.161,0.0247,91
Jan-Feb26,0.65,30,3,ALL,0.0,1.0,927,23509,0.7066,5.81,136701.0,0.3179,0.3887,10.04,0.0,inf,9.4,32446.8,9,1.0,0.123,0.169,0.0208,626
Jan-Feb26,0.65,30,3,ALL,0.0,0.5,927,5029,0.2989,2.11,10621.0,0.3179,-0.019,0.93,13667.4,1.49,-9518.1,20940.8,9,0.444,0.138,0.199,0.0273,450
Jan-Feb26,0.65,30,3,ALL,0.0,0.7,927,10183,0.4762,4.24,43206.0,0.3179,0.1583,4.18,5612.6,4.88,-5612.6,20672.9,9,0.667,0.123,0.176,0.0221,546
Jan-Feb26,0.65,30,3,ALL,0.3,0.8,927,12102,0.6571,6.2,75021.0,0.3179,0.3392,13.46,69.0,1088.32,-69.0,15723.3,9,0.889,0.041,0.106,0.0079,561
Jan-Feb26,0.65,30,3,NO,0.0,1.0,927,14552,0.7432,9.95,144851.0,0.4253,0.3179,7.19,153.1,947.05,-153.1,55587.3,9,0.889,0.111,0.167,0.0188,557
Jan-Feb26,0.65,30,3,NO,0.0,0.5,927,2641,0.3317,15.85,41863.0,0.4253,-0.0936,4.15,4718.2,5.64,-4718.2,18855.9,9,0.556,0.121,0.203,0.0305,305
Jan-Feb26,0.65,30,3,NO,0.0,0.7,927,5758,0.513,12.14,69918.0,0.4253,0.0878,6.33,1037.7,50.89,-1037.7,24524.2,9,0.778,0.102,0.17,0.0215,430
Jan-Feb26,0.65,30,3,NO,0.3,0.8,927,7480,0.6854,9.68,72401.0,0.4253,0.2602,7.24,546.5,133.47,-546.5,27170.2,9,0.889,0.059,0.112,0.0098,492
Jan-Feb26,0.65,30,3,YES,0.0,1.0,927,8957,0.6471,-0.91,-8150.0,0.2451,0.402,-0.67,5948.4,0.75,-23140.5,8901.1,9,0.556,0.086,0.127,0.0128,539
Jan-Feb26,0.65,30,3,YES,0.0,0.5,927,2388,0.2626,-13.08,-31242.0,0.2451,0.0175,-3.65,18002.9,0.24,-17001.8,5039.9,9,0.333,0.113,0.163,0.019,377
Jan-Feb26,0.65,30,3,YES,0.0,0.7,927,4425,0.4282,-6.04,-26711.0,0.2451,0.1832,-2.42,10841.8,0.36,-22880.9,6191.2,9,0.333,0.101,0.143,0.0155,465
Jan-Feb26,0.65,30,3,YES,0.3,0.8,927,4622,0.6112,0.57,2620.0,0.2451,0.3662,0.42,847.0,1.21,-11446.9,7337.9,9,0.778,0.03,0.076,0.0061,461
Jan-Feb26,0.65,30,6,ALL,0.0,1.0,333,12985,0.7087,9.79,127180.0,0.3179,0.3908,10.65,0.0,inf,338.5,27306.1,9,1.0,0.212,0.292,0.0566,274
Jan-Feb26,0.65,30,6,ALL,0.0,0.5,333,3013,0.3163,14.39,43350.0,0.3179,-0.0016,4.38,4158.3,10.24,-4158.3,21590.9,9,0.778,0.229,0.331,0.0694,199
Jan-Feb26,0.65,30,6,ALL,0.0,0.7,333,5834,0.4834,11.36,66268.0,0.3179,0.1655,6.92,1241.1,54.4,-693.1,22355.6,9,0.778,0.209,0.298,0.0581,244
Jan-Feb26,0.65,30,6,ALL,0.3,0.8,333,6765,0.6707,9.24,62538.0,0.3179,0.3528,14.01,0.0,inf,337.5,13162.5,9,1.0,0.076,0.175,0.0186,256
Jan-Feb26,0.65,30,6,NO,0.0,1.0,333,8757,0.7361,12.24,107173.0,0.4253,0.3108,7.68,168.3,637.78,-168.3,36824.8,9,0.889,0.183,0.275,0.0457,261
Jan-Feb26,0.65,30,6,NO,0.0,0.5,333,1785,0.3283,21.59,38539.0,0.4253,-0.097,4.24,4896.6,7.74,-4896.6,19668.8,9,0.556,0.184,0.308,0.064,148
Jan-Feb26,0.65,30,6,NO,0.0,0.7,333,3656,0.5049,15.58,56949.0,0.4253,0.0797,6.17,1775.5,23.2,-1775.5,18948.7,9,0.778,0.16,0.268,0.0481,210
Jan-Feb26,0.65,30,6,NO,0.3,0.8,333,4545,0.697,12.38,56247.0,0.4253,0.2718,8.3,513.9,110.44,-513.9,18956.5,9,0.889,0.103,0.192,0.0233,236
Jan-Feb26,0.65,30,6,YES,0.0,1.0,333,4228,0.6518,4.73,20006.0,0.2451,0.4068,2.51,2823.0,2.55,-10076.3,12040.7,9,0.667,0.166,0.244,0.0379,239
Jan-Feb26,0.65,30,6,YES,0.0,0.5,333,1228,0.2989,3.92,4812.0,0.2451,0.0538,0.85,7386.0,1.36,-5905.9,7854.7,9,0.556,0.226,0.309,0.0619,164
Jan-Feb26,0.65,30,6,YES,0.0,0.7,333,2178,0.4472,4.28,9319.0,0.2451,0.2021,1.29,4796.0,1.64,-9713.7,9980.3,9,0.667,0.198,0.277,0.0489,208
Jan-Feb26,0.65,30,6,YES,0.3,0.8,333,2220,0.6167,2.83,6291.0,0.2451,0.3716,1.74,1220.0,1.9,-5794.0,4627.1,9,0.778,0.062,0.127,0.0136,209
Jan-Feb26,0.65,30,9,ALL,0.0,1.0,128,5402,0.7179,7.02,37919.0,0.3179,0.4,5.15,0.0,inf,136.0,19360.7,9,1.0,0.112,0.241,0.0322,113
Jan-Feb26,0.65,30,9,ALL,0.0,0.5,128,1086,0.3168,6.29,6830.0,0.3179,-0.0011,1.91,5425.3,2.26,-2684.8,7210.1,9,0.667,0.127,0.272,0.0533,89
Jan-Feb26,0.65,30,9,ALL,0.0,0.7,128,2296,0.4965,6.56,15062.0,0.3179,0.1786,4.01,1323.3,11.21,-792.7,9039.5,9,0.667,0.122,0.261,0.043,105
Jan-Feb26,0.65,30,9,ALL,0.3,0.8,128,2817,0.6848,9.88,27823.0,0.3179,0.3669,10.43,0.0,inf,308.9,6842.1,9,1.0,0.174,0.27,0.0451,111
Jan-Feb26,0.65,30,9,NO,0.0,1.0,128,3728,0.7468,10.13,37776.0,0.4253,0.3215,3.91,1256.7,28.04,-1256.7,24394.4,9,0.778,0.094,0.223,0.0295,110
Jan-Feb26,0.65,30,9,NO,0.0,0.5,128,676,0.3343,14.13,9552.0,0.4253,-0.0909,2.05,2864.9,3.8,-1115.9,10758.9,9,0.444,0.128,0.287,0.0718,67
Jan-Feb26,0.65,30,9,NO,0.0,0.7,128,1477,0.5206,11.72,17304.0,0.4253,0.0954,2.96,1672.3,8.76,-1672.3,14092.9,9,0.667,0.109,0.249,0.0464,97
Jan-Feb26,0.65,30,9,NO,0.3,0.8,128,1898,0.7144,13.76,26123.0,0.4253,0.2892,7.19,123.6,182.39,-123.6,9470.9,9,0.778,0.216,0.324,0.0617,105
Jan-Feb26,0.65,30,9,YES,0.0,1.0,128,1674,0.6535,0.09,143.0,0.2451,0.4085,0.05,2768.3,1.02,-5033.7,3846.1,9,0.667,0.12,0.193,0.0297,102
Jan-Feb26,0.65,30,9,YES,0.0,0.5,128,410,0.2878,-6.64,-2722.0,0.2451,0.0428,-1.18,4393.7,0.66,-3548.8,1881.6,9,0.556,0.158,0.245,0.0458,70
Jan-Feb26,0.65,30,9,YES,0.0,0.7,128,819,0.453,-2.74,-2242.0,0.2451,0.2079,-0.81,3022.7,0.72,-5053.4,2524.7,9,0.667,0.133,0.201,0.0338,90
Jan-Feb26,0.65,30,9,YES,0.3,0.8,128,919,0.6235,1.85,1699.0,0.2451,0.3785,1.02,717.5,1.51,-2628.7,2176.8,9,0.778,0.083,0.161,0.0247,91
Jan-Feb26,0.65,50,3,ALL,0.0,1.0,558,21061,0.7086,6.59,138860.0,0.3179,0.3907,10.37,152.1,914.04,-152.1,29596.6,9,0.889,0.149,0.205,0.0301,398
Jan-Feb26,0.65,50,3,ALL,0.0,0.5,558,4503,0.3056,5.04,22715.0,0.3179,-0.0123,2.07,11952.5,2.3,-9558.9,20589.6,9,0.556,0.166,0.239,0.0382,299
Jan-Feb26,0.65,50,3,ALL,0.0,0.7,558,9133,0.4822,6.14,56091.0,0.3179,0.1643,5.25,5803.4,7.25,-4575.8,21496.9,9,0.667,0.151,0.215,0.032,358
Jan-Feb26,0.65,50,3,ALL,0.3,0.8,558,10902,0.6605,6.81,74200.0,0.3179,0.3427,14.79,327.1,227.84,-327.1,13423.1,9,0.889,0.052,0.134,0.0118,371
Jan-Feb26,0.65,50,3,NO,0.0,1.0,558,13185,0.7382,9.97,131470.0,0.4253,0.3129,8.13,255.1,516.3,-255.1,44470.8,9,0.889,0.131,0.196,0.0256,372
Jan-Feb26,0.65,50,3,NO,0.0,0.5,558,2449,0.3295,16.51,40424.0,0.4253,-0.0957,4.27,3346.4,6.34,-3346.4,18968.8,9,0.556,0.136,0.229,0.0378,226
Jan-Feb26,0.65,50,3,NO,0.0,0.7,558,5310,0.5113,12.52,66463.0,0.4253,0.086,6.71,1165.8,58.01,-1165.8,20196.7,9,0.889,0.117,0.196,0.0279,307
Jan-Feb26,0.65,50,3,NO,0.3,0.8,558,6850,0.6845,9.64,66012.0,0.4253,0.2593,8.39,804.7,83.04,-804.7,21401.3,9,0.889,0.072,0.136,0.014,338
Jan-Feb26,0.65,50,3,YES,0.0,1.0,558,7876,0.6591,0.94,7389.0,0.2451,0.414,0.76,5398.3,1.35,-14874.2,10378.5,9,0.556,0.11,0.162,0.0198,352
Jan-Feb26,0.65,50,3,YES,0.0,0.5,558,2054,0.277,-8.62,-17709.0,0.2451,0.032,-2.39,13876.3,0.42,-11293.3,7634.8,9,0.333,0.144,0.207,0.0293,249
Jan-Feb26,0.65,50,3,YES,0.0,0.7,558,3823,0.4418,-2.71,-10373.0,0.2451,0.1967,-1.13,8816.9,0.65,-15835.2,8999.5,9,0.333,0.13,0.183,0.0244,312
Jan-Feb26,0.65,50,3,YES,0.3,0.8,558,4052,0.6199,2.02,8188.0,0.2451,0.3749,1.68,699.6,1.94,-7978.2,6851.7,9,0.778,0.04,0.099,0.0091,315
Jan-Feb26,0.65,50,6,ALL,0.0,1.0,278,12577,0.7092,10.16,127842.0,0.3179,0.3913,11.13,0.0,inf,323.4,28047.7,9,1.0,0.225,0.31,0.0635,231
Jan-Feb26,0.65,50,6,ALL,0.0,0.5,278,2938,0.3176,15.15,44521.0,0.3179,-0.0003,4.42,3844.0,12.38,-3844.0,21889.5,9,0.778,0.24,0.346,0.0757,169
Jan-Feb26,0.65,50,6,ALL,0.0,0.7,278,5673,0.4853,12.05,68357.0,0.3179,0.1674,6.9,826.8,83.68,-548.0,23104.8,9,0.778,0.22,0.314,0.0646,209
Jan-Feb26,0.65,50,6,ALL,0.3,0.8,278,6564,0.6722,9.57,62822.0,0.3179,0.3543,15.75,0.0,inf,337.5,11109.3,9,1.0,0.083,0.191,0.0217,219
Jan-Feb26,0.65,50,6,NO,0.0,1.0,278,8490,0.7329,12.23,103865.0,0.4253,0.3076,8.09,183.4,567.36,-183.4,33050.4,9,0.889,0.194,0.291,0.051,220
Jan-Feb26,0.65,50,6,NO,0.0,0.5,278,1761,0.3265,21.61,38054.0,0.4253,-0.0987,4.2,4991.9,7.31,-4991.9,19667.4,9,0.556,0.189,0.316,0.0676,130
Jan-Feb26,0.65,50,6,NO,0.0,0.7,278,3584,0.5031,15.63,56027.0,0.4253,0.0778,6.22,1913.5,21.72,-1913.5,19147.3,9,0.778,0.168,0.281,0.0527,182
Jan-Feb26,0.65,50,6,NO,0.3,0.8,278,4419,0.6956,12.27,54207.0,0.4253,0.2704,9.14,513.9,106.47,-513.9,16604.6,9,0.889,0.112,0.209,0.0271,202
Jan-Feb26,0.65,50,6,YES,0.0,1.0,278,4087,0.6599,5.87,23977.0,0.2451,0.4148,3.02,1293.1,3.14,-9925.9,12381.9,9,0.778,0.181,0.266,0.0447,202
Jan-Feb26,0.65,50,6,YES,0.0,0.5,278,1177,0.3042,5.49,6466.0,0.2451,0.0591,1.12,6771.8,1.5,-6277.9,8138.5,9,0.667,0.243,0.333,0.0715,137
Jan-Feb26,0.65,50,6,YES,0.0,0.7,278,2089,0.4548,5.9,12330.0,0.2451,0.2097,1.7,3585.6,1.92,-9796.3,10186.4,9,0.667,0.215,0.302,0.0575,178
Jan-Feb26,0.65,50,6,YES,0.3,0.8,278,2145,0.6238,4.02,8615.0,0.2451,0.3787,2.41,968.4,2.33,-5495.2,4838.8,9,0.778,0.069,0.141,0.016,179
Jan-Feb26,0.65,50,9,ALL,0.0,1.0,128,5402,0.7179,7.02,37919.0,0.3179,0.4,5.15,0.0,inf,136.0,19360.7,9,1.0,0.112,0.241,0.0322,113
Jan-Feb26,0.65,50,9,ALL,0.0,0.5,128,1086,0.3168,6.29,6830.0,0.3179,-0.0011,1.91,5425.3,2.26,-2684.8,7210.1,9,0.667,0.127,0.272,0.0533,89
Jan-Feb26,0.65,50,9,ALL,0.0,0.7,128,2296,0.4965,6.56,15062.0,0.3179,0.1786,4.01,1323.3,11.21,-792.7,9039.5,9,0.667,0.122,0.261,0.043,105
Jan-Feb26,0.65,50,9,ALL,0.3,0.8,128,2817,0.6848,9.88,27823.0,0.3179,0.3669,10.43,0.0,inf,308.9,6842.1,9,1.0,0.174,0.27,0.0451,111
Jan-Feb26,0.65,50,9,NO,0.0,1.0,128,3728,0.7468,10.13,37776.0,0.4253,0.3215,3.91,1256.7,28.04,-1256.7,24394.4,9,0.778,0.094,0.223,0.0295,110
Jan-Feb26,0.65,50,9,NO,0.0,0.5,128,676,0.3343,14.13,9552.0,0.4253,-0.0909,2.05,2864.9,3.8,-1115.9,10758.9,9,0.444,0.128,0.287,0.0718,67
Jan-Feb26,0.65,50,9,NO,0.0,0.7,128,1477,0.5206,11.72,17304.0,0.4253,0.0954,2.96,1672.3,8.76,-1672.3,14092.9,9,0.667,0.109,0.249,0.0464,97
Jan-Feb26,0.65,50,9,NO,0.3,0.8,128,1898,0.7144,13.76,26123.0,0.4253,0.2892,7.19,123.6,182.39,-123.6,9470.9,9,0.778,0.216,0.324,0.0617,105
Jan-Feb26,0.65,50,9,YES,0.0,1.0,128,1674,0.6535,0.09,143.0,0.2451,0.4085,0.05,2768.3,1.02,-5033.7,3846.1,9,0.667,0.12,0.193,0.0297,102
Jan-Feb26,0.65,50,9,YES,0.0,0.5,128,410,0.2878,-6.64,-2722.0,0.2451,0.0428,-1.18,4393.7,0.66,-3548.8,1881.6,9,0.556,0.158,0.245,0.0458,70
Jan-Feb26,0.65,50,9,YES,0.0,0.7,128,819,0.453,-2.74,-2242.0,0.2451,0.2079,-0.81,3022.7,0.72,-5053.4,2524.7,9,0.667,0.133,0.201,0.0338,90
Jan-Feb26,0.65,50,9,YES,0.3,0.8,128,919,0.6235,1.85,1699.0,0.2451,0.3785,1.02,717.5,1.51,-2628.7,2176.8,9,0.778,0.083,0.161,0.0247,91
Jan-Feb26,0.7,10,3,ALL,0.0,1.0,1086,14497,0.7415,6.69,96951.0,0.3179,0.4236,7.95,0.0,inf,76.3,32572.5,9,1.0,0.032,0.092,0.0086,675
Jan-Feb26,0.7,10,3,ALL,0.0,0.5,1086,2669,0.314,2.28,6076.0,0.3179,-0.0039,1.07,11085.9,1.5,-6213.6,9079.6,9,0.556,0.049,0.126,0.0109,427
Jan-Feb26,0.7,10,3,ALL,0.0,0.7,1086,5470,0.5005,6.42,35137.0,0.3179,0.1827,6.23,3276.1,11.73,-2790.3,10681.4,9,0.778,0.039,0.106,0.0092,556
Jan-Feb26,0.7,10,3,ALL,0.3,0.8,1086,6758,0.6807,8.78,59367.0,0.3179,0.3628,9.44,0.0,inf,384.4,17217.0,9,1.0,0.045,0.08,0.0063,576
Jan-Feb26,0.7,10,3,NO,0.0,1.0,1086,7752,0.803,13.38,103757.0,0.4253,0.3778,5.33,0.0,inf,124.1,51763.9,9,1.0,0.045,0.11,0.01,576
Jan-Feb26,0.7,10,3,NO,0.0,0.5,1086,998,0.3988,34.36,34287.0,0.4253,-0.0265,5.28,926.0,38.03,-773.6,16458.2,9,0.778,0.086,0.185,0.021,269
Jan-Feb26,0.7,10,3,NO,0.0,0.7,1086,2442,0.5872,23.81,58145.0,0.4253,0.162,5.77,196.3,297.18,-196.3,26860.8,9,0.889,0.062,0.149,0.0143,408
Jan-Feb26,0.7,10,3,NO,0.3,0.8,1086,3543,0.7293,14.81,52463.0,0.4253,0.3041,5.51,0.0,inf,93.0,24843.8,9,1.0,0.038,0.092,0.0073,477
Jan-Feb26,0.7,10,3,YES,0.0,1.0,1086,6745,0.6707,-1.01,-6806.0,0.2451,0.4257,-0.7,5663.6,0.73,-19191.5,7342.4,9,0.444,0.029,0.074,0.0067,560
Jan-Feb26,0.7,10,3,YES,0.0,0.5,1086,1671,0.2633,-16.88,-28211.0,0.2451,0.0183,-3.79,18946.7,0.19,-16066.5,3485.4,9,0.222,0.04,0.086,0.0081,366
Jan-Feb26,0.7,10,3,YES,0.0,0.7,1086,3028,0.4306,-7.6,-23008.0,0.2451,0.1856,-2.64,13819.3,0.3,-19051.8,4352.3,9,0.333,0.035,0.078,0.0067,460
Jan-Feb26,0.7,10,3,YES,0.3,0.8,1086,3215,0.6271,2.15,6904.0,0.2451,0.382,1.55,405.2,1.86,-7626.8,5025.5,9,0.778,0.036,0.068,0.0059,448
Jan-Feb26,0.7,10,6,ALL,0.0,1.0,208,6263,0.7495,12.25,76728.0,0.3179,0.4316,8.79,0.0,inf,97.2,23555.8,9,1.0,0.073,0.214,0.0305,168
Jan-Feb26,0.7,10,6,ALL,0.0,0.5,208,1229,0.3548,24.2,29747.0,0.3179,0.0369,6.09,1762.1,17.88,-1615.2,9285.1,9,0.778,0.115,0.297,0.0413,125
Jan-Feb26,0.7,10,6,ALL,0.0,0.7,208,2461,0.5274,18.97,46673.0,0.3179,0.2096,8.64,229.8,204.08,-229.8,11541.5,9,0.889,0.093,0.252,0.0357,151
Jan-Feb26,0.7,10,6,ALL,0.3,0.8,208,3038,0.6903,10.98,33371.0,0.3179,0.3724,8.61,0.0,inf,5.5,9898.2,9,1.0,0.05,0.13,0.0167,159
Jan-Feb26,0.7,10,6,NO,0.0,1.0,208,3389,0.8014,18.02,61062.0,0.4253,0.3762,6.05,123.6,495.17,-123.6,27170.9,9,0.889,0.098,0.241,0.0323,163
Jan-Feb26,0.7,10,6,NO,0.0,0.5,208,464,0.4375,63.61,29517.0,0.4253,0.0122,6.48,200.0,148.58,-200.0,11287.6,9,0.889,0.165,0.357,0.0607,96
Jan-Feb26,0.7,10,6,NO,0.0,0.7,208,1122,0.607,36.9,41401.0,0.4253,0.1817,6.99,274.0,152.09,-274.0,15669.7,9,0.889,0.131,0.314,0.0466,132
Jan-Feb26,0.7,10,6,NO,0.3,0.8,208,1655,0.7347,16.4,27143.0,0.4253,0.3095,5.62,147.4,185.1,-147.4,12405.3,9,0.889,0.094,0.175,0.022,148
Jan-Feb26,0.7,10,6,YES,0.0,1.0,208,2874,0.6882,5.45,15667.0,0.2451,0.4432,4.33,0.0,5.33,-3615.1,6477.5,9,0.889,0.08,0.202,0.0247,150
Jan-Feb26,0.7,10,6,YES,0.0,0.5,208,765,0.3046,0.3,230.0,0.2451,0.0595,0.09,3972.8,1.04,-3002.1,4520.0,9,0.556,0.119,0.209,0.0304,104
Jan-Feb26,0.7,10,6,YES,0.0,0.7,208,1339,0.4608,3.94,5273.0,0.2451,0.2157,1.57,1877.4,1.88,-4128.2,5484.8,9,0.778,0.102,0.195,0.025,132
Jan-Feb26,0.7,10,6,YES,0.3,0.8,208,1383,0.637,4.5,6229.0,0.2451,0.392,3.35,766.6,2.9,-2507.1,2146.9,9,0.778,0.056,0.124,0.0179,130
Jan-Feb26,0.7,10,9,ALL,0.0,1.0,82,2161,0.7802,16.26,35148.0,0.3179,0.4623,5.74,416.1,85.47,-304.9,15830.3,9,0.778,0.152,0.326,0.0537,71
Jan-Feb26,0.7,10,9,ALL,0.0,0.5,82,308,0.3506,53.89,16598.0,0.3179,0.0328,4.94,2313.5,8.17,-1890.1,7500.4,9,0.778,0.206,0.443,0.0871,57
Jan-Feb26,0.7,10,9,ALL,0.0,0.7,82,747,0.5743,32.49,24270.0,0.3179,0.2564,6.22,1525.6,16.91,-1302.8,9362.5,9,0.778,0.181,0.388,0.0709,66
Jan-Feb26,0.7,10,9,ALL,0.3,0.8,82,1027,0.7449,14.82,15216.0,0.3179,0.427,7.58,0.0,inf,99.7,4714.6,9,1.0,0.066,0.17,0.0286,70
Jan-Feb26,0.7,10,9,NO,0.0,1.0,82,1256,0.836,23.32,29296.0,0.4253,0.4107,4.11,1258.0,24.29,-1130.0,17737.1,9,0.778,0.141,0.334,0.0537,70
Jan-Feb26,0.7,10,9,NO,0.0,0.5,82,129,0.4496,113.49,14640.0,0.4253,0.0244,3.87,1752.4,9.35,-1652.4,8960.7,9,0.778,0.218,0.489,0.0956,43
Jan-Feb26,0.7,10,9,NO,0.0,0.7,82,366,0.6639,56.34,20619.0,0.4253,0.2387,4.31,1832.6,12.25,-1632.6,11638.4,9,0.778,0.176,0.403,0.0711,62
Jan-Feb26,0.7,10,9,NO,0.3,0.8,82,575,0.793,21.88,12581.0,0.4253,0.3678,5.08,73.4,172.36,-73.4,5952.3,9,0.889,0.089,0.196,0.032,67
Jan-Feb26,0.7,10,9,YES,0.0,1.0,82,905,0.7028,6.47,5852.0,0.2451,0.4577,3.86,76.7,3.95,-1906.8,2172.3,9,0.778,0.174,0.279,0.0521,66
Jan-Feb26,0.7,10,9,YES,0.0,0.5,82,179,0.2793,10.94,1958.0,0.2451,0.0343,1.45,1745.3,1.61,-1460.4,1493.3,9,0.556,0.251,0.37,0.0925,45
Jan-Feb26,0.7,10,9,YES,0.0,0.7,82,381,0.4882,9.58,3651.0,0.2451,0.2431,2.34,358.8,2.37,-2275.9,1850.9,9,0.667,0.199,0.297,0.0616,57
Jan-Feb26,0.7,10,9,YES,0.3,0.8,82,452,0.6836,5.83,2635.0,0.2451,0.4386,3.09,164.5,2.88,-1237.6,896.0,9,0.778,0.115,0.224,0.0397,57
Jan-Feb26,0.7,30,3,ALL,0.0,1.0,551,12563,0.7497,7.92,99453.0,0.3179,0.4318,8.75,49.1,2025.24,-49.1,31480.3,9,0.889,0.039,0.115,0.0128,381
Jan-Feb26,0.7,30,3,ALL,0.0,0.5,551,2191,0.3154,7.05,15449.0,0.3179,-0.0025,3.24,4141.4,3.89,-2577.6,8546.7,9,0.556,0.062,0.162,0.0167,269
Jan-Feb26,0.7,30,3,ALL,0.0,0.7,551,4631,0.509,9.12,42238.0,0.3179,0.1911,8.04,452.1,94.42,-452.1,10857.3,9,0.889,0.05,0.137,0.0142,333
Jan-Feb26,0.7,30,3,ALL,0.3,0.8,551,5820,0.6856,8.94,52027.0,0.3179,0.3677,9.9,0.0,inf,354.0,14064.0,9,1.0,0.059,0.105,0.0099,346
Jan-Feb26,0.7,30,3,NO,0.0,1.0,551,6616,0.8062,14.25,94257.0,0.4253,0.381,5.76,0.0,inf,16.1,44069.9,9,1.0,0.054,0.134,0.0144,341
Jan-Feb26,0.7,30,3,NO,0.0,0.5,551,822,0.3929,39.28,32288.0,0.4253,-0.0323,5.28,152.5,212.76,-152.5,15459.3,9,0.889,0.104,0.224,0.0298,183
Jan-Feb26,0.7,30,3,NO,0.0,0.7,551,2065,0.5908,26.0,53693.0,0.4253,0.1655,6.12,196.3,274.5,-196.3,23620.4,9,0.889,0.076,0.182,0.0205,262
Jan-Feb26,0.7,30,3,NO,0.3,0.8,551,3030,0.731,14.5,43944.0,0.4253,0.3058,5.81,0.0,inf,58.7,19793.4,9,1.0,0.049,0.118,0.0111,305
Jan-Feb26,0.7,30,3,YES,0.0,1.0,551,5947,0.6867,0.87,5196.0,0.2451,0.4417,0.7,2254.2,1.34,-12589.6,7927.5,9,0.556,0.038,0.096,0.0104,337
Jan-Feb26,0.7,30,3,YES,0.0,0.5,551,1369,0.2688,-12.3,-16839.0,0.2451,0.0238,-3.23,12507.0,0.31,-9884.1,4892.6,9,0.222,0.053,0.116,0.0127,233
Jan-Feb26,0.7,30,3,YES,0.0,0.7,551,2566,0.4431,-4.46,-11455.0,0.2451,0.1981,-1.79,7125.1,0.45,-12763.1,5793.5,9,0.222,0.047,0.104,0.0104,293
Jan-Feb26,0.7,30,3,YES,0.3,0.8,551,2790,0.6362,2.9,8084.0,0.2451,0.3911,2.29,160.2,2.37,-5729.4,4171.4,9,0.778,0.047,0.089,0.0091,290
Jan-Feb26,0.7,30,6,ALL,0.0,1.0,205,6262,0.7494,12.25,76692.0,0.3179,0.4316,8.8,0.0,inf,97.2,23518.8,9,1.0,0.074,0.214,0.0305,167
Jan-Feb26,0.7,30,6,ALL,0.0,0.5,205,1229,0.3548,24.2,29747.0,0.3179,0.0369,6.09,1762.1,17.88,-1615.2,9285.1,9,0.778,0.115,0.297,0.0413,125
Jan-Feb26,0.7,30,6,ALL,0.0,0.7,205,2461,0.5274,18.97,46673.0,0.3179,0.2096,8.64,229.8,204.08,-229.8,11541.5,9,0.889,0.093,0.252,0.0357,151
Jan-Feb26,0.7,30,6,ALL,0.3,0.8,205,3037,0.6902,10.98,33334.0,0.3179,0.3723,8.62,0.0,inf,5.5,9861.2,9,1.0,0.05,0.13,0.0167,158
Jan-Feb26,0.7,30,6,NO,0.0,1.0,205,3388,0.8014,18.01,61025.0,0.4253,0.3761,6.05,123.6,494.87,-123.6,27133.9,9,0.889,0.098,0.241,0.0323,162
Jan-Feb26,0.7,30,6,NO,0.0,0.5,205,464,0.4375,63.61,29517.0,0.4253,0.0122,6.48,200.0,148.58,-200.0,11287.6,9,0.889,0.165,0.357,0.0607,96
Jan-Feb26,0.7,30,6,NO,0.0,0.7,205,1122,0.607,36.9,41401.0,0.4253,0.1817,6.99,274.0,152.09,-274.0,15669.7,9,0.889,0.131,0.314,0.0466,132
Jan-Feb26,0.7,30,6,NO,0.3,0.8,205,1654,0.7346,16.39,27106.0,0.4253,0.3093,5.63,147.4,184.85,-147.4,12368.3,9,0.889,0.094,0.175,0.022,147
Jan-Feb26,0.7,30,6,YES,0.0,1.0,205,2874,0.6882,5.45,15667.0,0.2451,0.4432,4.33,0.0,5.33,-3615.1,6477.5,9,0.889,0.08,0.202,0.0247,150
Jan-Feb26,0.7,30,6,YES,0.0,0.5,205,765,0.3046,0.3,230.0,0.2451,0.0595,0.09,3972.8,1.04,-3002.1,4520.0,9,0.556,0.119,0.209,0.0304,104
Jan-Feb26,0.7,30,6,YES,0.0,0.7,205,1339,0.4608,3.94,5273.0,0.2451,0.2157,1.57,1877.4,1.88,-4128.2,5484.8,9,0.778,0.102,0.195,0.025,132
Jan-Feb26,0.7,30,6,YES,0.3,0.8,205,1383,0.637,4.5,6229.0,0.2451,0.392,3.35,766.6,2.9,-2507.1,2146.9,9,0.778,0.056,0.124,0.0179,130
Jan-Feb26,0.7,30,9,ALL,0.0,1.0,82,2161,0.7802,16.26,35148.0,0.3179,0.4623,5.74,416.1,85.47,-304.9,15830.3,9,0.778,0.152,0.326,0.0537,71
Jan-Feb26,0.7,30,9,ALL,0.0,0.5,82,308,0.3506,53.89,16598.0,0.3179,0.0328,4.94,2313.5,8.17,-1890.1,7500.4,9,0.778,0.206,0.443,0.0871,57
Jan-Feb26,0.7,30,9,ALL,0.0,0.7,82,747,0.5743,32.49,24270.0,0.3179,0.2564,6.22,1525.6,16.91,-1302.8,9362.5,9,0.778,0.181,0.388,0.0709,66
Jan-Feb26,0.7,30,9,ALL,0.3,0.8,82,1027,0.7449,14.82,15216.0,0.3179,0.427,7.58,0.0,inf,99.7,4714.6,9,1.0,0.066,0.17,0.0286,70
Jan-Feb26,0.7,30,9,NO,0.0,1.0,82,1256,0.836,23.32,29296.0,0.4253,0.4107,4.11,1258.0,24.29,-1130.0,17737.1,9,0.778,0.141,0.334,0.0537,70
Jan-Feb26,0.7,30,9,NO,0.0,0.5,82,129,0.4496,113.49,14640.0,0.4253,0.0244,3.87,1752.4,9.35,-1652.4,8960.7,9,0.778,0.218,0.489,0.0956,43
Jan-Feb26,0.7,30,9,NO,0.0,0.7,82,366,0.6639,56.34,20619.0,0.4253,0.2387,4.31,1832.6,12.25,-1632.6,11638.4,9,0.778,0.176,0.403,0.0711,62
Jan-Feb26,0.7,30,9,NO,0.3,0.8,82,575,0.793,21.88,12581.0,0.4253,0.3678,5.08,73.4,172.36,-73.4,5952.3,9,0.889,0.089,0.196,0.032,67
Jan-Feb26,0.7,30,9,YES,0.0,1.0,82,905,0.7028,6.47,5852.0,0.2451,0.4577,3.86,76.7,3.95,-1906.8,2172.3,9,0.778,0.174,0.279,0.0521,66
Jan-Feb26,0.7,30,9,YES,0.0,0.5,82,179,0.2793,10.94,1958.0,0.2451,0.0343,1.45,1745.3,1.61,-1460.4,1493.3,9,0.556,0.251,0.37,0.0925,45
Jan-Feb26,0.7,30,9,YES,0.0,0.7,82,381,0.4882,9.58,3651.0,0.2451,0.2431,2.34,358.8,2.37,-2275.9,1850.9,9,0.667,0.199,0.297,0.0616,57
Jan-Feb26,0.7,30,9,YES,0.3,0.8,82,452,0.6836,5.83,2635.0,0.2451,0.4386,3.09,164.5,2.88,-1237.6,896.0,9,0.778,0.115,0.224,0.0397,57
Jan-Feb26,0.7,50,3,ALL,0.0,1.0,327,10773,0.7557,8.77,94506.0,0.3179,0.4378,8.83,299.2,316.87,-299.2,28310.8,9,0.889,0.05,0.145,0.0186,236
Jan-Feb26,0.7,50,3,ALL,0.0,0.5,327,1809,0.3278,11.91,21545.0,0.3179,0.0099,3.91,4785.3,5.3,-3381.7,8470.7,9,0.667,0.082,0.213,0.0246,178
Jan-Feb26,0.7,50,3,ALL,0.0,0.7,327,3901,0.5209,11.89,46369.0,0.3179,0.203,7.46,1465.9,32.63,-785.7,12072.7,9,0.778,0.066,0.179,0.0211,214
Jan-Feb26,0.7,50,3,ALL,0.3,0.8,327,4991,0.6902,9.43,47079.0,0.3179,0.3724,10.76,0.0,inf,95.9,11792.2,9,1.0,0.079,0.14,0.0155,221
Jan-Feb26,0.7,50,3,NO,0.0,1.0,327,5597,0.8053,14.6,81744.0,0.4253,0.38,6.29,174.5,469.34,-174.5,35472.0,9,0.889,0.067,0.166,0.0204,220
Jan-Feb26,0.7,50,3,NO,0.0,0.5,327,680,0.4,44.95,30564.0,0.4253,-0.0253,5.76,300.0,102.88,-300.0,13655.3,9,0.889,0.127,0.273,0.0404,133
Jan-Feb26,0.7,50,3,NO,0.0,0.7,327,1753,0.5984,28.25,49514.0,0.4253,0.1731,6.61,424.4,117.67,-424.4,20389.8,9,0.889,0.093,0.222,0.0282,184
Jan-Feb26,0.7,50,3,NO,0.3,0.8,327,2585,0.7338,14.87,38434.0,0.4253,0.3086,6.4,199.4,193.76,-199.4,15807.9,9,0.889,0.063,0.152,0.0166,200
Jan-Feb26,0.7,50,3,YES,0.0,1.0,327,5176,0.7021,2.47,12762.0,0.2451,0.457,2.17,1162.5,2.51,-7161.2,9856.8,9,0.667,0.05,0.127,0.0159,213
Jan-Feb26,0.7,50,3,YES,0.0,0.5,327,1129,0.2843,-7.99,-9019.0,0.2451,0.0393,-1.9,10865.4,0.5,-6371.0,6935.8,9,0.222,0.073,0.16,0.0197,151
Jan-Feb26,0.7,50,3,YES,0.0,0.7,327,2148,0.4576,-1.46,-3145.0,0.2451,0.2126,-0.56,5557.9,0.79,-8820.8,8035.8,9,0.222,0.064,0.144,0.016,191
Jan-Feb26,0.7,50,3,YES,0.3,0.8,327,2406,0.6434,3.59,8645.0,0.2451,0.3983,3.16,0.0,3.15,-4015.6,3510.8,9,0.889,0.062,0.119,0.014,191
Jan-Feb26,0.7,50,6,ALL,0.0,1.0,172,6020,0.7488,12.28,73954.0,0.3179,0.431,9.55,0.0,inf,82.1,20624.7,9,1.0,0.078,0.226,0.0336,143
Jan-Feb26,0.7,50,6,ALL,0.0,0.5,172,1182,0.3528,24.06,28435.0,0.3179,0.0349,6.27,1947.8,15.6,-1800.9,8818.0,9,0.778,0.121,0.315,0.0459,109
Jan-Feb26,0.7,50,6,ALL,0.0,0.7,172,2379,0.5271,18.85,44843.0,0.3179,0.2092,8.91,265.7,169.76,-229.8,10893.8,9,0.778,0.098,0.266,0.0394,131
Jan-Feb26,0.7,50,6,ALL,0.3,0.8,172,2934,0.6892,10.75,31539.0,0.3179,0.3713,9.28,0.0,inf,23.1,8378.8,9,1.0,0.054,0.141,0.0192,136
Jan-Feb26,0.7,50,6,NO,0.0,1.0,172,3225,0.7975,18.05,58217.0,0.4253,0.3723,6.36,138.6,420.89,-138.6,24770.8,9,0.889,0.103,0.254,0.0359,138
Jan-Feb26,0.7,50,6,NO,0.0,0.5,172,448,0.4308,63.73,28550.0,0.4253,0.0055,6.68,200.0,143.75,-200.0,10411.8,9,0.889,0.172,0.372,0.0657,85
Jan-Feb26,0.7,50,6,NO,0.0,0.7,172,1088,0.6039,36.73,39959.0,0.4253,0.1786,7.3,274.0,146.82,-274.0,14409.6,9,0.889,0.137,0.329,0.0507,117
Jan-Feb26,0.7,50,6,NO,0.3,0.8,172,1587,0.7328,16.08,25514.0,0.4253,0.3076,5.94,147.4,174.05,-147.4,11100.2,9,0.889,0.103,0.191,0.0256,126
Jan-Feb26,0.7,50,6,YES,0.0,1.0,172,2795,0.6927,5.63,15737.0,0.2451,0.4476,4.16,102.3,4.7,-4146.2,6500.8,9,0.778,0.087,0.219,0.0284,128
Jan-Feb26,0.7,50,6,YES,0.0,0.5,172,734,0.3052,-0.16,-115.0,0.2451,0.0601,-0.04,3974.7,0.98,-3187.8,4365.3,9,0.556,0.131,0.228,0.0353,89
Jan-Feb26,0.7,50,6,YES,0.0,0.7,172,1291,0.4624,3.78,4884.0,0.2451,0.2174,1.35,2063.1,1.7,-4952.0,5430.1,9,0.778,0.111,0.212,0.0287,114
Jan-Feb26,0.7,50,6,YES,0.3,0.8,172,1347,0.6377,4.47,6026.0,0.2451,0.3927,3.12,815.1,2.7,-2721.4,2197.5,9,0.778,0.06,0.134,0.0203,112
Jan-Feb26,0.7,50,9,ALL,0.0,1.0,82,2161,0.7802,16.26,35148.0,0.3179,0.4623,5.74,416.1,85.47,-304.9,15830.3,9,0.778,0.152,0.326,0.0537,71
Jan-Feb26,0.7,50,9,ALL,0.0,0.5,82,308,0.3506,53.89,16598.0,0.3179,0.0328,4.94,2313.5,8.17,-1890.1,7500.4,9,0.778,0.206,0.443,0.0871,57
Jan-Feb26,0.7,50,9,ALL,0.0,0.7,82,747,0.5743,32.49,24270.0,0.3179,0.2564,6.22,1525.6,16.91,-1302.8,9362.5,9,0.778,0.181,0.388,0.0709,66
Jan-Feb26,0.7,50,9,ALL,0.3,0.8,82,1027,0.7449,14.82,15216.0,0.3179,0.427,7.58,0.0,inf,99.7,4714.6,9,1.0,0.066,0.17,0.0286,70
Jan-Feb26,0.7,50,9,NO,0.0,1.0,82,1256,0.836,23.32,29296.0,0.4253,0.4107,4.11,1258.0,24.29,-1130.0,17737.1,9,0.778,0.141,0.334,0.0537,70
Jan-Feb26,0.7,50,9,NO,0.0,0.5,82,129,0.4496,113.49,14640.0,0.4253,0.0244,3.87,1752.4,9.35,-1652.4,8960.7,9,0.778,0.218,0.489,0.0956,43
Jan-Feb26,0.7,50,9,NO,0.0,0.7,82,366,0.6639,56.34,20619.0,0.4253,0.2387,4.31,1832.6,12.25,-1632.6,11638.4,9,0.778,0.176,0.403,0.0711,62
Jan-Feb26,0.7,50,9,NO,0.3,0.8,82,575,0.793,21.88,12581.0,0.4253,0.3678,5.08,73.4,172.36,-73.4,5952.3,9,0.889,0.089,0.196,0.032,67
Jan-Feb26,0.7,50,9,YES,0.0,1.0,82,905,0.7028,6.47,5852.0,0.2451,0.4577,3.86,76.7,3.95,-1906.8,2172.3,9,0.778,0.174,0.279,0.0521,66
Jan-Feb26,0.7,50,9,YES,0.0,0.5,82,179,0.2793,10.94,1958.0,0.2451,0.0343,1.45,1745.3,1.61,-1460.4,1493.3,9,0.556,0.251,0.37,0.0925,45
Jan-Feb26,0.7,50,9,YES,0.0,0.7,82,381,0.4882,9.58,3651.0,0.2451,0.2431,2.34,358.8,2.37,-2275.9,1850.9,9,0.667,0.199,0.297,0.0616,57
Jan-Feb26,0.7,50,9,YES,0.3,0.8,82,452,0.6836,5.83,2635.0,0.2451,0.4386,3.09,164.5,2.88,-1237.6,896.0,9,0.778,0.115,0.224,0.0397,57
Jan-Feb26,0.75,10,3,ALL,0.0,1.0,651,8264,0.7973,9.09,75155.0,0.3179,0.4794,7.71,0.0,inf,304.4,24704.3,9,1.0,0.049,0.14,0.0157,391
Jan-Feb26,0.75,10,3,ALL,0.0,0.5,651,991,0.3068,13.21,13089.0,0.3179,-0.0111,2.58,6370.1,2.79,-3885.0,9211.3,9,0.556,0.082,0.213,0.0228,231
Jan-Feb26,0.75,10,3,ALL,0.0,0.7,651,2242,0.5393,15.07,33782.0,0.3179,0.2214,6.16,1194.9,29.27,-1194.9,11017.8,9,0.889,0.066,0.175,0.0181,315
Jan-Feb26,0.75,10,3,ALL,0.3,0.8,651,3183,0.7333,12.67,40339.0,0.3179,0.4154,10.12,0.0,inf,424.0,10040.6,9,1.0,0.078,0.128,0.0134,325
Jan-Feb26,0.75,10,3,NO,0.0,1.0,651,4538,0.8477,15.31,69477.0,0.4253,0.4225,6.1,0.0,inf,104.1,30317.7,9,1.0,0.073,0.161,0.0182,335
Jan-Feb26,0.75,10,3,NO,0.0,0.5,651,366,0.4071,67.01,24527.0,0.4253,-0.0182,5.19,841.9,30.13,-641.9,10774.4,9,0.778,0.149,0.312,0.0471,137
Jan-Feb26,0.75,10,3,NO,0.0,0.7,651,1017,0.6293,37.86,38504.0,0.4253,0.204,6.12,143.8,268.68,-143.8,16347.4,9,0.889,0.108,0.228,0.0281,225
Jan-Feb26,0.75,10,3,NO,0.3,0.8,651,1693,0.7696,17.16,29051.0,0.4253,0.3444,6.07,0.0,inf,113.9,12388.4,9,1.0,0.069,0.124,0.0132,265
Jan-Feb26,0.75,10,3,YES,0.0,1.0,651,3726,0.7359,1.52,5678.0,0.2451,0.4909,1.35,2172.7,1.72,-5613.4,5226.9,9,0.556,0.049,0.125,0.0127,323
Jan-Feb26,0.75,10,3,YES,0.0,0.5,651,625,0.248,-18.3,-11438.0,0.2451,0.0029,-3.66,10394.6,0.27,-5181.7,2228.2,9,0.444,0.074,0.129,0.0151,199
Jan-Feb26,0.75,10,3,YES,0.0,0.7,651,1225,0.4645,-3.85,-4722.0,0.2451,0.2194,-1.46,6218.8,0.59,-5329.6,3226.2,9,0.444,0.063,0.12,0.0126,259
Jan-Feb26,0.75,10,3,YES,0.3,0.8,651,1490,0.6919,7.58,11288.0,0.2451,0.4469,5.31,0.0,5.81,-2347.8,3075.8,9,0.889,0.063,0.119,0.0117,251
Jan-Feb26,0.75,10,6,ALL,0.0,1.0,114,3236,0.8276,18.95,61325.0,0.3179,0.5097,9.17,0.0,inf,383.9,18129.2,9,1.0,0.107,0.308,0.0518,88
Jan-Feb26,0.75,10,6,ALL,0.0,0.5,114,383,0.4073,76.19,29182.0,0.3179,0.0894,6.14,66.5,440.14,-64.7,10596.8,9,0.778,0.167,0.433,0.0774,65
Jan-Feb26,0.75,10,6,ALL,0.0,0.7,114,869,0.6053,45.9,39884.0,0.3179,0.2874,8.3,0.0,inf,251.8,11747.3,9,1.0,0.144,0.382,0.0673,76
Jan-Feb26,0.75,10,6,ALL,0.3,0.8,114,1279,0.7631,17.48,22355.0,0.3179,0.4452,10.74,0.0,inf,466.5,5294.9,9,1.0,0.08,0.192,0.031,84
Jan-Feb26,0.75,10,6,NO,0.0,1.0,114,1775,0.8603,24.76,43947.0,0.4253,0.435,6.99,0.0,inf,61.4,16716.0,9,1.0,0.15,0.327,0.0574,85
Jan-Feb26,0.75,10,6,NO,0.0,0.5,114,154,0.5,159.18,24513.0,0.4253,0.0747,5.92,100.0,246.13,-100.0,9493.9,9,0.889,0.232,0.488,0.1033,48
Jan-Feb26,0.75,10,6,NO,0.0,0.7,114,398,0.6683,76.66,30510.0,0.4253,0.2431,6.92,74.0,413.19,-74.0,10964.9,9,0.889,0.198,0.42,0.0801,65
Jan-Feb26,0.75,10,6,NO,0.3,0.8,114,672,0.7917,21.53,14469.0,0.4253,0.3664,7.19,0.0,inf,52.6,4998.8,9,1.0,0.081,0.206,0.0336,75
Jan-Feb26,0.75,10,6,YES,0.0,1.0,114,1461,0.7878,11.89,17378.0,0.2451,0.5428,10.23,28.7,606.33,-28.7,3436.1,9,0.889,0.137,0.347,0.0549,81
Jan-Feb26,0.75,10,6,YES,0.0,0.5,114,229,0.345,20.39,4669.0,0.2451,0.0999,3.15,1577.3,2.87,-1523.0,2126.5,9,0.667,0.217,0.37,0.0723,56
Jan-Feb26,0.75,10,6,YES,0.0,0.7,114,471,0.552,19.9,9374.0,0.2451,0.307,6.05,1197.8,8.83,-1197.8,2637.5,9,0.889,0.183,0.349,0.0612,69
Jan-Feb26,0.75,10,6,YES,0.3,0.8,114,607,0.7315,12.99,7886.0,0.2451,0.4864,9.15,0.0,286.52,-27.6,1848.6,9,0.889,0.097,0.215,0.0343,72
Jan-Feb26,0.75,10,9,ALL,0.0,1.0,45,1337,0.8287,22.41,29962.0,0.3179,0.5109,5.55,0.0,inf,25.1,14345.4,9,1.0,0.232,0.498,0.1061,36
Jan-Feb26,0.75,10,9,ALL,0.0,0.5,45,134,0.4478,123.14,16500.0,0.3179,0.1299,4.37,351.0,48.01,-199.8,9404.6,9,0.778,0.31,0.665,0.1735,28
Jan-Feb26,0.75,10,9,ALL,0.0,0.7,45,377,0.6525,57.98,21859.0,0.3179,0.3347,5.34,36.8,594.32,-36.8,10609.1,9,0.889,0.282,0.605,0.1482,31
Jan-Feb26,0.75,10,9,ALL,0.3,0.8,45,599,0.7763,18.11,10847.0,0.3179,0.4584,8.33,0.0,inf,149.7,3178.4,9,1.0,0.117,0.279,0.0569,35
Jan-Feb26,0.75,10,9,NO,0.0,1.0,45,765,0.8497,27.51,21042.0,0.4253,0.4244,4.31,127.9,138.88,-127.9,12286.9,9,0.778,0.217,0.513,0.109,35
Jan-Feb26,0.75,10,9,NO,0.0,0.5,45,66,0.5152,200.55,13237.0,0.4253,0.0899,3.84,182.8,73.42,-100.0,8409.8,9,0.667,0.291,0.653,0.1608,21
Jan-Feb26,0.75,10,9,NO,0.0,0.7,45,188,0.6596,81.76,15372.0,0.4253,0.2343,4.27,200.0,56.78,-200.0,8940.4,9,0.778,0.256,0.586,0.1332,28
Jan-Feb26,0.75,10,9,NO,0.3,0.8,45,317,0.7729,17.53,5557.0,0.4253,0.3476,4.72,348.9,8.79,-348.9,2272.4,9,0.556,0.125,0.324,0.0656,32
Jan-Feb26,0.75,10,9,YES,0.0,1.0,45,572,0.8007,15.59,8920.0,0.2451,0.5556,11.67,0.0,inf,153.1,2058.5,9,1.0,0.323,0.506,0.1363,36
Jan-Feb26,0.75,10,9,YES,0.0,0.5,45,68,0.3824,48.0,3264.0,0.2451,0.1373,4.91,332.6,7.29,-251.0,1249.9,9,0.667,0.487,0.627,0.2607,24
Jan-Feb26,0.75,10,9,YES,0.0,0.7,45,189,0.6455,34.32,6487.0,0.2451,0.4005,9.07,0.0,inf,152.3,1668.7,9,1.0,0.382,0.552,0.1727,30
Jan-Feb26,0.75,10,9,YES,0.3,0.8,45,282,0.7801,18.76,5290.0,0.2451,0.5351,17.1,0.0,inf,223.1,906.0,9,1.0,0.202,0.387,0.08,32
Jan-Feb26,0.75,30,3,ALL,0.0,1.0,293,6904,0.8147,11.41,78758.0,0.3179,0.4969,8.95,0.0,inf,79.0,23135.1,9,1.0,0.062,0.176,0.024,196
Jan-Feb26,0.75,30,3,ALL,0.0,0.5,293,737,0.3229,26.9,19826.0,0.3179,0.0051,4.08,2166.4,6.88,-1205.6,8757.1,9,0.556,0.105,0.274,0.0362,133
Jan-Feb26,0.75,30,3,ALL,0.0,0.7,293,1747,0.5684,23.06,40284.0,0.3179,0.2505,7.75,18.1,2230.22,-18.1,12063.3,9,0.889,0.086,0.229,0.0296,171
Jan-Feb26,0.75,30,3,ALL,0.3,0.8,293,2593,0.752,14.78,38326.0,0.3179,0.4342,11.91,0.0,inf,293.5,8493.8,9,1.0,0.102,0.168,0.0217,178
Jan-Feb26,0.75,30,3,NO,0.0,1.0,293,3712,0.8605,17.89,66391.0,0.4253,0.4352,7.16,4.0,16717.28,-4.0,25303.9,9,0.889,0.089,0.198,0.0266,178
Jan-Feb26,0.75,30,3,NO,0.0,0.5,293,278,0.4317,91.62,25471.0,0.4253,0.0064,5.85,200.0,128.35,-200.0,10122.5,9,0.889,0.177,0.372,0.0651,88
Jan-Feb26,0.75,30,3,NO,0.0,0.7,293,795,0.6604,49.11,39046.0,0.4253,0.2351,7.2,143.8,272.44,-143.8,14326.6,9,0.889,0.131,0.277,0.0404,134
Jan-Feb26,0.75,30,3,NO,0.3,0.8,293,1363,0.7872,19.55,26651.0,0.4253,0.362,7.76,0.0,inf,79.6,9212.7,9,1.0,0.088,0.159,0.0202,155
Jan-Feb26,0.75,30,3,YES,0.0,1.0,293,3192,0.7616,3.87,12367.0,0.2451,0.5165,3.84,1963.2,3.99,-2168.9,5277.9,9,0.778,0.067,0.17,0.0217,175
Jan-Feb26,0.75,30,3,YES,0.0,0.5,293,459,0.2571,-12.3,-5645.0,0.2451,0.012,-2.72,6798.4,0.4,-3036.7,1784.2,9,0.333,0.105,0.184,0.0271,114
Jan-Feb26,0.75,30,3,YES,0.0,0.7,293,952,0.4916,1.3,1238.0,0.2451,0.2465,0.57,2462.3,1.23,-2263.4,2866.7,9,0.556,0.089,0.171,0.0227,151
Jan-Feb26,0.75,30,3,YES,0.3,0.8,293,1230,0.713,9.49,11675.0,0.2451,0.468,5.96,0.0,7.86,-1702.6,3042.9,9,0.889,0.086,0.163,0.0197,151
Jan-Feb26,0.75,30,6,ALL,0.0,1.0,112,3235,0.8275,18.95,61288.0,0.3179,0.5096,9.18,0.0,inf,383.9,18092.2,9,1.0,0.108,0.308,0.0519,87
Jan-Feb26,0.75,30,6,ALL,0.0,0.5,112,383,0.4073,76.19,29182.0,0.3179,0.0894,6.14,66.5,440.14,-64.7,10596.8,9,0.778,0.167,0.433,0.0774,65
Jan-Feb26,0.75,30,6,ALL,0.0,0.7,112,869,0.6053,45.9,39884.0,0.3179,0.2874,8.3,0.0,inf,251.8,11747.3,9,1.0,0.144,0.382,0.0673,76
Jan-Feb26,0.75,30,6,ALL,0.3,0.8,112,1278,0.7629,17.46,22318.0,0.3179,0.445,10.77,0.0,inf,466.5,5294.9,9,1.0,0.08,0.193,0.0311,83
Jan-Feb26,0.75,30,6,NO,0.0,1.0,112,1774,0.8602,24.75,43910.0,0.4253,0.4349,7.0,0.0,inf,61.4,16679.0,9,1.0,0.15,0.328,0.0575,84
Jan-Feb26,0.75,30,6,NO,0.0,0.5,112,154,0.5,159.18,24513.0,0.4253,0.0747,5.92,100.0,246.13,-100.0,9493.9,9,0.889,0.232,0.488,0.1033,48
Jan-Feb26,0.75,30,6,NO,0.0,0.7,112,398,0.6683,76.66,30510.0,0.4253,0.2431,6.92,74.0,413.19,-74.0,10964.9,9,0.889,0.198,0.42,0.0801,65
Jan-Feb26,0.75,30,6,NO,0.3,0.8,112,671,0.7914,21.51,14432.0,0.4253,0.3661,7.22,0.0,inf,52.6,4961.8,9,1.0,0.081,0.207,0.0338,74
Jan-Feb26,0.75,30,6,YES,0.0,1.0,112,1461,0.7878,11.89,17378.0,0.2451,0.5428,10.23,28.7,606.33,-28.7,3436.1,9,0.889,0.137,0.347,0.0549,81
Jan-Feb26,0.75,30,6,YES,0.0,0.5,112,229,0.345,20.39,4669.0,0.2451,0.0999,3.15,1577.3,2.87,-1523.0,2126.5,9,0.667,0.217,0.37,0.0723,56
Jan-Feb26,0.75,30,6,YES,0.0,0.7,112,471,0.552,19.9,9374.0,0.2451,0.307,6.05,1197.8,8.83,-1197.8,2637.5,9,0.889,0.183,0.349,0.0612,69
Jan-Feb26,0.75,30,6,YES,0.3,0.8,112,607,0.7315,12.99,7886.0,0.2451,0.4864,9.15,0.0,286.52,-27.6,1848.6,9,0.889,0.097,0.215,0.0343,72
Jan-Feb26,0.75,30,9,ALL,0.0,1.0,45,1337,0.8287,22.41,29962.0,0.3179,0.5109,5.55,0.0,inf,25.1,14345.4,9,1.0,0.232,0.498,0.1061,36
Jan-Feb26,0.75,30,9,ALL,0.0,0.5,45,134,0.4478,123.14,16500.0,0.3179,0.1299,4.37,351.0,48.01,-199.8,9404.6,9,0.778,0.31,0.665,0.1735,28
Jan-Feb26,0.75,30,9,ALL,0.0,0.7,45,377,0.6525,57.98,21859.0,0.3179,0.3347,5.34,36.8,594.32,-36.8,10609.1,9,0.889,0.282,0.605,0.1482,31
Jan-Feb26,0.75,30,9,ALL,0.3,0.8,45,599,0.7763,18.11,10847.0,0.3179,0.4584,8.33,0.0,inf,149.7,3178.4,9,1.0,0.117,0.279,0.0569,35
Jan-Feb26,0.75,30,9,NO,0.0,1.0,45,765,0.8497,27.51,21042.0,0.4253,0.4244,4.31,127.9,138.88,-127.9,12286.9,9,0.778,0.217,0.513,0.109,35
Jan-Feb26,0.75,30,9,NO,0.0,0.5,45,66,0.5152,200.55,13237.0,0.4253,0.0899,3.84,182.8,73.42,-100.0,8409.8,9,0.667,0.291,0.653,0.1608,21
Jan-Feb26,0.75,30,9,NO,0.0,0.7,45,188,0.6596,81.76,15372.0,0.4253,0.2343,4.27,200.0,56.78,-200.0,8940.4,9,0.778,0.256,0.586,0.1332,28
Jan-Feb26,0.75,30,9,NO,0.3,0.8,45,317,0.7729,17.53,5557.0,0.4253,0.3476,4.72,348.9,8.79,-348.9,2272.4,9,0.556,0.125,0.324,0.0656,32
Jan-Feb26,0.75,30,9,YES,0.0,1.0,45,572,0.8007,15.59,8920.0,0.2451,0.5556,11.67,0.0,inf,153.1,2058.5,9,1.0,0.323,0.506,0.1363,36
Jan-Feb26,0.75,30,9,YES,0.0,0.5,45,68,0.3824,48.0,3264.0,0.2451,0.1373,4.91,332.6,7.29,-251.0,1249.9,9,0.667,0.487,0.627,0.2607,24
Jan-Feb26,0.75,30,9,YES,0.0,0.7,45,189,0.6455,34.32,6487.0,0.2451,0.4005,9.07,0.0,inf,152.3,1668.7,9,1.0,0.382,0.552,0.1727,30
Jan-Feb26,0.75,30,9,YES,0.3,0.8,45,282,0.7801,18.76,5290.0,0.2451,0.5351,17.1,0.0,inf,223.1,906.0,9,1.0,0.202,0.387,0.08,32
Jan-Feb26,0.75,50,3,ALL,0.0,1.0,182,6018,0.8195,11.99,72138.0,0.3179,0.5017,9.07,0.0,inf,15.3,21026.9,9,1.0,0.075,0.214,0.0329,125
Jan-Feb26,0.75,50,3,ALL,0.0,0.5,182,602,0.3355,35.6,21434.0,0.3179,0.0177,4.22,2076.2,10.57,-1479.5,10009.7,9,0.556,0.128,0.333,0.0499,91
Jan-Feb26,0.75,50,3,ALL,0.0,0.7,182,1472,0.5808,26.78,39415.0,0.3179,0.263,7.56,98.6,400.68,-98.6,12144.4,9,0.889,0.106,0.282,0.0414,111
Jan-Feb26,0.75,50,3,ALL,0.3,0.8,182,2231,0.7589,15.57,34734.0,0.3179,0.441,12.59,0.0,inf,182.9,7824.1,9,1.0,0.129,0.213,0.0318,117
Jan-Feb26,0.75,50,3,NO,0.0,1.0,182,3183,0.8574,17.92,57038.0,0.4253,0.4321,7.84,32.0,1785.78,-32.0,19943.6,9,0.889,0.106,0.236,0.0357,117
Jan-Feb26,0.75,50,3,NO,0.0,0.5,182,230,0.4217,102.26,23520.0,0.4253,-0.0035,5.69,200.0,118.6,-200.0,9532.3,9,0.889,0.198,0.415,0.0778,66
Jan-Feb26,0.75,50,3,NO,0.0,0.7,182,669,0.6607,52.73,35278.0,0.4253,0.2354,7.4,224.4,158.22,-224.4,12289.0,9,0.889,0.152,0.321,0.0511,94
Jan-Feb26,0.75,50,3,NO,0.3,0.8,182,1155,0.7879,19.55,22579.0,0.4253,0.3626,9.12,31.0,730.3,-31.0,6360.9,9,0.889,0.112,0.202,0.0293,104
Jan-Feb26,0.75,50,3,YES,0.0,1.0,182,2835,0.7771,5.33,15099.0,0.2451,0.532,6.71,680.3,23.19,-680.3,4831.4,9,0.889,0.086,0.218,0.0323,116
Jan-Feb26,0.75,50,3,YES,0.0,0.5,182,372,0.2823,-5.61,-2087.0,0.2451,0.0372,-1.17,5320.5,0.66,-2227.7,1793.7,9,0.444,0.142,0.242,0.0427,78
Jan-Feb26,0.75,50,3,YES,0.0,0.7,182,803,0.5143,5.15,4137.0,0.2451,0.2693,2.59,1457.7,2.86,-1034.5,2832.9,9,0.556,0.118,0.226,0.0348,103
Jan-Feb26,0.75,50,3,YES,0.3,0.8,182,1076,0.7277,11.3,12154.0,0.2451,0.4826,8.12,0.0,21.5,-592.9,2873.3,9,0.889,0.106,0.202,0.0276,106
Jan-Feb26,0.75,50,6,ALL,0.0,1.0,95,3128,0.8274,19.24,60192.0,0.3179,0.5095,9.27,0.0,inf,383.9,17557.6,9,1.0,0.11,0.315,0.0543,76
Jan-Feb26,0.75,50,6,ALL,0.0,0.5,95,369,0.4065,78.96,29135.0,0.3179,0.0886,6.07,64.7,451.26,-64.7,10765.8,9,0.889,0.171,0.445,0.0816,58
Jan-Feb26,0.75,50,6,ALL,0.0,0.7,95,843,0.605,46.74,39406.0,0.3179,0.2871,8.24,0.0,inf,251.8,11646.9,9,1.0,0.148,0.391,0.0704,67
Jan-Feb26,0.75,50,6,ALL,0.3,0.8,95,1236,0.7629,17.42,21536.0,0.3179,0.4451,11.16,0.0,inf,466.5,5239.2,9,1.0,0.085,0.203,0.0339,73
Jan-Feb26,0.75,50,6,NO,0.0,1.0,95,1694,0.856,24.96,42274.0,0.4253,0.4307,7.24,0.0,inf,61.4,15468.2,9,1.0,0.155,0.339,0.0614,73
Jan-Feb26,0.75,50,6,NO,0.0,0.5,95,150,0.4933,161.6,24241.0,0.4253,0.0681,5.94,100.0,243.41,-100.0,9266.9,9,0.889,0.236,0.495,0.1065,44
Jan-Feb26,0.75,50,6,NO,0.0,0.7,95,387,0.6641,77.43,29965.0,0.4253,0.2388,7.0,74.0,405.82,-74.0,10520.4,9,0.889,0.203,0.428,0.0834,58
Jan-Feb26,0.75,50,6,NO,0.3,0.8,95,643,0.7869,20.94,13466.0,0.4253,0.3617,7.7,0.0,inf,52.6,4257.3,9,1.0,0.086,0.22,0.0372,65
Jan-Feb26,0.75,50,6,YES,0.0,1.0,95,1434,0.7936,12.49,17917.0,0.2451,0.5485,11.08,28.7,625.12,-28.7,3436.1,9,0.889,0.144,0.365,0.0602,71
Jan-Feb26,0.75,50,6,YES,0.0,0.5,95,219,0.347,22.35,4894.0,0.2451,0.102,3.41,1523.0,3.09,-1523.0,1871.8,9,0.778,0.23,0.391,0.0803,50
Jan-Feb26,0.75,50,6,YES,0.0,0.7,95,456,0.5548,20.7,9441.0,0.2451,0.3098,6.43,1197.8,8.88,-1197.8,2456.5,9,0.889,0.19,0.363,0.0659,62
Jan-Feb26,0.75,50,6,YES,0.3,0.8,95,593,0.7369,13.61,8069.0,0.2451,0.4919,9.8,0.0,inf,77.6,1948.6,9,1.0,0.101,0.225,0.0372,64
Jan-Feb26,0.75,50,9,ALL,0.0,1.0,45,1337,0.8287,22.41,29962.0,0.3179,0.5109,5.55,0.0,inf,25.1,14345.4,9,1.0,0.232,0.498,0.1061,36
Jan-Feb26,0.75,50,9,ALL,0.0,0.5,45,134,0.4478,123.14,16500.0,0.3179,0.1299,4.37,351.0,48.01,-199.8,9404.6,9,0.778,0.31,0.665,0.1735,28
Jan-Feb26,0.75,50,9,ALL,0.0,0.7,45,377,0.6525,57.98,21859.0,0.3179,0.3347,5.34,36.8,594.32,-36.8,10609.1,9,0.889,0.282,0.605,0.1482,31
Jan-Feb26,0.75,50,9,ALL,0.3,0.8,45,599,0.7763,18.11,10847.0,0.3179,0.4584,8.33,0.0,inf,149.7,3178.4,9,1.0,0.117,0.279,0.0569,35
Jan-Feb26,0.75,50,9,NO,0.0,1.0,45,765,0.8497,27.51,21042.0,0.4253,0.4244,4.31,127.9,138.88,-127.9,12286.9,9,0.778,0.217,0.513,0.109,35
Jan-Feb26,0.75,50,9,NO,0.0,0.5,45,66,0.5152,200.55,13237.0,0.4253,0.0899,3.84,182.8,73.42,-100.0,8409.8,9,0.667,0.291,0.653,0.1608,21
Jan-Feb26,0.75,50,9,NO,0.0,0.7,45,188,0.6596,81.76,15372.0,0.4253,0.2343,4.27,200.0,56.78,-200.0,8940.4,9,0.778,0.256,0.586,0.1332,28
Jan-Feb26,0.75,50,9,NO,0.3,0.8,45,317,0.7729,17.53,5557.0,0.4253,0.3476,4.72,348.9,8.79,-348.9,2272.4,9,0.556,0.125,0.324,0.0656,32
Jan-Feb26,0.75,50,9,YES,0.0,1.0,45,572,0.8007,15.59,8920.0,0.2451,0.5556,11.67,0.0,inf,153.1,2058.5,9,1.0,0.323,0.506,0.1363,36
Jan-Feb26,0.75,50,9,YES,0.0,0.5,45,68,0.3824,48.0,3264.0,0.2451,0.1373,4.91,332.6,7.29,-251.0,1249.9,9,0.667,0.487,0.627,0.2607,24
Jan-Feb26,0.75,50,9,YES,0.0,0.7,45,189,0.6455,34.32,6487.0,0.2451,0.4005,9.07,0.0,inf,152.3,1668.7,9,1.0,0.382,0.552,0.1727,30
Jan-Feb26,0.75,50,9,YES,0.3,0.8,45,282,0.7801,18.76,5290.0,0.2451,0.5351,17.1,0.0,inf,223.1,906.0,9,1.0,0.202,0.387,0.08,32
Jan-Feb26,0.8,10,3,ALL,0.0,1.0,358,6191,0.8113,8.36,51764.0,0.3179,0.4935,7.22,0.0,inf,103.0,18868.9,9,1.0,0.074,0.204,0.0267,230
Jan-Feb26,0.8,10,3,ALL,0.0,0.5,358,599,0.3222,15.67,9387.0,0.3179,0.0043,2.61,3879.5,3.42,-1344.0,7739.8,9,0.444,0.122,0.266,0.0363,131
Jan-Feb26,0.8,10,3,ALL,0.0,0.7,358,1460,0.5534,15.22,22228.0,0.3179,0.2356,5.23,8.7,2554.23,-8.7,10819.7,9,0.889,0.101,0.231,0.0295,183
Jan-Feb26,0.8,10,3,ALL,0.3,0.8,358,2221,0.738,12.34,27401.0,0.3179,0.4201,10.34,0.0,inf,274.7,6289.7,9,1.0,0.12,0.198,0.0267,191
Jan-Feb26,0.8,10,3,NO,0.0,1.0,358,3316,0.8498,12.75,42275.0,0.4253,0.4246,5.55,148.1,286.46,-148.1,19823.4,9,0.889,0.083,0.205,0.0276,201
Jan-Feb26,0.8,10,3,NO,0.0,0.5,358,233,0.4335,59.08,13765.0,0.4253,0.0082,3.61,214.4,56.0,-200.0,9444.5,9,0.667,0.173,0.362,0.0607,79
Jan-Feb26,0.8,10,3,NO,0.0,0.7,358,667,0.6222,31.4,20943.0,0.4253,0.1969,4.56,281.0,75.53,-281.0,11684.1,9,0.889,0.126,0.272,0.0392,127
Jan-Feb26,0.8,10,3,NO,0.3,0.8,358,1162,0.7608,15.56,18078.0,0.4253,0.3355,7.34,57.5,315.24,-57.5,5953.5,9,0.889,0.109,0.195,0.0256,155
Jan-Feb26,0.8,10,3,YES,0.0,1.0,358,2875,0.767,3.3,9489.0,0.2451,0.5219,3.72,1691.9,4.31,-1691.9,4256.8,9,0.667,0.069,0.176,0.0224,189
Jan-Feb26,0.8,10,3,YES,0.0,0.5,358,366,0.2514,-11.96,-4378.0,0.2451,0.0063,-2.41,5935.1,0.43,-2559.2,2292.2,9,0.444,0.113,0.198,0.029,112
Jan-Feb26,0.8,10,3,YES,0.0,0.7,358,793,0.4956,1.62,1285.0,0.2451,0.2505,0.88,2619.0,1.37,-1620.0,2006.0,9,0.444,0.093,0.176,0.0232,152
Jan-Feb26,0.8,10,3,YES,0.3,0.8,358,1059,0.7129,8.8,9324.0,0.2451,0.4679,7.36,0.0,21.46,-455.6,2545.5,9,0.889,0.095,0.179,0.0218,151
Jan-Feb26,0.8,10,6,ALL,0.0,1.0,61,2352,0.8512,17.97,42261.0,0.3179,0.5333,7.58,0.0,inf,165.9,15522.8,9,1.0,0.167,0.431,0.0867,50
Jan-Feb26,0.8,10,6,ALL,0.0,0.5,61,203,0.4581,91.91,18657.0,0.3179,0.1403,4.63,9.7,1917.95,-9.7,10232.8,9,0.889,0.263,0.572,0.1295,34
Jan-Feb26,0.8,10,6,ALL,0.0,0.7,61,526,0.6445,49.13,25841.0,0.3179,0.3266,6.35,0.0,inf,75.4,11032.8,9,1.0,0.241,0.553,0.1197,40
Jan-Feb26,0.8,10,6,ALL,0.3,0.8,61,872,0.7741,17.71,15442.0,0.3179,0.4562,10.04,0.0,inf,261.9,3874.3,9,1.0,0.128,0.306,0.059,47
Jan-Feb26,0.8,10,6,NO,0.0,1.0,61,1283,0.8636,20.1,25794.0,0.4253,0.4383,5.1,58.6,441.44,-58.6,13246.4,9,0.889,0.183,0.439,0.0881,48
Jan-Feb26,0.8,10,6,NO,0.0,0.5,61,97,0.5258,133.75,12973.0,0.4253,0.1005,3.63,164.6,50.02,-164.6,8927.0,9,0.778,0.297,0.566,0.1443,26
Jan-Feb26,0.8,10,6,NO,0.0,0.7,61,258,0.6628,63.03,16261.0,0.4253,0.2375,4.4,130.6,125.49,-130.6,9436.3,9,0.889,0.254,0.516,0.1182,31
Jan-Feb26,0.8,10,6,NO,0.3,0.8,61,458,0.7773,19.76,9050.0,0.4253,0.352,7.27,125.7,70.74,-125.7,2701.0,9,0.778,0.134,0.343,0.0668,40
Jan-Feb26,0.8,10,6,YES,0.0,1.0,61,1069,0.8363,15.4,16468.0,0.2451,0.5912,10.06,0.0,inf,97.8,3874.9,9,1.0,0.191,0.481,0.0954,45
Jan-Feb26,0.8,10,6,YES,0.0,0.5,61,106,0.3962,53.62,5684.0,0.2451,0.1512,3.9,1105.5,4.26,-1105.5,2861.4,9,0.778,0.326,0.528,0.1427,30
Jan-Feb26,0.8,10,6,YES,0.0,0.7,61,268,0.6269,35.75,9580.0,0.2451,0.3818,6.99,780.9,13.27,-780.9,2730.5,9,0.889,0.276,0.51,0.1206,37
Jan-Feb26,0.8,10,6,YES,0.3,0.8,61,414,0.7705,15.44,6392.0,0.2451,0.5255,11.65,0.0,inf,161.2,1497.9,9,1.0,0.157,0.333,0.0653,41
Jan-Feb26,0.8,10,9,ALL,0.0,1.0,23,840,0.8452,25.61,21516.0,0.3179,0.5274,4.29,0.0,inf,125.1,12930.9,9,1.0,0.358,0.702,0.2096,21
Jan-Feb26,0.8,10,9,ALL,0.0,0.5,23,71,0.5352,188.96,13416.0,0.3179,0.2173,3.4,48.7,276.65,-48.7,9754.7,9,0.889,0.432,0.832,0.301,14
Jan-Feb26,0.8,10,9,ALL,0.0,0.7,23,212,0.6792,76.67,16254.0,0.3179,0.3614,3.95,36.8,442.17,-36.8,10450.8,9,0.889,0.428,0.821,0.2915,16
Jan-Feb26,0.8,10,9,ALL,0.3,0.8,23,355,0.7915,20.14,7149.0,0.3179,0.4737,6.55,315.2,23.68,-315.2,2402.7,9,0.889,0.213,0.504,0.112,21
Jan-Feb26,0.8,10,9,NO,0.0,1.0,23,467,0.8501,28.6,13354.0,0.4253,0.4248,3.05,538.2,20.34,-379.1,10730.2,9,0.556,0.364,0.758,0.2297,20
Jan-Feb26,0.8,10,9,NO,0.0,0.5,23,36,0.5556,261.15,9401.0,0.4253,0.1303,2.77,300.0,24.5,-200.0,8259.8,9,0.667,0.432,0.814,0.2814,10
Jan-Feb26,0.8,10,9,NO,0.0,0.7,23,106,0.6415,95.17,10088.0,0.4253,0.2162,2.9,256.7,17.68,-200.0,8465.2,9,0.556,0.403,0.782,0.2556,13
Jan-Feb26,0.8,10,9,NO,0.3,0.8,23,177,0.7401,13.27,2348.0,0.4253,0.3149,2.72,781.5,2.88,-624.3,1414.8,9,0.556,0.286,0.536,0.1396,18
Jan-Feb26,0.8,10,9,YES,0.0,1.0,23,373,0.8391,21.88,8162.0,0.2451,0.5941,10.08,0.0,inf,253.1,2200.7,9,1.0,0.454,0.712,0.2479,21
Jan-Feb26,0.8,10,9,YES,0.0,0.5,23,35,0.5143,114.71,4015.0,0.2451,0.2692,5.0,376.1,9.85,-376.1,1494.8,9,0.778,0.684,0.782,0.4806,13
Jan-Feb26,0.8,10,9,YES,0.0,0.7,23,106,0.717,58.16,6165.0,0.2451,0.4719,7.57,134.7,46.78,-134.7,1985.6,9,0.889,0.537,0.734,0.3182,16
Jan-Feb26,0.8,10,9,YES,0.3,0.8,23,178,0.8427,26.97,4801.0,0.2451,0.5976,12.52,0.0,inf,79.4,987.9,9,1.0,0.315,0.603,0.1585,19
Jan-Feb26,0.8,30,3,ALL,0.0,1.0,165,5342,0.827,10.08,53831.0,0.3179,0.5092,7.78,137.0,393.96,-137.0,18345.7,9,0.889,0.09,0.247,0.0383,116
Jan-Feb26,0.8,30,3,ALL,0.0,0.5,165,450,0.3378,28.79,12953.0,0.3179,0.0199,3.23,1686.1,7.81,-873.3,9415.3,9,0.556,0.153,0.334,0.0552,77
Jan-Feb26,0.8,30,3,ALL,0.0,0.7,165,1150,0.58,22.35,25706.0,0.3179,0.2621,5.99,175.0,147.9,-175.0,11273.9,9,0.889,0.128,0.293,0.0459,100
Jan-Feb26,0.8,30,3,ALL,0.3,0.8,165,1848,0.7554,14.17,26189.0,0.3179,0.4375,11.19,0.0,inf,108.4,6345.1,9,1.0,0.15,0.247,0.0404,107
Jan-Feb26,0.8,30,3,NO,0.0,1.0,165,2813,0.8603,14.2,39936.0,0.4253,0.435,6.09,221.8,181.03,-221.8,17380.4,9,0.889,0.101,0.25,0.0396,109
Jan-Feb26,0.8,30,3,NO,0.0,0.5,165,182,0.4505,73.9,13450.0,0.4253,0.0253,3.78,200.0,58.02,-200.0,8920.0,9,0.778,0.212,0.443,0.0866,52
Jan-Feb26,0.8,30,3,NO,0.0,0.7,165,531,0.6441,38.58,20486.0,0.4253,0.2188,5.07,281.0,73.9,-281.0,10491.1,9,0.889,0.155,0.336,0.0566,76
Jan-Feb26,0.8,30,3,NO,0.3,0.8,165,963,0.7726,17.14,16509.0,0.4253,0.3473,9.24,57.5,287.96,-57.5,4407.4,9,0.889,0.134,0.24,0.0371,94
Jan-Feb26,0.8,30,3,YES,0.0,1.0,165,2529,0.79,5.49,13895.0,0.2451,0.545,5.65,1850.8,8.51,-1850.8,4753.9,9,0.889,0.088,0.223,0.0344,105
Jan-Feb26,0.8,30,3,YES,0.0,0.5,165,268,0.2612,-1.85,-497.0,0.2451,0.0161,-0.28,4760.9,0.9,-1893.3,2875.4,9,0.444,0.149,0.261,0.0473,66
Jan-Feb26,0.8,30,3,YES,0.0,0.7,165,619,0.525,8.43,5220.0,0.2451,0.28,3.52,1286.9,4.26,-918.3,3035.9,9,0.778,0.125,0.237,0.0387,91
Jan-Feb26,0.8,30,3,YES,0.3,0.8,165,885,0.7367,10.94,9680.0,0.2451,0.4917,7.85,0.0,91.95,-106.4,2482.2,9,0.889,0.126,0.237,0.0349,95
Jan-Feb26,0.8,30,6,ALL,0.0,1.0,60,2351,0.8511,17.96,42224.0,0.3179,0.5333,7.59,0.0,inf,165.9,15485.8,9,1.0,0.167,0.431,0.0868,49
Jan-Feb26,0.8,30,6,ALL,0.0,0.5,60,203,0.4581,91.91,18657.0,0.3179,0.1403,4.63,9.7,1917.95,-9.7,10232.8,9,0.889,0.263,0.572,0.1295,34
Jan-Feb26,0.8,30,6,ALL,0.0,0.7,60,526,0.6445,49.13,25841.0,0.3179,0.3266,6.35,0.0,inf,75.4,11032.8,9,1.0,0.241,0.553,0.1197,40
Jan-Feb26,0.8,30,6,ALL,0.3,0.8,60,871,0.7738,17.69,15406.0,0.3179,0.456,10.06,0.0,inf,261.9,3874.3,9,1.0,0.128,0.307,0.0592,46
Jan-Feb26,0.8,30,6,NO,0.0,1.0,60,1282,0.8635,20.09,25757.0,0.4253,0.4382,5.11,58.6,440.81,-58.6,13209.5,9,0.889,0.183,0.44,0.0883,47
Jan-Feb26,0.8,30,6,NO,0.0,0.5,60,97,0.5258,133.75,12973.0,0.4253,0.1005,3.63,164.6,50.02,-164.6,8927.0,9,0.778,0.297,0.566,0.1443,26
Jan-Feb26,0.8,30,6,NO,0.0,0.7,60,258,0.6628,63.03,16261.0,0.4253,0.2375,4.4,130.6,125.49,-130.6,9436.3,9,0.889,0.254,0.516,0.1182,31
Jan-Feb26,0.8,30,6,NO,0.3,0.8,60,457,0.7768,19.72,9013.0,0.4253,0.3515,7.3,125.7,70.45,-125.7,2664.0,9,0.778,0.135,0.344,0.0672,39
Jan-Feb26,0.8,30,6,YES,0.0,1.0,60,1069,0.8363,15.4,16468.0,0.2451,0.5912,10.06,0.0,inf,97.8,3874.9,9,1.0,0.191,0.481,0.0954,45
Jan-Feb26,0.8,30,6,YES,0.0,0.5,60,106,0.3962,53.62,5684.0,0.2451,0.1512,3.9,1105.5,4.26,-1105.5,2861.4,9,0.778,0.326,0.528,0.1427,30
Jan-Feb26,0.8,30,6,YES,0.0,0.7,60,268,0.6269,35.75,9580.0,0.2451,0.3818,6.99,780.9,13.27,-780.9,2730.5,9,0.889,0.276,0.51,0.1206,37
Jan-Feb26,0.8,30,6,YES,0.3,0.8,60,414,0.7705,15.44,6392.0,0.2451,0.5255,11.65,0.0,inf,161.2,1497.9,9,1.0,0.157,0.333,0.0653,41
Jan-Feb26,0.8,30,9,ALL,0.0,1.0,23,840,0.8452,25.61,21516.0,0.3179,0.5274,4.29,0.0,inf,125.1,12930.9,9,1.0,0.358,0.702,0.2096,21
Jan-Feb26,0.8,30,9,ALL,0.0,0.5,23,71,0.5352,188.96,13416.0,0.3179,0.2173,3.4,48.7,276.65,-48.7,9754.7,9,0.889,0.432,0.832,0.301,14
Jan-Feb26,0.8,30,9,ALL,0.0,0.7,23,212,0.6792,76.67,16254.0,0.3179,0.3614,3.95,36.8,442.17,-36.8,10450.8,9,0.889,0.428,0.821,0.2915,16
Jan-Feb26,0.8,30,9,ALL,0.3,0.8,23,355,0.7915,20.14,7149.0,0.3179,0.4737,6.55,315.2,23.68,-315.2,2402.7,9,0.889,0.213,0.504,0.112,21
Jan-Feb26,0.8,30,9,NO,0.0,1.0,23,467,0.8501,28.6,13354.0,0.4253,0.4248,3.05,538.2,20.34,-379.1,10730.2,9,0.556,0.364,0.758,0.2297,20
Jan-Feb26,0.8,30,9,NO,0.0,0.5,23,36,0.5556,261.15,9401.0,0.4253,0.1303,2.77,300.0,24.5,-200.0,8259.8,9,0.667,0.432,0.814,0.2814,10
Jan-Feb26,0.8,30,9,NO,0.0,0.7,23,106,0.6415,95.17,10088.0,0.4253,0.2162,2.9,256.7,17.68,-200.0,8465.2,9,0.556,0.403,0.782,0.2556,13
Jan-Feb26,0.8,30,9,NO,0.3,0.8,23,177,0.7401,13.27,2348.0,0.4253,0.3149,2.72,781.5,2.88,-624.3,1414.8,9,0.556,0.286,0.536,0.1396,18
Jan-Feb26,0.8,30,9,YES,0.0,1.0,23,373,0.8391,21.88,8162.0,0.2451,0.5941,10.08,0.0,inf,253.1,2200.7,9,1.0,0.454,0.712,0.2479,21
Jan-Feb26,0.8,30,9,YES,0.0,0.5,23,35,0.5143,114.71,4015.0,0.2451,0.2692,5.0,376.1,9.85,-376.1,1494.8,9,0.778,0.684,0.782,0.4806,13
Jan-Feb26,0.8,30,9,YES,0.0,0.7,23,106,0.717,58.16,6165.0,0.2451,0.4719,7.57,134.7,46.78,-134.7,1985.6,9,0.889,0.537,0.734,0.3182,16
Jan-Feb26,0.8,30,9,YES,0.3,0.8,23,178,0.8427,26.97,4801.0,0.2451,0.5976,12.52,0.0,inf,79.4,987.9,9,1.0,0.315,0.603,0.1585,19
Jan-Feb26,0.8,50,3,ALL,0.0,1.0,105,4693,0.8334,10.22,47982.0,0.3179,0.5155,7.41,102.7,468.29,-102.7,17465.6,9,0.889,0.11,0.302,0.0526,75
Jan-Feb26,0.8,50,3,ALL,0.0,0.5,105,357,0.3361,31.8,11351.0,0.3179,0.0183,2.73,2022.6,6.48,-1024.6,9776.1,9,0.556,0.194,0.421,0.0789,51
Jan-Feb26,0.8,50,3,ALL,0.0,0.7,105,958,0.596,24.79,23749.0,0.3179,0.2782,5.51,175.0,136.72,-175.0,11397.3,9,0.889,0.164,0.376,0.0664,64
Jan-Feb26,0.8,50,3,ALL,0.3,0.8,105,1577,0.7673,15.57,24562.0,0.3179,0.4494,11.91,0.0,inf,78.4,5573.0,9,1.0,0.19,0.314,0.0593,70
Jan-Feb26,0.8,50,3,NO,0.0,1.0,105,2448,0.8607,13.83,33856.0,0.4253,0.4354,6.13,151.9,223.93,-151.9,14762.4,9,0.889,0.124,0.307,0.0547,70
Jan-Feb26,0.8,50,3,NO,0.0,0.5,105,142,0.4296,78.75,11183.0,0.4253,0.0043,3.26,529.0,16.34,-443.0,8400.1,9,0.667,0.255,0.487,0.112,36
Jan-Feb26,0.8,50,3,NO,0.0,0.7,105,444,0.6532,40.63,18038.0,0.4253,0.2279,4.77,281.0,65.19,-281.0,9747.6,9,0.889,0.191,0.389,0.0759,51
Jan-Feb26,0.8,50,3,NO,0.3,0.8,105,818,0.7775,17.77,14539.0,0.4253,0.3522,9.89,87.6,167.03,-87.6,3338.2,9,0.889,0.174,0.311,0.0558,61
Jan-Feb26,0.8,50,3,YES,0.0,1.0,105,2245,0.8036,6.29,14125.0,0.2451,0.5585,6.96,684.1,21.65,-684.1,3920.7,9,0.889,0.111,0.283,0.0501,70
Jan-Feb26,0.8,50,3,YES,0.0,0.5,105,215,0.2744,0.78,168.0,0.2451,0.0294,0.1,4382.9,1.04,-1838.4,2261.0,9,0.444,0.199,0.327,0.074,44
Jan-Feb26,0.8,50,3,YES,0.0,0.7,105,514,0.5467,11.11,5711.0,0.2451,0.3016,4.28,828.5,5.14,-696.0,2425.8,9,0.778,0.167,0.315,0.0609,60
Jan-Feb26,0.8,50,3,YES,0.3,0.8,105,759,0.7563,13.21,10023.0,0.2451,0.5112,9.9,0.0,inf,165.9,2268.8,9,1.0,0.158,0.297,0.0505,64
Jan-Feb26,0.8,50,6,ALL,0.0,1.0,49,2284,0.8516,18.12,41387.0,0.3179,0.5337,7.65,0.0,inf,165.9,15108.9,9,1.0,0.172,0.444,0.0919,42
Jan-Feb26,0.8,50,6,ALL,0.0,0.5,49,194,0.4536,94.4,18314.0,0.3179,0.1357,4.64,9.7,1882.65,-9.7,10105.9,9,0.889,0.273,0.593,0.139,29
Jan-Feb26,0.8,50,6,ALL,0.0,0.7,49,511,0.6458,49.8,25448.0,0.3179,0.3279,6.32,0.0,inf,75.4,10962.4,9,1.0,0.248,0.569,0.1265,34
Jan-Feb26,0.8,50,6,ALL,0.3,0.8,49,842,0.7767,18.02,15169.0,0.3179,0.4589,10.05,0.0,inf,261.9,3873.7,9,1.0,0.135,0.323,0.0646,40
Jan-Feb26,0.8,50,6,NO,0.0,1.0,49,1230,0.861,20.19,24839.0,0.4253,0.4357,5.15,58.6,425.14,-58.6,12661.5,9,0.889,0.19,0.455,0.0942,40
Jan-Feb26,0.8,50,6,NO,0.0,0.5,49,93,0.5161,136.57,12701.0,0.4253,0.0909,3.64,164.6,48.99,-164.6,8700.1,9,0.778,0.306,0.583,0.1529,22
Jan-Feb26,0.8,50,6,NO,0.0,0.7,49,252,0.6627,63.67,16045.0,0.4253,0.2374,4.43,130.6,123.83,-130.6,9265.9,9,0.889,0.26,0.528,0.1235,27
Jan-Feb26,0.8,50,6,NO,0.3,0.8,49,438,0.774,19.4,8499.0,0.4253,0.3487,7.47,125.7,66.49,-125.7,2355.7,9,0.778,0.142,0.364,0.0739,34
Jan-Feb26,0.8,50,6,YES,0.0,1.0,49,1054,0.8406,15.7,16548.0,0.2451,0.5956,10.46,0.0,inf,97.8,3720.2,9,1.0,0.199,0.502,0.1035,39
Jan-Feb26,0.8,50,6,YES,0.0,0.5,49,101,0.396,55.57,5613.0,0.2451,0.151,4.09,1105.5,4.41,-1105.5,2606.7,9,0.778,0.346,0.56,0.1595,26
Jan-Feb26,0.8,50,6,YES,0.0,0.7,49,259,0.6293,36.3,9403.0,0.2451,0.3843,7.25,780.9,13.04,-780.9,2575.8,9,0.889,0.288,0.532,0.1308,32
Jan-Feb26,0.8,50,6,YES,0.3,0.8,49,404,0.7797,16.51,6670.0,0.2451,0.5347,12.49,0.0,inf,204.9,1597.9,9,1.0,0.167,0.356,0.0735,35
Jan-Feb26,0.8,50,9,ALL,0.0,1.0,23,840,0.8452,25.61,21516.0,0.3179,0.5274,4.29,0.0,inf,125.1,12930.9,9,1.0,0.358,0.702,0.2096,21
Jan-Feb26,0.8,50,9,ALL,0.0,0.5,23,71,0.5352,188.96,13416.0,0.3179,0.2173,3.4,48.7,276.65,-48.7,9754.7,9,0.889,0.432,0.832,0.301,14
Jan-Feb26,0.8,50,9,ALL,0.0,0.7,23,212,0.6792,76.67,16254.0,0.3179,0.3614,3.95,36.8,442.17,-36.8,10450.8,9,0.889,0.428,0.821,0.2915,16
Jan-Feb26,0.8,50,9,ALL,0.3,0.8,23,355,0.7915,20.14,7149.0,0.3179,0.4737,6.55,315.2,23.68,-315.2,2402.7,9,0.889,0.213,0.504,0.112,21
Jan-Feb26,0.8,50,9,NO,0.0,1.0,23,467,0.8501,28.6,13354.0,0.4253,0.4248,3.05,538.2,20.34,-379.1,10730.2,9,0.556,0.364,0.758,0.2297,20
Jan-Feb26,0.8,50,9,NO,0.0,0.5,23,36,0.5556,261.15,9401.0,0.4253,0.1303,2.77,300.0,24.5,-200.0,8259.8,9,0.667,0.432,0.814,0.2814,10
Jan-Feb26,0.8,50,9,NO,0.0,0.7,23,106,0.6415,95.17,10088.0,0.4253,0.2162,2.9,256.7,17.68,-200.0,8465.2,9,0.556,0.403,0.782,0.2556,13
Jan-Feb26,0.8,50,9,NO,0.3,0.8,23,177,0.7401,13.27,2348.0,0.4253,0.3149,2.72,781.5,2.88,-624.3,1414.8,9,0.556,0.286,0.536,0.1396,18
Jan-Feb26,0.8,50,9,YES,0.0,1.0,23,373,0.8391,21.88,8162.0,0.2451,0.5941,10.08,0.0,inf,253.1,2200.7,9,1.0,0.454,0.712,0.2479,21
Jan-Feb26,0.8,50,9,YES,0.0,0.5,23,35,0.5143,114.71,4015.0,0.2451,0.2692,5.0,376.1,9.85,-376.1,1494.8,9,0.778,0.684,0.782,0.4806,13
Jan-Feb26,0.8,50,9,YES,0.0,0.7,23,106,0.717,58.16,6165.0,0.2451,0.4719,7.57,134.7,46.78,-134.7,1985.6,9,0.889,0.537,0.734,0.3182,16
Jan-Feb26,0.8,50,9,YES,0.3,0.8,23,178,0.8427,26.97,4801.0,0.2451,0.5976,12.52,0.0,inf,79.4,987.9,9,1.0,0.315,0.603,0.1585,19
Jan-Feb26,0.85,10,3,ALL,0.0,1.0,148,3321,0.8537,8.82,29277.0,0.3179,0.5358,6.39,198.8,148.25,-198.8,11743.1,9,0.889,0.139,0.313,0.0512,100
Jan-Feb26,0.85,10,3,ALL,0.0,0.5,148,223,0.3184,19.48,4343.0,0.3179,0.0005,1.73,1845.0,2.45,-1202.8,5848.4,8,0.375,0.235,0.342,0.0793,55
Jan-Feb26,0.85,10,3,ALL,0.0,0.7,148,487,0.5667,22.82,11114.0,0.3179,0.2489,4.04,658.4,14.06,-658.4,7265.9,8,0.75,0.185,0.289,0.0571,79
Jan-Feb26,0.85,10,3,ALL,0.3,0.8,148,820,0.7793,17.27,14165.0,0.3179,0.4614,11.21,220.8,65.17,-220.8,2832.6,8,0.875,0.085,0.226,0.0338,83
Jan-Feb26,0.85,10,3,NO,0.0,1.0,148,1811,0.8868,13.28,24051.0,0.4253,0.4615,5.38,23.5,1022.57,-23.5,11704.4,9,0.889,0.171,0.36,0.0621,91
Jan-Feb26,0.85,10,3,NO,0.0,0.5,148,74,0.4865,100.9,7467.0,0.4253,0.0612,2.86,800.0,9.81,-800.0,6663.4,8,0.75,0.447,0.607,0.2211,33
Jan-Feb26,0.85,10,3,NO,0.0,0.7,148,219,0.6804,51.29,11234.0,0.4253,0.2551,3.93,266.4,43.17,-266.4,7672.5,8,0.875,0.312,0.466,0.1194,56
Jan-Feb26,0.85,10,3,NO,0.3,0.8,148,471,0.8047,20.21,9518.0,0.4253,0.3794,9.12,462.7,21.57,-462.7,2731.2,8,0.875,0.102,0.224,0.0353,69
Jan-Feb26,0.85,10,3,YES,0.0,1.0,148,1510,0.8139,3.46,5226.0,0.2451,0.5689,4.49,880.2,5.95,-880.2,2051.8,9,0.778,0.13,0.222,0.046,80
Jan-Feb26,0.85,10,3,YES,0.0,0.5,148,149,0.2349,-20.96,-3124.0,0.2451,-0.0102,-4.69,2455.6,0.24,-814.9,861.3,8,0.25,0.085,0.185,0.05,47
Jan-Feb26,0.85,10,3,YES,0.0,0.7,148,268,0.4739,-0.45,-119.0,0.2451,0.2288,-0.23,681.8,0.92,-681.8,739.9,8,0.5,0.069,0.166,0.0383,65
Jan-Feb26,0.85,10,3,YES,0.3,0.8,148,349,0.745,13.32,4647.0,0.2451,0.4999,6.86,0.0,22.23,-218.9,1564.5,8,0.875,0.074,0.208,0.0321,62
Jan-Feb26,0.85,10,6,ALL,0.0,1.0,30,1319,0.8863,17.67,23313.0,0.3179,0.5684,6.77,100.0,234.13,-100.0,9399.0,9,0.889,0.275,0.579,0.1531,26
Jan-Feb26,0.85,10,6,ALL,0.0,0.5,30,68,0.5,122.55,8333.0,0.3179,0.1821,3.13,311.6,16.98,-311.6,6916.3,8,0.625,0.482,0.669,0.2626,16
Jan-Feb26,0.85,10,6,ALL,0.0,0.7,30,206,0.6845,57.53,11852.0,0.3179,0.3666,4.61,0.0,inf,48.7,7142.9,8,1.0,0.397,0.619,0.2027,20
Jan-Feb26,0.85,10,6,ALL,0.3,0.8,30,434,0.7972,17.64,7654.0,0.3179,0.4794,11.34,0.0,inf,36.4,1558.4,8,1.0,0.197,0.522,0.1102,25
Jan-Feb26,0.85,10,6,NO,0.0,1.0,30,703,0.9004,22.94,16125.0,0.4253,0.4752,5.26,0.0,inf,617.6,8814.4,8,1.0,0.3,0.612,0.1623,25
Jan-Feb26,0.85,10,6,NO,0.0,0.5,30,27,0.6296,274.93,7423.0,0.4253,0.2044,2.97,100.0,75.23,-100.0,6501.4,8,0.875,0.622,0.846,0.4184,10
Jan-Feb26,0.85,10,6,NO,0.0,0.7,30,99,0.7475,96.57,9560.0,0.4253,0.3222,3.75,0.0,inf,94.9,6864.1,8,1.0,0.502,0.749,0.2924,14
Jan-Feb26,0.85,10,6,NO,0.3,0.8,30,239,0.8326,22.68,5421.0,0.4253,0.4074,9.71,0.0,inf,16.5,1444.9,8,1.0,0.228,0.502,0.1175,22
Jan-Feb26,0.85,10,6,YES,0.0,1.0,30,616,0.8701,11.67,7188.0,0.2451,0.6251,7.86,292.8,25.55,-192.8,1866.8,9,0.778,0.375,0.635,0.1854,24
Jan-Feb26,0.85,10,6,YES,0.0,0.5,30,41,0.4146,22.21,910.0,0.2451,0.1696,2.0,671.0,1.99,-589.7,719.8,8,0.625,0.179,0.421,0.097,14
Jan-Feb26,0.85,10,6,YES,0.0,0.7,30,107,0.6262,21.42,2292.0,0.2451,0.3811,5.06,556.8,5.12,-556.8,829.7,8,0.875,0.158,0.399,0.0848,18
Jan-Feb26,0.85,10,6,YES,0.3,0.8,30,195,0.7538,11.45,2232.0,0.2451,0.5088,4.25,255.5,4.57,-369.8,955.3,8,0.625,0.197,0.462,0.1003,21
Jan-Feb26,0.85,10,9,ALL,0.0,1.0,10,135,0.9333,64.67,8731.0,0.3179,0.6155,3.15,4.6,1917.68,-4.6,7256.1,8,0.875,0.619,0.899,0.4435,10
Jan-Feb26,0.85,10,9,ALL,0.0,0.7,10,20,0.85,359.07,7181.0,0.3179,0.5321,2.8,100.0,47.55,-100.0,6607.0,8,0.75,0.713,0.967,0.5531,6
Jan-Feb26,0.85,10,9,ALL,0.3,0.8,10,47,0.9574,38.23,1797.0,0.3179,0.6396,12.21,0.0,inf,103.3,541.7,7,1.0,0.322,0.697,0.1953,10
Jan-Feb26,0.85,10,9,NO,0.0,1.0,10,88,0.9432,84.46,7433.0,0.4253,0.5179,2.76,198.6,30.54,-198.6,6930.7,8,0.75,0.658,0.927,0.4912,9
Jan-Feb26,0.85,10,9,NO,0.3,0.8,10,28,0.9643,34.13,956.0,0.4253,0.539,5.56,32.6,30.3,-32.6,551.3,6,0.833,0.401,0.691,0.2222,9
Jan-Feb26,0.85,10,9,YES,0.0,1.0,10,47,0.9149,27.62,1298.0,0.2451,0.6698,8.1,0.0,inf,19.9,325.4,8,1.0,0.286,0.665,0.1746,10
Jan-Feb26,0.85,10,9,YES,0.0,0.7,10,12,0.8333,73.5,882.0,0.2451,0.5883,5.43,105.4,9.36,-54.3,467.8,6,0.667,0.341,0.719,0.2181,6
Jan-Feb26,0.85,10,9,YES,0.3,0.8,10,19,0.9474,44.27,841.0,0.2451,0.7023,8.56,0.0,88.09,-9.7,259.8,7,0.857,0.316,0.625,0.1825,8
Jan-Feb26,0.85,30,3,ALL,0.0,1.0,75,3015,0.8647,9.91,29890.0,0.3179,0.5468,7.14,215.4,139.77,-215.4,10986.8,9,0.889,0.159,0.359,0.0665,53
Jan-Feb26,0.85,30,3,ALL,0.0,0.5,75,168,0.3333,36.83,6187.0,0.3179,0.0155,2.3,1611.9,4.2,-1036.8,6579.5,8,0.375,0.285,0.414,0.1137,33
Jan-Feb26,0.85,30,3,ALL,0.0,0.7,75,393,0.598,31.86,12519.0,0.3179,0.2801,4.77,160.5,79.0,-160.5,7256.7,8,0.875,0.225,0.351,0.0823,46
Jan-Feb26,0.85,30,3,ALL,0.3,0.8,75,713,0.7924,18.0,12831.0,0.3179,0.4746,11.95,0.0,inf,195.6,2757.1,8,1.0,0.104,0.277,0.0483,49
Jan-Feb26,0.85,30,3,NO,0.0,1.0,75,1593,0.8964,14.63,23306.0,0.4253,0.4712,5.98,40.1,581.98,-40.1,10473.2,9,0.889,0.199,0.419,0.0827,50
Jan-Feb26,0.85,30,3,NO,0.0,0.5,75,49,0.551,162.56,7965.0,0.4253,0.1258,3.21,400.0,20.91,-400.0,6494.4,8,0.875,0.528,0.718,0.3045,22
Jan-Feb26,0.85,30,3,NO,0.0,0.7,75,171,0.7251,67.0,11457.0,0.4253,0.2999,4.43,0.0,inf,133.6,7123.0,8,1.0,0.37,0.551,0.1638,36
Jan-Feb26,0.85,30,3,NO,0.3,0.8,75,401,0.8155,20.93,8394.0,0.4253,0.3902,11.08,230.6,37.41,-230.6,1966.5,8,0.875,0.127,0.279,0.0495,44
Jan-Feb26,0.85,30,3,YES,0.0,1.0,75,1422,0.8291,4.63,6583.0,0.2451,0.5841,5.67,796.7,7.77,-796.7,1946.1,9,0.778,0.158,0.27,0.0656,49
Jan-Feb26,0.85,30,3,YES,0.0,0.5,75,119,0.2437,-14.94,-1778.0,0.2451,-0.0014,-2.89,2210.2,0.39,-772.7,706.8,8,0.375,0.107,0.234,0.0752,28
Jan-Feb26,0.85,30,3,YES,0.0,0.7,75,222,0.5,4.79,1063.0,0.2451,0.2549,2.72,562.9,2.89,-562.9,585.3,8,0.875,0.09,0.218,0.0598,42
Jan-Feb26,0.85,30,3,YES,0.3,0.8,75,312,0.7628,14.22,4437.0,0.2451,0.5178,6.44,0.0,12.22,-395.5,1449.5,8,0.875,0.096,0.271,0.0454,44
Jan-Feb26,0.85,30,6,ALL,0.0,1.0,29,1318,0.8862,17.66,23276.0,0.3179,0.5683,6.79,100.0,233.76,-100.0,9362.0,9,0.889,0.275,0.58,0.1535,25
Jan-Feb26,0.85,30,6,ALL,0.0,0.5,29,68,0.5,122.55,8333.0,0.3179,0.1821,3.13,311.6,16.98,-311.6,6916.3,8,0.625,0.482,0.669,0.2626,16
Jan-Feb26,0.85,30,6,ALL,0.0,0.7,29,206,0.6845,57.53,11852.0,0.3179,0.3666,4.61,0.0,inf,48.7,7142.9,8,1.0,0.397,0.619,0.2027,20
Jan-Feb26,0.85,30,6,ALL,0.3,0.8,29,433,0.7968,17.59,7617.0,0.3179,0.4789,11.3,0.0,inf,36.4,1558.4,8,1.0,0.197,0.525,0.1111,24
Jan-Feb26,0.85,30,6,NO,0.0,1.0,29,702,0.9003,22.92,16088.0,0.4253,0.475,5.27,0.0,inf,617.6,8777.4,8,1.0,0.301,0.613,0.163,24
Jan-Feb26,0.85,30,6,NO,0.0,0.5,29,27,0.6296,274.93,7423.0,0.4253,0.2044,2.97,100.0,75.23,-100.0,6501.4,8,0.875,0.622,0.846,0.4184,10
Jan-Feb26,0.85,30,6,NO,0.0,0.7,29,99,0.7475,96.57,9560.0,0.4253,0.3222,3.75,0.0,inf,94.9,6864.1,8,1.0,0.502,0.749,0.2924,14
Jan-Feb26,0.85,30,6,NO,0.3,0.8,29,238,0.8319,22.62,5384.0,0.4253,0.4067,9.8,0.0,inf,16.5,1407.9,8,1.0,0.229,0.505,0.119,21
Jan-Feb26,0.85,30,6,YES,0.0,1.0,29,616,0.8701,11.67,7188.0,0.2451,0.6251,7.86,292.8,25.55,-192.8,1866.8,9,0.778,0.375,0.635,0.1854,24
Jan-Feb26,0.85,30,6,YES,0.0,0.5,29,41,0.4146,22.21,910.0,0.2451,0.1696,2.0,671.0,1.99,-589.7,719.8,8,0.625,0.179,0.421,0.097,14
Jan-Feb26,0.85,30,6,YES,0.0,0.7,29,107,0.6262,21.42,2292.0,0.2451,0.3811,5.06,556.8,5.12,-556.8,829.7,8,0.875,0.158,0.399,0.0848,18
Jan-Feb26,0.85,30,6,YES,0.3,0.8,29,195,0.7538,11.45,2232.0,0.2451,0.5088,4.25,255.5,4.57,-369.8,955.3,8,0.625,0.197,0.462,0.1003,21
Jan-Feb26,0.85,30,9,ALL,0.0,1.0,10,135,0.9333,64.67,8731.0,0.3179,0.6155,3.15,4.6,1917.68,-4.6,7256.1,8,0.875,0.619,0.899,0.4435,10
Jan-Feb26,0.85,30,9,ALL,0.0,0.7,10,20,0.85,359.07,7181.0,0.3179,0.5321,2.8,100.0,47.55,-100.0,6607.0,8,0.75,0.713,0.967,0.5531,6
Jan-Feb26,0.85,30,9,ALL,0.3,0.8,10,47,0.9574,38.23,1797.0,0.3179,0.6396,12.21,0.0,inf,103.3,541.7,7,1.0,0.322,0.697,0.1953,10
Jan-Feb26,0.85,30,9,NO,0.0,1.0,10,88,0.9432,84.46,7433.0,0.4253,0.5179,2.76,198.6,30.54,-198.6,6930.7,8,0.75,0.658,0.927,0.4912,9
Jan-Feb26,0.85,30,9,NO,0.3,0.8,10,28,0.9643,34.13,956.0,0.4253,0.539,5.56,32.6,30.3,-32.6,551.3,6,0.833,0.401,0.691,0.2222,9
Jan-Feb26,0.85,30,9,YES,0.0,1.0,10,47,0.9149,27.62,1298.0,0.2451,0.6698,8.1,0.0,inf,19.9,325.4,8,1.0,0.286,0.665,0.1746,10
Jan-Feb26,0.85,30,9,YES,0.0,0.7,10,12,0.8333,73.5,882.0,0.2451,0.5883,5.43,105.4,9.36,-54.3,467.8,6,0.667,0.341,0.719,0.2181,6
Jan-Feb26,0.85,30,9,YES,0.3,0.8,10,19,0.9474,44.27,841.0,0.2451,0.7023,8.56,0.0,88.09,-9.7,259.8,7,0.857,0.316,0.625,0.1825,8
Jan-Feb26,0.85,50,3,ALL,0.0,1.0,49,2772,0.8669,9.34,25888.0,0.3179,0.549,6.3,215.4,121.19,-215.4,10446.1,9,0.889,0.191,0.43,0.0907,35
Jan-Feb26,0.85,50,3,ALL,0.0,0.5,49,132,0.3409,43.97,5805.0,0.3179,0.023,2.09,1860.8,3.6,-948.6,6759.6,8,0.5,0.363,0.504,0.1716,22
Jan-Feb26,0.85,50,3,ALL,0.0,0.7,49,328,0.6067,33.68,11048.0,0.3179,0.2888,4.11,0.0,inf,103.2,7305.4,8,1.0,0.282,0.44,0.1195,31
Jan-Feb26,0.85,50,3,ALL,0.3,0.8,49,623,0.7849,16.19,10089.0,0.3179,0.467,10.88,0.0,inf,160.7,2473.1,8,1.0,0.132,0.35,0.0652,34
Jan-Feb26,0.85,50,3,NO,0.0,1.0,49,1435,0.8934,13.99,20070.0,0.4253,0.4681,6.1,40.1,501.31,-40.1,8831.4,9,0.889,0.237,0.498,0.1135,34
Jan-Feb26,0.85,50,3,NO,0.0,0.5,49,38,0.5263,191.36,7272.0,0.4253,0.1011,3.18,300.0,25.24,-300.0,5974.5,8,0.875,0.586,0.796,0.3722,14
Jan-Feb26,0.85,50,3,NO,0.0,0.7,49,144,0.7222,71.61,10312.0,0.4253,0.297,4.36,0.0,inf,91.1,6471.6,8,1.0,0.424,0.632,0.2123,25
Jan-Feb26,0.85,50,3,NO,0.3,0.8,49,346,0.8064,19.04,6589.0,0.4253,0.3811,9.4,176.6,38.31,-176.6,1816.2,8,0.875,0.166,0.365,0.0737,31
Jan-Feb26,0.85,50,3,YES,0.0,1.0,49,1337,0.8384,4.35,5818.0,0.2451,0.5934,4.49,1512.9,4.85,-559.5,1731.0,9,0.556,0.202,0.343,0.096,34
Jan-Feb26,0.85,50,3,YES,0.0,0.5,49,94,0.266,-15.61,-1467.0,0.2451,0.0209,-1.96,2426.8,0.52,-915.9,785.1,8,0.375,0.1,0.253,0.1173,19
Jan-Feb26,0.85,50,3,YES,0.0,0.7,49,184,0.5163,4.0,735.0,0.2451,0.2713,1.36,998.6,1.69,-703.3,833.8,8,0.625,0.112,0.257,0.0923,29
Jan-Feb26,0.85,50,3,YES,0.3,0.8,49,277,0.7581,12.63,3500.0,0.2451,0.5131,6.59,0.0,inf,4.5,1231.4,8,1.0,0.122,0.301,0.0586,31
Jan-Feb26,0.85,50,6,ALL,0.0,1.0,23,1288,0.8843,17.41,22425.0,0.3179,0.5664,6.92,100.0,225.25,-100.0,8839.7,9,0.889,0.285,0.6,0.1639,21
Jan-Feb26,0.85,50,6,ALL,0.0,0.5,23,65,0.4769,122.93,7990.0,0.3179,0.1591,3.09,363.4,13.53,-311.6,6689.3,8,0.625,0.497,0.691,0.2795,14
Jan-Feb26,0.85,50,6,ALL,0.0,0.7,23,202,0.6782,56.65,11444.0,0.3179,0.3603,4.6,0.0,inf,48.7,6915.9,8,1.0,0.41,0.639,0.2155,17
Jan-Feb26,0.85,50,6,ALL,0.3,0.8,23,420,0.7929,16.76,7040.0,0.3179,0.475,10.91,0.0,inf,36.4,1459.7,8,1.0,0.211,0.561,0.1237,21
Jan-Feb26,0.85,50,6,NO,0.0,1.0,23,676,0.8964,22.68,15332.0,0.4253,0.4712,5.43,0.0,inf,617.6,8169.2,8,1.0,0.315,0.642,0.178,20
Jan-Feb26,0.85,50,6,NO,0.0,0.5,23,25,0.6,287.84,7196.0,0.4253,0.1747,2.98,100.0,72.96,-100.0,6274.5,8,0.875,0.641,0.871,0.4437,8
Jan-Feb26,0.85,50,6,NO,0.0,0.7,23,97,0.7423,96.22,9333.0,0.4253,0.317,3.79,0.0,inf,94.9,6637.1,8,1.0,0.514,0.767,0.3065,12
Jan-Feb26,0.85,50,6,NO,0.3,0.8,23,228,0.8246,21.44,4888.0,0.4253,0.3993,10.18,17.2,284.48,-17.2,1237.8,8,0.875,0.251,0.555,0.1377,18
Jan-Feb26,0.85,50,6,YES,0.0,1.0,23,612,0.8709,11.59,7093.0,0.2451,0.6259,7.7,292.8,25.22,-192.8,1866.8,9,0.778,0.387,0.656,0.1973,21
Jan-Feb26,0.85,50,6,YES,0.0,0.5,23,40,0.4,19.86,794.0,0.2451,0.1549,1.67,787.2,1.77,-589.7,719.8,8,0.625,0.185,0.435,0.1025,13
Jan-Feb26,0.85,50,6,YES,0.0,0.7,23,105,0.619,20.1,2111.0,0.2451,0.374,4.59,556.8,4.79,-556.8,829.7,8,0.875,0.166,0.417,0.0917,16
Jan-Feb26,0.85,50,6,YES,0.3,0.8,23,192,0.7552,11.21,2151.0,0.2451,0.5102,4.24,255.5,5.1,-269.8,955.3,8,0.625,0.211,0.496,0.1136,18
Jan-Feb26,0.85,50,9,ALL,0.0,1.0,10,135,0.9333,64.67,8731.0,0.3179,0.6155,3.15,4.6,1917.68,-4.6,7256.1,8,0.875,0.619,0.899,0.4435,10
Jan-Feb26,0.85,50,9,ALL,0.0,0.7,10,20,0.85,359.07,7181.0,0.3179,0.5321,2.8,100.0,47.55,-100.0,6607.0,8,0.75,0.713,0.967,0.5531,6
Jan-Feb26,0.85,50,9,ALL,0.3,0.8,10,47,0.9574,38.23,1797.0,0.3179,0.6396,12.21,0.0,inf,103.3,541.7,7,1.0,0.322,0.697,0.1953,10
Jan-Feb26,0.85,50,9,NO,0.0,1.0,10,88,0.9432,84.46,7433.0,0.4253,0.5179,2.76,198.6,30.54,-198.6,6930.7,8,0.75,0.658,0.927,0.4912,9
Jan-Feb26,0.85,50,9,NO,0.3,0.8,10,28,0.9643,34.13,956.0,0.4253,0.539,5.56,32.6,30.3,-32.6,551.3,6,0.833,0.401,0.691,0.2222,9
Jan-Feb26,0.85,50,9,YES,0.0,1.0,10,47,0.9149,27.62,1298.0,0.2451,0.6698,8.1,0.0,inf,19.9,325.4,8,1.0,0.286,0.665,0.1746,10
Jan-Feb26,0.85,50,9,YES,0.0,0.7,10,12,0.8333,73.5,882.0,0.2451,0.5883,5.43,105.4,9.36,-54.3,467.8,6,0.667,0.341,0.719,0.2181,6
Jan-Feb26,0.85,50,9,YES,0.3,0.8,10,19,0.9474,44.27,841.0,0.2451,0.7023,8.56,0.0,88.09,-9.7,259.8,7,0.857,0.316,0.625,0.1825,8
