min_hr,min_mkts,min_mos,direction,entry_lo,entry_hi,n_windows,avg_HR,std_HR,min_HR,avg_ROI,std_ROI,min_ROI,total_PnL,avg_PnL,total_signals,avg_signals,avg_sharpe,min_sharpe,worst_dd,avg_pf,min_pf,avg_pct_pos_wk,avg_pool,avg_hhi,avg_top3,pos_windows,win_rate_windows,stability_score
0.75,50,3,NO,0.0,0.5,5,0.3649,0.121884248367047,0.16,368.852,481.6578590348132,-10.28,320412.0,64082.4,1059,211.8,2.39,-1.8,10721.9,37.414,0.5,0.6178000000000001,108.4,0.40865999999999997,0.6202,4,0.8,124.93907048259337
0.85,10,9,ALL,0.0,0.7,3,0.7480666666666668,0.11397900391446371,0.625,199.85999999999999,171.28487586474176,18.63,10810.0,3603.3333333333335,73,24.333333333333332,3.8066666666666666,2.8,100.0,27.383333333333336,4.76,0.7276666666666666,8.0,0.5109333333333334,0.8516666666666666,3,1.0,119.8065620676291
0.85,30,9,ALL,0.0,0.7,3,0.7480666666666668,0.11397900391446371,0.625,199.85999999999999,171.28487586474176,18.63,10810.0,3603.3333333333335,73,24.333333333333332,3.8066666666666666,2.8,100.0,27.383333333333336,4.76,0.7276666666666666,8.0,0.5109333333333334,0.8516666666666666,3,1.0,119.8065620676291
0.85,50,9,ALL,0.0,0.7,3,0.7480666666666668,0.11397900391446371,0.625,199.85999999999999,171.28487586474176,18.63,10810.0,3603.3333333333335,73,24.333333333333332,3.8066666666666666,2.8,100.0,27.383333333333336,4.76,0.7276666666666666,8.0,0.5109333333333334,0.8516666666666666,3,1.0,119.8065620676291
0.75,30,3,NO,0.0,0.5,5,0.36172,0.10965697424240738,0.1781,308.228,391.59413321703386,-12.87,322736.0,64547.2,1223,244.6,2.492,-2.0,10979.8,36.482,0.5,0.6178000000000001,182.0,0.37917999999999996,0.5850000000000001,4,0.8,108.56993339148308
0.65,50,6,NO,0.0,0.5,5,0.35368,0.06385782645846946,0.2769,179.4,155.71899627213116,21.61,507099.0,101419.8,4204,840.8,3.668,2.51,4991.9,39.952,5.77,0.6602,177.4,0.49194000000000004,0.708,5,1.0,108.02350186393443
0.65,30,6,NO,0.0,0.5,5,0.35356,0.06270779855807411,0.2756,174.884,150.85768966148197,21.59,506824.0,101364.8,4279,855.8,3.6759999999999997,2.5,5088.2,39.384,5.69,0.6402,206.2,0.48634000000000005,0.7024,5,1.0,105.932155169259
0.65,10,6,NO,0.0,0.5,5,0.35362,0.0632055139999668,0.2746,174.45999999999998,150.2959287539087,21.45,506528.0,101305.6,4284,856.8,3.6719999999999997,2.5,5088.2,39.372,5.69,0.6402,211.2,0.48572,0.7020000000000001,5,1.0,105.74703562304563
0.65,30,9,NO,0.0,0.5,5,0.40212000000000003,0.07997044454046759,0.3333,215.096,235.0988981896768,14.13,273430.0,54686.0,1752,350.4,3.604,2.05,2864.9,inf,3.74,0.6556,72.6,0.43596,0.6828000000000001,5,1.0,101.78555090516161
0.65,50,9,NO,0.0,0.5,5,0.40212000000000003,0.07997044454046759,0.3333,215.096,235.0988981896768,14.13,273430.0,54686.0,1752,350.4,3.604,2.05,2864.9,inf,3.74,0.6556,72.4,0.43596,0.6828000000000001,5,1.0,101.78555090516161
0.65,10,9,NO,0.0,0.5,5,0.40212000000000003,0.07997044454046759,0.3333,215.096,235.0988981896768,14.13,273430.0,54686.0,1752,350.4,3.604,2.05,2864.9,inf,3.74,0.6556,72.6,0.43596,0.6828000000000001,5,1.0,101.78555090516161
0.75,10,3,NO,0.0,0.5,5,0.3673,0.11497919377000347,0.1964,267.302,343.0932231478786,-1.08,327640.0,65528.0,1544,308.8,2.698,-0.19,11338.6,27.924,0.93,0.5955999999999999,435.8,0.33712,0.5532,4,0.8,95.43138842606074
0.65,50,3,NO,0.0,0.5,5,0.33544,0.04918346266785208,0.2881,124.50399999999999,99.97133779238926,16.51,672107.0,134421.4,7239,1447.8,3.7979999999999996,2.53,7648.1,54.652,3.65,0.6402,352.6,0.32292,0.6166,5,1.0,79.47133110380537
0.6,10,9,NO,0.0,0.5,5,0.36798000000000003,0.0719991111056241,0.2602,183.94,210.04549019200581,-12.58,649220.0,129844.0,4640,928.0,2.98,-2.22,32347.9,55.25600000000001,0.44,0.5734,110.6,0.50588,0.687,4,0.8,75.14325490399709
0.6,30,9,NO,0.0,0.5,5,0.36798000000000003,0.0719991111056241,0.2602,183.94,210.04549019200581,-12.58,649220.0,129844.0,4640,928.0,2.98,-2.22,32347.9,55.25600000000001,0.44,0.5734,110.6,0.50588,0.687,4,0.8,75.14325490399709
0.6,50,9,NO,0.0,0.5,5,0.36798000000000003,0.0719991111056241,0.2602,183.94,210.04549019200581,-12.58,649220.0,129844.0,4640,928.0,2.98,-2.22,32347.9,55.25600000000001,0.44,0.5734,110.4,0.50588,0.687,4,0.8,75.14325490399709
0.85,50,6,ALL,0.0,0.5,4,0.473175,0.0631027931236011,0.3846,100.0825,73.84258815209553,38.63,12319.0,3079.75,120,30.0,3.5149999999999997,2.63,363.4,6.755,2.29,0.62475,14.5,0.439275,0.79725,4,1.0,74.75020592395224
0.65,30,3,NO,0.0,0.5,5,0.33092,0.04366648600471532,0.2809,113.33399999999999,91.70426342324548,15.85,664188.0,132837.6,7817,1563.4,3.768,2.45,7934.7,44.153999999999996,3.57,0.6224000000000001,586.0,0.30006000000000005,0.591,5,1.0,72.23686828837725
0.65,10,3,NO,0.0,0.5,5,0.33277999999999996,0.04248137238837747,0.2795,103.94800000000001,84.85402153109776,15.66,668456.0,133691.2,8588,1717.6,3.822,2.46,8776.8,34.326,3.19,0.6202,1155.6,0.26988,0.5556,5,1.0,66.21898923445113
0.85,10,6,ALL,0.0,0.5,4,0.478575,0.04584585586506158,0.4286,95.9425,75.97332750160852,26.03,12706.0,3176.5,125,31.25,3.3724999999999996,1.71,311.6,8.1225,1.72,0.63625,20.0,0.402,0.75975,4,1.0,65.76483624919574
0.85,30,6,ALL,0.0,0.5,4,0.478575,0.04584585586506158,0.4286,95.9425,75.97332750160852,26.03,12706.0,3176.5,125,31.25,3.3724999999999996,1.71,311.6,8.1225,1.72,0.63625,19.0,0.402,0.75975,4,1.0,65.76483624919574
0.7,50,3,NO,0.0,0.5,5,0.36772,0.0704377526614812,0.2548,157.076,187.76907181429002,4.1,333030.0,66606.0,2645,529.0,2.684,1.08,8032.8,32.372,1.57,0.5953999999999999,197.4,0.33926,0.5631999999999999,5,1.0,64.42146409285499
0.65,50,9,NO,0.0,0.7,5,0.5189199999999999,0.034074800072781034,0.4846,113.626,116.3333115663781,9.44,281196.0,56239.2,3495,699.0,3.8340000000000005,2.45,1672.3,inf,3.07,0.7002,72.4,0.40404,0.6346,5,1.0,58.291344216810955
0.65,10,9,NO,0.0,0.7,5,0.5189199999999999,0.034074800072781034,0.4846,113.626,116.3333115663781,9.44,281196.0,56239.2,3495,699.0,3.8340000000000005,2.45,1672.3,inf,3.07,0.7002,72.6,0.40404,0.6346,5,1.0,58.291344216810955
0.65,30,9,NO,0.0,0.7,5,0.5189199999999999,0.034074800072781034,0.4846,113.626,116.3333115663781,9.44,281196.0,56239.2,3495,699.0,3.8340000000000005,2.45,1672.3,inf,3.07,0.7002,72.6,0.40404,0.6346,5,1.0,58.291344216810955
0.65,50,6,NO,0.0,0.7,5,0.50324,0.028716772102727696,0.462,90.502,75.92850992874811,14.54,533158.0,106631.6,8892,1778.4,4.122,2.48,5208.0,31.968,5.57,0.6646,177.4,0.45202,0.6698000000000001,5,1.0,56.89974503562594
0.65,50,6,ALL,0.0,0.5,5,0.33026,0.044314478446665743,0.2835,87.642,70.66211976724162,15.15,550339.0,110067.8,8020,1604.0,3.536,2.11,10451.6,18.956,2.81,0.6024,177.4,0.39274,0.6436,5,1.0,56.85594011637919
0.65,30,6,NO,0.0,0.7,5,0.50336,0.029469272132171858,0.4612,88.34400000000001,74.00145458029863,14.5,533910.0,106782.0,9083,1816.6,4.1240000000000006,2.47,5330.1,31.624000000000002,5.65,0.6646,206.2,0.44530000000000003,0.6626000000000001,5,1.0,55.693272709850696
0.65,10,6,NO,0.0,0.7,5,0.50304,0.029797785152591464,0.4601,88.09200000000001,73.77307686412435,14.5,533378.0,106675.6,9092,1818.4,4.118,2.47,5330.1,30.97,5.65,0.6424000000000001,211.2,0.44458000000000003,0.662,5,1.0,55.55546156793784
0.7,30,3,NO,0.0,0.5,5,0.36066000000000004,0.06432311404153256,0.2573,136.234,162.57282654244528,1.05,332049.0,66409.8,3015,603.0,2.476,0.29,8768.6,52.33399999999999,1.11,0.5532,337.4,0.31179999999999997,0.519,5,1.0,55.262586728777364
0.65,10,6,ALL,0.0,0.5,5,0.32822,0.044384028658966956,0.2776,83.48400000000001,67.07018883229718,13.62,543024.0,108604.8,8288,1657.6,3.4880000000000004,1.95,12366.5,17.13,2.51,0.6224000000000001,211.2,0.38188,0.6315999999999999,5,1.0,54.03490558385142
0.65,30,6,ALL,0.0,0.5,5,0.32816,0.04428411679146372,0.278,83.6,67.24042905871437,13.47,543154.0,108630.8,8279,1655.8,3.492,1.93,12623.7,17.186,2.5,0.6224000000000001,206.2,0.38212,0.6322,5,1.0,54.02078547064281
0.85,10,6,YES,0.0,0.5,3,0.4548666666666667,0.06793337422308221,0.4146,99.76666666666667,104.92112958471871,22.21,4409.0,1469.6666666666667,68,22.666666666666668,3.3266666666666667,2.0,671.0,4.486666666666667,1.99,0.629,22.0,0.37466666666666665,0.7006666666666667,3,1.0,53.96910187430731
0.85,30,6,YES,0.0,0.5,3,0.4548666666666667,0.06793337422308221,0.4146,99.76666666666667,104.92112958471871,22.21,4409.0,1469.6666666666667,68,22.666666666666668,3.3266666666666667,2.0,671.0,4.486666666666667,1.99,0.629,21.0,0.37466666666666665,0.7006666666666667,3,1.0,53.96910187430731
0.85,50,6,YES,0.0,0.5,3,0.45,0.07262155327449282,0.4,98.98333333333333,105.79481288481651,19.86,4293.0,1431.0,67,22.333333333333332,3.216666666666667,1.67,787.2,4.413333333333333,1.77,0.629,16.333333333333332,0.3765,0.7053333333333334,3,1.0,52.04392689092508
0.55,30,9,NO,0.0,0.5,5,0.3668,0.04150560203153304,0.3161,114.53399999999999,121.42504531603024,-7.18,642182.0,128436.4,7864,1572.8,2.97,-1.9,34517.2,68.47,0.48,0.5756,146.0,0.46196000000000004,0.6412,4,0.8,51.66747734198488
0.55,10,9,NO,0.0,0.5,5,0.3668,0.04150560203153304,0.3161,114.53399999999999,121.42504531603024,-7.18,642182.0,128436.4,7864,1572.8,2.97,-1.9,34517.2,68.47,0.48,0.5756,146.0,0.46196000000000004,0.6412,4,0.8,51.66747734198488
0.55,50,9,NO,0.0,0.5,5,0.3668,0.04150560203153304,0.3161,114.53399999999999,121.42504531603024,-7.18,642182.0,128436.4,7864,1572.8,2.97,-1.9,34517.2,68.47,0.48,0.5756,145.8,0.46196000000000004,0.6412,4,0.8,51.66747734198488
0.75,50,3,NO,0.0,0.7,5,0.5461400000000001,0.09601569142593305,0.4249,160.076,213.55482371044678,-7.93,341993.0,68398.6,2402,480.4,3.124,-2.31,11866.5,45.010000000000005,0.43,0.6599999999999999,108.4,0.36666,0.561,4,0.8,50.919588144776604
0.6,50,9,NO,0.0,0.7,5,0.48156,0.019029661058463432,0.4605,109.61600000000001,116.24670201773469,-2.4,666353.0,133270.6,8498,1699.6,3.3899999999999997,-0.71,25486.3,67.94800000000001,0.73,0.5756,110.4,0.4822,0.6654,4,0.8,50.77264899113267
0.6,30,9,NO,0.0,0.7,5,0.48156,0.019029661058463432,0.4605,109.61600000000001,116.24670201773469,-2.4,666353.0,133270.6,8498,1699.6,3.3899999999999997,-0.71,25486.3,67.94800000000001,0.73,0.5756,110.6,0.4822,0.6654,4,0.8,50.77264899113267
0.6,10,9,NO,0.0,0.7,5,0.48156,0.019029661058463432,0.4605,109.61600000000001,116.24670201773469,-2.4,666353.0,133270.6,8498,1699.6,3.3899999999999997,-0.71,25486.3,67.94800000000001,0.73,0.5756,110.6,0.4822,0.6654,4,0.8,50.77264899113267
0.7,10,3,NO,0.0,0.5,5,0.36698,0.07136169841028168,0.26,121.3,145.43999845297031,2.46,337329.0,67465.8,3544,708.8,2.534,0.75,9454.8,18.845999999999997,1.29,0.5934,721.8,0.2706,0.4704,5,1.0,49.31800077351484
0.65,50,9,ALL,0.0,0.5,5,0.36208,0.03868451886737122,0.3168,118.63399999999999,145.41052362191672,6.29,316815.0,63363.0,3551,710.2,3.482,1.91,5425.3,308.02,2.26,0.6599999999999999,72.4,0.38578,0.6198,5,1.0,47.815738189041625
0.65,30,9,ALL,0.0,0.5,5,0.36196,0.03862367149818877,0.3168,118.582,145.4374034421682,6.29,316715.0,63343.0,3552,710.4,3.4799999999999995,1.91,5425.3,308.006,2.26,0.6599999999999999,72.6,0.38570000000000004,0.6195999999999999,5,1.0,47.75029827891589
0.65,10,9,ALL,0.0,0.5,5,0.36196,0.03862367149818877,0.3168,118.582,145.4374034421682,6.29,316715.0,63343.0,3552,710.4,3.4799999999999995,1.91,5425.3,308.006,2.26,0.6599999999999999,72.6,0.38570000000000004,0.6195999999999999,5,1.0,47.75029827891589
0.75,30,3,NO,0.0,0.7,5,0.54862,0.08864926395633527,0.4349,136.74200000000002,176.06587664848632,-6.37,348023.0,69604.6,2831,566.2,3.19,-2.02,11250.6,66.912,0.47,0.6802,182.0,0.34168000000000004,0.5358,4,0.8,46.798061675756855
0.85,10,9,NO,0.3,0.8,3,0.9159,0.048804917784993795,0.8667,34.300000000000004,1.2636059512363786,33.13,2423.0,807.6666666666666,70,23.333333333333332,8.2,5.56,32.6,inf,30.3,0.9073333333333333,8.0,0.35533333333333333,0.798,3,1.0,43.60719702438181
0.85,50,9,NO,0.3,0.8,3,0.9159,0.048804917784993795,0.8667,34.300000000000004,1.2636059512363786,33.13,2423.0,807.6666666666666,70,23.333333333333332,8.2,5.56,32.6,inf,30.3,0.9073333333333333,8.0,0.35533333333333333,0.798,3,1.0,43.60719702438181
0.85,30,9,NO,0.3,0.8,3,0.9159,0.048804917784993795,0.8667,34.300000000000004,1.2636059512363786,33.13,2423.0,807.6666666666666,70,23.333333333333332,8.2,5.56,32.6,inf,30.3,0.9073333333333333,8.0,0.35533333333333333,0.798,3,1.0,43.60719702438181
0.75,50,3,ALL,0.0,0.5,5,0.30622,0.08096985241434,0.1694,148.296,204.85219203123017,-10.71,305977.0,61195.4,2542,508.4,1.422,-2.18,20716.5,8.538,0.41,0.4244,108.4,0.31894,0.5592,4,0.8,42.656903984384904
0.6,50,6,NO,0.0,0.5,5,0.33486000000000005,0.03758647363081565,0.2846,132.244,179.70858710701611,-0.77,912570.0,182514.0,9836,1967.2,3.3839999999999995,-0.25,19587.5,61.28000000000001,0.91,0.5578000000000001,269.2,0.34458,0.6298,4,0.8,42.15870644649194
0.6,30,6,NO,0.0,0.5,5,0.33476,0.03656949548462487,0.2865,130.624,177.3083736883287,-0.55,912188.0,182437.6,9935,1987.0,3.396,-0.17,20175.6,56.486000000000004,0.94,0.5578000000000001,306.2,0.34144,0.6264000000000001,4,0.8,41.80481315583565
0.6,10,6,NO,0.0,0.5,5,0.33472,0.03678059270865549,0.2863,130.464,176.9789755309935,-0.61,911892.0,182378.4,9940,1988.0,3.3920000000000003,-0.19,20175.6,56.472,0.93,0.5578000000000001,311.4,0.3412,0.6264000000000001,4,0.8,41.79151223450325
0.75,30,3,ALL,0.0,0.5,5,0.30623999999999996,0.06718097200844893,0.1924,125.15599999999999,164.581436164593,-6.95,308113.0,61622.6,2994,598.8,1.7759999999999998,-1.6,22002.2,6.787999999999999,0.49,0.48440000000000005,182.0,0.29132,0.5334,4,0.8,40.7802819177035
0.85,10,9,ALL,0.3,0.8,3,0.8977,0.09910484347396954,0.7833,36.33,8.118497397917915,27.43,4353.0,1451.0,128,42.666666666666664,10.290000000000001,6.49,171.8,inf,9.65,0.9333333333333332,8.0,0.2427,0.749,3,1.0,40.49975130104104
0.85,50,9,ALL,0.3,0.8,3,0.8977,0.09910484347396954,0.7833,36.33,8.118497397917915,27.43,4353.0,1451.0,128,42.666666666666664,10.290000000000001,6.49,171.8,inf,9.65,0.9333333333333332,8.0,0.2427,0.749,3,1.0,40.49975130104104
0.85,30,9,ALL,0.3,0.8,3,0.8977,0.09910484347396954,0.7833,36.33,8.118497397917915,27.43,4353.0,1451.0,128,42.666666666666664,10.290000000000001,6.49,171.8,inf,9.65,0.9333333333333332,8.0,0.2427,0.749,3,1.0,40.49975130104104
0.65,50,3,NO,0.0,0.7,5,0.50076,0.020135615212851083,0.4686,57.965999999999994,42.75327507922638,11.78,719794.0,143958.8,16087,3217.4,4.514,2.47,7373.2,96.76599999999999,6.26,0.6890000000000001,352.6,0.29144,0.583,5,1.0,40.12336246038681
0.75,10,3,NO,0.0,0.7,5,0.53682,0.08450444958698917,0.438,116.77799999999999,151.9887096793706,-4.34,351083.0,70216.6,3558,711.6,2.938,-1.73,11900.0,72.188,0.47,0.6622,435.8,0.29724,0.49960000000000004,4,0.8,39.48164516031469
0.65,30,3,NO,0.0,0.7,5,0.4986,0.02251321833945559,0.464,52.56,38.53905810992272,11.53,714938.0,142987.6,17411,3482.2,4.438,2.36,8490.3,68.422,5.66,0.6446,586.0,0.26742,0.5548,5,1.0,36.74947094503864
0.55,50,6,NO,0.0,0.5,5,0.33096000000000003,0.024320115131306417,0.2988,76.566,78.64732627368842,-2.07,1028104.0,205620.8,17486,3497.2,3.624,-1.02,38846.5,18.904,0.7,0.6,394.2,0.22284,0.567,4,0.8,36.62133686315579
0.6,50,9,NO,0.0,1.0,5,0.65054,0.029285201040798736,0.6221,70.266,69.60223904444454,3.62,722645.0,144529.0,15720,3144.0,4.204,1.61,10962.9,101.40200000000002,2.58,0.7246,110.4,0.46158,0.6562,5,1.0,36.55088047777773
0.6,10,9,NO,0.0,1.0,5,0.65056,0.029298515320746205,0.6221,70.264,69.60411934648695,3.62,722660.0,144532.0,15721,3144.2,4.204,1.61,10962.9,101.40200000000002,2.58,0.7246,110.6,0.46158,0.6562,5,1.0,36.54794032675652
0.6,30,9,NO,0.0,1.0,5,0.65056,0.029298515320746205,0.6221,70.264,69.60411934648695,3.62,722660.0,144532.0,15721,3144.2,4.204,1.61,10962.9,101.40200000000002,2.58,0.7246,110.6,0.46158,0.6562,5,1.0,36.54794032675652
0.55,30,6,NO,0.0,0.5,5,0.33087999999999995,0.024333043377267844,0.2984,75.94800000000001,78.06549026298369,-1.93,1026882.0,205376.4,17600,3520.0,3.6440000000000006,-0.91,39434.7,18.75,0.72,0.6,435.4,0.2212,0.5648,4,0.8,36.33625486850816
0.55,10,6,NO,0.0,0.5,5,0.3309,0.024488466673109596,0.2982,75.914,77.99727033685218,-1.94,1026686.0,205337.2,17606,3521.2,3.6420000000000003,-0.92,39434.7,18.753999999999998,0.72,0.6,441.0,0.22112000000000004,0.5644,4,0.8,36.33336483157391
0.85,30,9,ALL,0.0,1.0,3,0.9028,0.040309924336321974,0.8571,45.913333333333334,27.75489926721647,14.03,14395.0,4798.333333333333,343,114.33333333333333,4.966666666666667,3.15,147.0,711.1533333333333,9.21,0.8546666666666667,8.0,0.4463333333333333,0.8490000000000001,3,1.0,36.244883699725094
0.85,50,9,ALL,0.0,1.0,3,0.9028,0.040309924336321974,0.8571,45.913333333333334,27.75489926721647,14.03,14395.0,4798.333333333333,343,114.33333333333333,4.966666666666667,3.15,147.0,711.1533333333333,9.21,0.8546666666666667,8.0,0.4463333333333333,0.8490000000000001,3,1.0,36.244883699725094
0.85,10,9,ALL,0.0,1.0,3,0.9028,0.040309924336321974,0.8571,45.913333333333334,27.75489926721647,14.03,14395.0,4798.333333333333,343,114.33333333333333,4.966666666666667,3.15,147.0,711.1533333333333,9.21,0.8546666666666667,8.0,0.4463333333333333,0.8490000000000001,3,1.0,36.244883699725094
0.65,50,3,ALL,0.0,0.5,5,0.31432,0.03598884549412496,0.282,66.014,60.75984512817654,1.92,679207.0,135841.4,13742,2748.4,2.752,0.51,23314.8,20.436,1.2,0.6202,352.6,0.2355,0.5456,5,1.0,36.21007743591172
0.6,50,3,NO,0.0,0.5,5,0.30916,0.03486341922416673,0.2818,73.536,76.11926385613566,-4.33,1017720.0,203544.0,18336,3667.2,2.816,-1.88,40359.0,inf,0.54,0.6022000000000001,561.2,0.22098,0.527,4,0.8,34.17736807193217
0.75,50,6,NO,0.0,0.5,5,0.42214,0.1752623833000111,0.1296,311.446,554.0683002392394,-1.73,250514.0,50102.8,674,134.8,3.19,-0.29,9290.1,inf,0.9,0.6778000000000001,61.8,0.33848,0.6058,4,0.8,33.89284988038032
0.75,30,6,NO,0.0,0.5,5,0.42519999999999997,0.17555509106830255,0.1333,306.196,543.6157627681523,-1.73,250962.0,50192.4,685,137.0,3.198,-0.29,9353.5,inf,0.9,0.6556,72.2,0.33396,0.5974,4,0.8,33.869118615923874
0.75,10,6,NO,0.0,0.5,5,0.42519999999999997,0.17555509106830255,0.1333,306.196,543.6157627681523,-1.73,250962.0,50192.4,685,137.0,3.198,-0.29,9353.5,inf,0.9,0.6556,74.2,0.33396,0.5974,4,0.8,33.869118615923874
0.65,50,9,ALL,0.0,0.7,5,0.49476000000000003,0.018117063779763,0.4652,69.076,74.49425769816087,6.56,335667.0,67133.4,6614,1322.8,4.3,2.66,1884.5,inf,5.25,0.7468,72.4,0.37138,0.5988,5,1.0,33.79687115091956
0.65,10,9,ALL,0.0,0.7,5,0.49458,0.01786972299729351,0.4652,69.03200000000001,74.5202446990078,6.56,335467.0,67093.4,6616,1323.2,4.298,2.66,1884.5,inf,5.25,0.7468,72.6,0.37126000000000003,0.5986,5,1.0,33.739877650496105
0.65,30,9,ALL,0.0,0.7,5,0.49458,0.01786972299729351,0.4652,69.03200000000001,74.5202446990078,6.56,335467.0,67093.4,6616,1323.2,4.298,2.66,1884.5,inf,5.25,0.7468,72.6,0.37126000000000003,0.5986,5,1.0,33.739877650496105
0.55,30,9,NO,0.0,0.7,5,0.47695999999999994,0.008730005727374967,0.4655,67.946,68.5346804909748,-0.25,663787.0,132757.4,14465,2893.0,3.44,-0.1,25532.1,162.76600000000002,0.95,0.6378,146.0,0.43984000000000006,0.619,4,0.8,33.6036597545126
0.55,10,9,NO,0.0,0.7,5,0.47695999999999994,0.008730005727374967,0.4655,67.946,68.5346804909748,-0.25,663787.0,132757.4,14465,2893.0,3.44,-0.1,25532.1,162.76600000000002,0.95,0.6378,146.0,0.43984000000000006,0.619,4,0.8,33.6036597545126
0.55,50,9,NO,0.0,0.7,5,0.47695999999999994,0.008730005727374967,0.4655,67.946,68.5346804909748,-0.25,663787.0,132757.4,14465,2893.0,3.44,-0.1,25532.1,162.76600000000002,0.95,0.6378,145.8,0.43984000000000006,0.619,4,0.8,33.6036597545126
0.65,50,6,ALL,0.0,0.7,5,0.48278,0.020489436302641408,0.4534,49.804,37.91472049217823,8.88,596501.0,119300.2,15851,3170.2,4.2540000000000004,2.6,7407.0,36.53,4.23,0.6246,177.4,0.36572,0.6132,5,1.0,33.51063975391089
0.65,10,3,NO,0.0,0.7,5,0.49798,0.025107110546616063,0.4601,47.384,34.75744280006802,10.46,719328.0,143865.6,19161,3832.2,4.412000000000001,2.32,9997.9,48.662,4.73,0.6668000000000001,1155.6,0.23152,0.5128,5,1.0,33.14327859996599
0.65,30,6,ALL,0.0,0.7,5,0.48064,0.022098936626000792,0.4484,47.83200000000001,36.560327815816976,8.23,589219.0,117843.8,16335,3267.0,4.232,2.57,9372.1,30.302,3.66,0.6246,206.2,0.3552,0.6020000000000001,5,1.0,32.02083609209152
0.65,10,6,ALL,0.0,0.7,5,0.4805,0.02222059855179425,0.4481,47.730000000000004,36.45840780944774,8.3,588870.0,117774.0,16353,3270.6,4.2219999999999995,2.57,9063.2,29.6,3.67,0.6246,211.2,0.35446,0.601,5,1.0,31.99079609527613
0.65,50,9,NO,0.0,1.0,5,0.70618,0.05755803158552247,0.6144,64.324,69.6383028943124,7.73,314410.0,62882.0,7939,1587.8,4.5920000000000005,2.48,1791.2,60.262,6.43,0.7668,72.4,0.3805,0.6134000000000001,5,1.0,31.823848552843796
0.65,30,9,NO,0.0,1.0,5,0.70622,0.057593289539667754,0.6144,64.322,69.63960704943703,7.73,314425.0,62885.0,7940,1588.0,4.5920000000000005,2.48,1791.2,60.263999999999996,6.43,0.7668,72.6,0.38048000000000004,0.6134000000000001,5,1.0,31.821196475281486
0.65,10,9,NO,0.0,1.0,5,0.70622,0.057593289539667754,0.6144,64.322,69.63960704943703,7.73,314425.0,62885.0,7940,1588.0,4.5920000000000005,2.48,1791.2,60.263999999999996,6.43,0.7668,72.6,0.38048000000000004,0.6134000000000001,5,1.0,31.821196475281486
0.65,50,6,NO,0.0,1.0,5,0.6989,0.04065175272974096,0.65,48.102,38.697452370924886,9.24,611862.0,122372.4,19624,3924.8,4.95,2.45,7189.9,137.68400000000003,13.72,0.7268,177.4,0.41406,0.6422,5,1.0,31.525273814537552
0.6,30,3,NO,0.0,0.5,5,0.30844,0.031392005351681476,0.2791,67.422,70.25792745306397,-3.79,1004263.0,200852.6,19484,3896.8,2.8280000000000003,-1.64,39691.2,46.574,0.58,0.58,917.4,0.20328,0.5068,4,0.8,31.15603627346801
0.6,50,9,ALL,0.0,0.5,5,0.34202,0.05501069895938423,0.2572,135.326,202.16532808570318,-10.93,1065230.0,213046.0,9378,1875.6,2.424,-3.2,36169.9,44.204,0.34,0.5356,110.4,0.47336,0.6502,4,0.8,30.964335957148403
0.6,10,9,ALL,0.0,0.5,5,0.34198,0.05502451271933262,0.2572,135.316,202.17282774893368,-10.93,1065130.0,213026.0,9379,1875.8,2.424,-3.2,36169.9,44.204,0.34,0.5356,110.6,0.47332,0.6502,4,0.8,30.95058612553316
0.6,30,9,ALL,0.0,0.5,5,0.34198,0.05502451271933262,0.2572,135.316,202.17282774893368,-10.93,1065130.0,213026.0,9379,1875.8,2.424,-3.2,36169.9,44.204,0.34,0.5356,110.6,0.47332,0.6502,4,0.8,30.95058612553316
0.65,30,6,NO,0.0,1.0,5,0.69988,0.040506875959520725,0.6505,46.775999999999996,37.272035495797645,9.24,615781.0,123156.2,20195,4039.0,4.886,2.45,7534.3,150.784,14.0,0.7068,206.2,0.40596,0.6328,5,1.0,30.911982252101172
0.65,10,6,NO,0.0,1.0,5,0.69966,0.040466195768814266,0.6506,46.654,37.139646336495986,9.21,615190.0,123038.0,20219,4043.8,4.872,2.45,7634.3,149.95,13.35,0.7068,211.2,0.40522,0.6324,5,1.0,30.847176831752012
0.7,50,3,NO,0.0,0.7,5,0.53206,0.06120267967989639,0.4505,71.686,82.97225096380114,0.45,364497.0,72899.4,5859,1171.8,3.056,0.23,8106.4,35.064,1.1,0.5532,197.4,0.29874,0.5172,5,1.0,30.334874518099436
0.6,10,3,NO,0.0,0.5,5,0.31072,0.03097147074325014,0.2786,64.154,66.46275370461262,-2.99,1005685.0,201137.0,20530,4106.0,2.91,-1.33,39235.0,36.91199999999999,0.64,0.58,1711.6,0.18386,0.48260000000000003,4,0.8,30.025623147693686
0.65,30,3,ALL,0.0,0.5,5,0.30776,0.03177189009171472,0.2812,56.443999999999996,54.23877469117458,0.31,644529.0,128905.8,15463,3092.6,2.3939999999999997,0.09,25295.0,18.018,1.04,0.5756,586.0,0.20163999999999999,0.5046,5,1.0,29.417612654412707
0.7,30,3,NO,0.0,0.7,5,0.52794,0.056273244086332865,0.452,62.092,70.7138202192471,-0.5,367288.0,73457.6,6735,1347.0,2.906,-0.26,9095.6,65.45,0.9,0.5753999999999999,337.4,0.27183999999999997,0.4768,4,0.8,26.58508989037645
0.6,50,9,ALL,0.0,0.7,5,0.45912,0.009137669287077543,0.4457,84.01199999999999,113.46619240989801,-2.82,1093477.0,218695.4,16089,3217.8,2.918,-1.55,27245.5,59.814,0.56,0.5778000000000001,110.4,0.461,0.6372,4,0.8,26.43290379505098
0.6,30,9,ALL,0.0,0.7,5,0.45908,0.009138216456180051,0.4457,84.002,113.47461332826828,-2.82,1093277.0,218655.4,16091,3218.2,2.916,-1.55,27245.5,59.81,0.56,0.5778000000000001,110.6,0.46096000000000004,0.6372,4,0.8,26.418693335865857
0.6,10,9,ALL,0.0,0.7,5,0.45908,0.009138216456180051,0.4457,84.002,113.47461332826828,-2.82,1093277.0,218655.4,16091,3218.2,2.916,-1.55,27245.5,59.81,0.56,0.5778000000000001,110.6,0.46096000000000004,0.6372,4,0.8,26.418693335865857
0.7,50,6,NO,0.0,0.5,5,0.42074,0.11672653083168369,0.2249,157.70200000000003,268.0665942820925,9.11,258816.0,51763.2,1581,316.2,4.0120000000000005,1.81,9095.3,43.342,2.05,0.68,105.8,0.27922,0.5348,5,1.0,26.401702858953765
0.75,30,3,ALL,0.0,0.7,5,0.5101,0.05867955350886715,0.4236,66.388,83.91170460668762,6.08,358654.0,71730.8,6195,1239.0,3.3659999999999997,2.12,20096.3,455.082,2.24,0.64,182.0,0.26118,0.5054000000000001,5,1.0,26.256147696656193
0.55,30,9,NO,0.0,1.0,5,0.6237,0.027331758084689666,0.6049,46.604,43.720729408371035,3.79,728542.0,145708.4,24389,4877.8,4.220000000000001,1.99,9689.3,inf,3.41,0.749,146.0,0.42068000000000005,0.6098,5,1.0,25.880635295814482
0.55,10,9,NO,0.0,1.0,5,0.6237,0.027331758084689666,0.6049,46.604,43.720729408371035,3.79,728542.0,145708.4,24389,4877.8,4.220000000000001,1.99,9689.3,inf,3.41,0.749,146.0,0.42068000000000005,0.6098,5,1.0,25.880635295814482
0.55,50,9,NO,0.0,1.0,5,0.62368,0.027334630050542087,0.6049,46.604,43.720729408371035,3.79,728527.0,145705.4,24388,4877.6,4.220000000000001,1.99,9689.3,inf,3.41,0.749,145.8,0.42068000000000005,0.6098,5,1.0,25.880635295814482
0.6,50,6,NO,0.0,0.7,5,0.47291999999999995,0.013213894202694355,0.4539,71.214,93.09748535809118,3.31,948589.0,189717.8,19193,3838.6,4.0280000000000005,1.98,13870.8,61.44,2.31,0.6222000000000001,269.2,0.31808000000000003,0.6044,5,1.0,25.65825732095441
0.6,30,6,NO,0.0,0.7,5,0.47334,0.013155341120624726,0.4533,70.406,91.92802363806155,3.53,949440.0,189888.0,19434,3886.8,4.016,1.94,14474.0,53.146,2.39,0.6422,306.2,0.31457999999999997,0.6002,5,1.0,25.500988180969234
0.7,30,6,NO,0.0,0.5,5,0.42094000000000004,0.11154135107662987,0.2299,154.714,263.4702558734097,8.4,259856.0,51971.2,1631,326.2,3.88,2.03,8960.0,41.262,2.23,0.68,124.8,0.27136,0.5214000000000001,5,1.0,25.498872063295142
0.7,10,6,NO,0.0,0.5,5,0.42094000000000004,0.11154135107662987,0.2299,154.714,263.4702558734097,8.4,259856.0,51971.2,1631,326.2,3.88,2.03,8960.0,41.262,2.23,0.68,128.4,0.27136,0.5214000000000001,5,1.0,25.498872063295142
0.6,10,6,NO,0.0,0.7,5,0.47318,0.013457042765778804,0.4526,70.284,91.72647235122476,3.49,948808.0,189761.6,19444,3888.8,4.008,1.93,14474.0,51.446000000000005,2.38,0.6422,311.4,0.31428,0.5998,5,1.0,25.467763824387628
0.55,50,3,NO,0.0,0.5,5,0.32178,0.019900929626527487,0.2973,50.164,48.22328721686235,-2.94,1110723.0,222144.6,33482,6696.4,3.232,-1.66,83066.3,16.578,0.57,0.6599999999999999,869.4,0.13865999999999998,0.44560000000000005,4,0.8,25.170356391568824
0.75,50,3,ALL,0.0,0.7,5,0.50774,0.06789980117791214,0.4123,77.084,104.64410628410947,1.33,349217.0,69843.4,5204,1040.8,2.848,0.43,19987.2,89.074,1.16,0.5978,108.4,0.2894,0.529,5,1.0,25.16094685794527
0.85,30,9,NO,0.0,1.0,3,0.9166333333333334,0.029680015723266225,0.8846,39.879999999999995,38.69962790518792,14.92,9381.0,3127.0,191,63.666666666666664,6.283333333333334,2.76,198.6,inf,5.36,0.8213333333333334,8.0,0.3836,0.8776666666666667,3,1.0,25.006186047406036
0.85,10,9,NO,0.0,1.0,3,0.9166333333333334,0.029680015723266225,0.8846,39.879999999999995,38.69962790518792,14.92,9381.0,3127.0,191,63.666666666666664,6.283333333333334,2.76,198.6,inf,5.36,0.8213333333333334,8.0,0.3836,0.8776666666666667,3,1.0,25.006186047406036
0.85,50,9,NO,0.0,1.0,3,0.9166333333333334,0.029680015723266225,0.8846,39.879999999999995,38.69962790518792,14.92,9381.0,3127.0,191,63.666666666666664,6.283333333333334,2.76,198.6,inf,5.36,0.8213333333333334,8.0,0.3836,0.8776666666666667,3,1.0,25.006186047406036
0.85,10,6,NO,0.0,0.7,4,0.710475,0.04777972896532591,0.65,40.92,38.41391154256488,9.39,11247.0,2811.75,167,41.75,2.9625,0.81,500.0,inf,1.31,0.749,20.0,0.23452499999999998,0.6427499999999999,4,1.0,24.53004422871756
0.85,30,6,NO,0.0,0.7,4,0.710475,0.04777972896532591,0.65,40.92,38.41391154256488,9.39,11247.0,2811.75,167,41.75,2.9625,0.81,500.0,inf,1.31,0.749,19.0,0.23452499999999998,0.6427499999999999,4,1.0,24.53004422871756
0.65,50,3,NO,0.0,1.0,5,0.6962200000000001,0.03149177670440329,0.6589,31.624000000000002,20.579411556213167,9.19,856858.0,171371.6,35090,7018.0,5.308,2.44,5457.0,inf,16.66,0.7934,352.6,0.26878,0.5662,5,1.0,24.09129422189342
0.75,10,3,ALL,0.0,0.5,5,0.29900000000000004,0.05867294947418273,0.2026,96.3,140.3983340357,-6.75,297798.0,59559.6,3967,793.4,1.312,-1.77,23328.3,5.272,0.42,0.5044000000000001,435.8,0.23972000000000002,0.4588,4,0.8,24.075832982149997
0.85,50,6,NO,0.0,0.7,4,0.71205,0.02729328366710997,0.6842,39.5375,38.891420112067564,13.18,10976.0,2744.0,163,40.75,2.92,1.37,400.0,inf,1.58,0.749,14.5,0.25915,0.6675,4,1.0,24.04578994396622
0.6,50,9,ALL,0.0,1.0,5,0.61734,0.03408985186239451,0.5846,57.59400000000001,70.02733844720932,2.25,1176610.0,235322.0,27159,5431.8,4.1,1.82,11419.0,inf,2.29,0.7066,110.4,0.44534,0.6346,5,1.0,23.25533077639535
0.6,30,9,ALL,0.0,1.0,5,0.61732,0.03408485000700463,0.5846,57.58800000000001,70.03274427009127,2.25,1176472.0,235294.4,27164,5432.8,4.098,1.82,11419.0,inf,2.29,0.7066,110.6,0.44532,0.6346,5,1.0,23.246627864954373
0.6,10,9,ALL,0.0,1.0,5,0.61732,0.03408485000700463,0.5846,57.58800000000001,70.03274427009127,2.25,1176472.0,235294.4,27164,5432.8,4.098,1.82,11419.0,inf,2.29,0.7066,110.6,0.44532,0.6346,5,1.0,23.246627864954373
0.7,10,3,NO,0.0,0.7,5,0.52504,0.05728911764026394,0.4505,54.648,62.63852305091493,-0.73,372428.0,74485.6,7975,1595.0,2.7199999999999998,-0.4,10128.1,69.30199999999999,0.87,0.5556,721.8,0.2283,0.42639999999999995,4,0.8,23.10973847454254
0.65,50,9,ALL,0.0,1.0,5,0.67678,0.056965928413394644,0.5803,43.372,44.80157776239583,7.02,384313.0,76862.6,13530,2706.0,5.32,2.74,1417.0,inf,40.25,0.8756,72.4,0.35506,0.589,5,1.0,23.077211118802083
0.65,30,9,ALL,0.0,1.0,5,0.67674,0.05693033462048154,0.5803,43.356,44.81326957498192,7.02,384175.0,76835.0,13535,2707.0,5.318,2.74,1417.0,inf,40.25,0.8756,72.6,0.35497999999999996,0.5888,5,1.0,23.055365212509038
0.65,10,9,ALL,0.0,1.0,5,0.67674,0.05693033462048154,0.5803,43.356,44.81326957498192,7.02,384175.0,76835.0,13535,2707.0,5.318,2.74,1417.0,inf,40.25,0.8756,72.6,0.35497999999999996,0.5888,5,1.0,23.055365212509038
0.65,10,3,ALL,0.0,0.5,5,0.30491999999999997,0.024107716606928987,0.2791,46.29,45.85946140111111,-1.1,614799.0,122959.8,17883,3576.6,2.082,-0.36,28788.7,11.126,0.87,0.5556,1155.6,0.1651,0.4556,4,0.8,23.030269299444445
0.55,30,3,NO,0.0,0.5,5,0.3202,0.019133478512805776,0.2951,46.568,45.70585597054277,-2.82,1090451.0,218090.2,35049,7009.8,3.1599999999999997,-1.6,84951.2,13.894,0.58,0.6599999999999999,1351.4,0.12754000000000001,0.42800000000000005,4,0.8,22.869072014728612
0.55,50,9,ALL,0.0,0.5,5,0.34412000000000004,0.03534617376746738,0.2957,84.768,117.72193793002221,-10.94,1011599.0,202319.8,15554,3110.8,1.4460000000000002,-7.17,50300.2,45.571999999999996,0.04,0.5556,145.8,0.42912,0.6032,4,0.8,22.625031034988897
0.55,10,9,ALL,0.0,0.5,5,0.34409999999999996,0.035357318902880595,0.2957,84.764,117.72536782698961,-10.94,1011499.0,202299.8,15555,3111.0,1.4460000000000002,-7.17,50300.2,45.571999999999996,0.04,0.5556,146.0,0.42912,0.6032,4,0.8,22.61931608650519
0.55,30,9,ALL,0.0,0.5,5,0.34409999999999996,0.035357318902880595,0.2957,84.764,117.72536782698961,-10.94,1011499.0,202299.8,15555,3111.0,1.4460000000000002,-7.17,50300.2,45.571999999999996,0.04,0.5556,146.0,0.42912,0.6032,4,0.8,22.61931608650519
0.65,30,3,NO,0.0,1.0,5,0.6981200000000001,0.03461989312519611,0.6562,28.774,18.207699744888153,9.02,869912.0,173982.4,38591,7718.2,5.122,2.35,7392.6,inf,11.5,0.7934,586.0,0.24250000000000002,0.5344,5,1.0,22.376150127555924
0.55,50,6,NO,0.0,0.7,5,0.46606,0.014993932106022075,0.4459,43.116,42.68021415129029,1.87,1078585.0,215717.0,33144,6628.8,4.061999999999999,1.51,23532.3,18.174,1.9,0.64,394.2,0.20732,0.5448000000000001,5,1.0,22.336892924354853
0.85,10,9,YES,0.0,1.0,3,0.8811666666666667,0.08385352308241638,0.7857,42.203333333333326,44.169116284269634,7.17,5014.0,1671.3333333333333,152,50.666666666666664,4.8133333333333335,2.05,185.9,inf,2.14,0.75,8.0,0.3593,0.7333333333333334,3,1.0,22.26977519119851
0.85,50,9,YES,0.0,1.0,3,0.8811666666666667,0.08385352308241638,0.7857,42.203333333333326,44.169116284269634,7.17,5014.0,1671.3333333333333,152,50.666666666666664,4.8133333333333335,2.05,185.9,inf,2.14,0.75,8.0,0.3593,0.7333333333333334,3,1.0,22.26977519119851
0.85,30,9,YES,0.0,1.0,3,0.8811666666666667,0.08385352308241638,0.7857,42.203333333333326,44.169116284269634,7.17,5014.0,1671.3333333333333,152,50.666666666666664,4.8133333333333335,2.05,185.9,inf,2.14,0.75,8.0,0.3593,0.7333333333333334,3,1.0,22.26977519119851
0.55,30,6,NO,0.0,0.7,5,0.46630000000000005,0.015401947928752397,0.4458,42.756,42.32886402917045,2.02,1078538.0,215707.6,33414,6682.8,4.054,1.51,24597.0,17.759999999999998,1.92,0.64,435.4,0.20548000000000002,0.5416000000000001,5,1.0,22.19756798541478
0.55,10,6,NO,0.0,0.7,5,0.46630000000000005,0.01558733460216979,0.4455,42.72,42.278672519368435,2.02,1078188.0,215637.6,33428,6685.6,4.05,1.51,24524.6,17.726,1.92,0.64,441.0,0.20528,0.5414,5,1.0,22.186663740315783
0.55,10,3,NO,0.0,0.5,5,0.32164000000000004,0.020984589583787416,0.2936,44.836,44.03047217552862,-2.45,1090379.0,218075.8,36384,7276.8,3.2060000000000004,-1.43,84598.3,15.466,0.62,0.62,2338.8,0.11701999999999999,0.41,4,0.8,22.085763912235688
0.65,50,6,ALL,0.0,1.0,5,0.67296,0.03628957150477253,0.6249,30.248,21.151995650529052,7.06,712774.0,142554.8,32176,6435.2,5.676,2.73,8874.5,inf,14.67,0.8112,177.4,0.33921999999999997,0.592,5,1.0,21.790002174735474
0.65,50,3,ALL,0.0,0.7,5,0.48334,0.010262455846433625,0.4711,34.426,27.926970476584103,4.27,762610.0,152522.0,28543,5708.6,3.8899999999999997,2.46,11777.7,inf,2.48,0.7068000000000001,352.6,0.21308000000000002,0.5204,5,1.0,21.74351476170795
0.65,30,6,ALL,0.0,1.0,5,0.67188,0.036493245950449504,0.6241,29.174,20.324087433387998,6.82,708948.0,141789.6,33204,6640.8,5.57,2.7,10425.9,inf,14.08,0.789,206.2,0.32852,0.5796,5,1.0,21.057956283305998
0.65,10,6,ALL,0.0,1.0,5,0.67194,0.036325514449213246,0.6243,29.106,20.257643742548144,6.83,708831.0,141766.2,33250,6650.0,5.562,2.7,10484.5,inf,13.66,0.789,211.2,0.32784,0.5788,5,1.0,21.02617812872593
0.55,50,6,ALL,0.0,0.5,5,0.31677999999999995,0.027507944307054274,0.2833,51.14999999999999,62.24078727008519,2.33,1411085.0,282217.0,32737,6547.4,3.71,0.61,45199.1,14.309999999999999,1.32,0.5778000000000001,394.2,0.20178,0.541,5,1.0,20.728606364957397
0.65,10,3,NO,0.0,1.0,5,0.6991400000000001,0.0352525601907152,0.6578,25.808,16.1437703155118,8.42,886162.0,177232.4,43028,8605.6,4.9879999999999995,2.28,9203.3,inf,8.68,0.7534,1155.6,0.20371999999999998,0.48740000000000006,5,1.0,20.2621148422441
0.55,30,6,ALL,0.0,0.5,5,0.31608,0.027878432524085704,0.2821,50.262,61.352412096021126,2.13,1399421.0,279884.2,33107,6621.4,3.678,0.57,47217.4,14.425999999999998,1.29,0.5778000000000001,435.4,0.19888,0.5362,5,1.0,20.224793951989437
0.55,10,6,ALL,0.0,0.5,5,0.31608,0.02795061716671029,0.2819,50.23800000000001,61.29992145182569,2.12,1399329.0,279865.8,33120,6624.0,3.6759999999999997,0.56,46960.3,14.414000000000001,1.29,0.5778000000000001,441.0,0.19885999999999998,0.5359999999999999,5,1.0,20.22403927408716
0.6,50,3,NO,0.0,0.7,5,0.46536,0.018438627931600567,0.4344,39.302,39.036167460446215,1.31,1095027.0,219005.4,36106,7221.2,3.6519999999999997,1.13,32992.9,602.222,1.53,0.6222000000000001,561.2,0.1994,0.502,5,1.0,20.176916269776893
0.6,50,6,ALL,0.0,0.5,5,0.3254,0.032170405654887206,0.2854,94.172,147.22993027913856,-1.75,1328225.0,265645.0,18243,3648.6,2.9899999999999998,-0.83,34000.0,29.403999999999996,0.75,0.5356,269.2,0.28834,0.5751999999999999,4,0.8,20.03203486043072
0.75,50,3,NO,0.0,1.0,5,0.78164,0.05897065371860821,0.7059,48.67,57.06738998762779,-1.27,390553.0,78110.6,8293,1658.6,4.132,-0.59,10110.6,383.572,0.8,0.7268000000000001,108.4,0.32373999999999997,0.524,4,0.8,19.755305006186106
0.6,30,6,ALL,0.0,0.5,5,0.3241,0.032328083766285924,0.285,91.756,143.51411021220179,-2.13,1318534.0,263706.8,18570,3714.0,2.928,-1.03,35420.7,27.241999999999997,0.7,0.5156000000000001,306.2,0.28344,0.5694,4,0.8,19.359944893899108
0.6,10,6,ALL,0.0,0.5,5,0.32405999999999996,0.03241516620349184,0.2849,91.662,143.3137262093202,-2.16,1318304.0,263660.8,18580,3716.0,2.9240000000000004,-1.05,35163.5,27.238,0.7,0.5156000000000001,311.4,0.28338,0.5692,4,0.8,19.357136895339902
0.6,50,6,NO,0.0,1.0,5,0.65422,0.0262146333180535,0.6237,44.315999999999995,54.40273274386131,6.67,1077703.0,215540.6,36286,7257.2,5.29,2.56,4055.0,135.33,18.76,0.7512000000000001,269.2,0.29057999999999995,0.5862,5,1.0,19.115633628069343
0.6,30,6,NO,0.0,1.0,5,0.65564,0.027266151176871294,0.625,43.582,53.19177492808451,6.85,1082521.0,216504.2,36988,7397.6,5.194,2.55,5179.1,141.362,17.38,0.7512000000000001,306.2,0.28636,0.5804,5,1.0,19.041112535957744
0.6,10,6,NO,0.0,1.0,5,0.65556,0.027365909449532252,0.6246,43.496,53.037227303093445,6.84,1081866.0,216373.2,37014,7402.8,5.182,2.55,5151.8,140.06599999999997,17.0,0.7512000000000001,311.4,0.28606,0.58,5,1.0,19.02938634845328
0.85,50,6,NO,0.3,0.8,4,0.82165,0.07524415813425867,0.7143,23.835,14.64282873400264,7.27,8071.0,2017.75,342,85.5,6.355,1.24,343.8,108.215,1.63,0.7875,14.5,0.22062500000000002,0.6345000000000001,4,1.0,18.69458563299868
0.6,30,3,NO,0.0,0.7,5,0.46506,0.017575352059062712,0.434,36.146,36.02251351585561,1.77,1084887.0,216977.4,38499,7699.8,3.646,1.37,34043.5,34.244,1.74,0.6222000000000001,917.4,0.18082,0.47940000000000005,5,1.0,18.665743242072196
0.75,30,3,NO,0.0,1.0,5,0.78342,0.05805301025786687,0.7113,43.748000000000005,49.94805771999548,-0.47,406762.0,81352.4,9736,1947.2,4.106,-0.23,9785.7,3369.756,0.92,0.7668,182.0,0.2975,0.4854,4,0.8,18.632971140002265
0.6,50,3,ALL,0.0,0.5,5,0.29666000000000003,0.03200012499975587,0.2686,56.736000000000004,75.23340567859466,-1.76,1439612.0,287922.4,33776,6755.2,2.8280000000000003,-0.36,107845.2,19.438,0.86,0.5556,561.2,0.17768,0.5126000000000001,4,0.8,18.591297160702673
0.75,10,3,ALL,0.0,0.7,5,0.49172000000000005,0.04768335139228368,0.4261,53.798,73.17833641180974,4.03,348492.0,69698.4,7955,1591.0,2.846,1.6,21554.0,12.928,1.79,0.6355999999999999,435.8,0.21128,0.43,5,1.0,18.417831794095132
0.65,30,3,ALL,0.0,0.7,5,0.47859999999999997,0.012020191346230733,0.4647,29.875999999999998,25.072930223649568,3.55,733556.0,146711.2,31879,6375.8,3.614,2.35,11167.1,inf,2.33,0.7268000000000001,586.0,0.17992,0.4782,5,1.0,18.404534888175217
0.85,30,3,NO,0.3,0.8,5,0.7900400000000001,0.031703674865857435,0.7379,17.874000000000002,5.816350230170119,10.48,20729.0,4145.8,1018,203.6,6.974000000000001,1.81,462.0,inf,2.24,0.8462,42.6,0.09916,0.4446,5,1.0,18.109824884914943
0.75,50,6,ALL,0.0,0.5,5,0.3557,0.13165202239236587,0.13,123.0,209.64713079362662,-0.74,241812.0,48362.4,1605,321.0,2.5460000000000003,-0.38,20842.2,94.00399999999999,0.88,0.6578,61.8,0.26664,0.518,4,0.8,17.95443460318669
0.6,10,3,NO,0.0,0.7,5,0.4665,0.019127075050827825,0.4331,34.044,33.69563740308232,2.34,1087796.0,217559.2,40766,8153.2,3.728,1.69,36739.5,29.410000000000004,2.16,0.6222000000000001,1711.6,0.15882000000000002,0.44959999999999994,5,1.0,17.898181298458837
0.55,50,9,ALL,0.0,0.7,5,0.45291999999999993,0.007108586357356875,0.4443,52.784000000000006,67.39098218604623,-4.15,1042102.0,208420.4,26531,5306.2,1.9580000000000002,-5.37,39308.7,72.97999999999999,0.14,0.5978,145.8,0.41572,0.5888,4,0.8,17.84350890697689
0.55,30,9,ALL,0.0,0.7,5,0.45289999999999997,0.007121797525905967,0.4443,52.778,67.3966417560994,-4.15,1041902.0,208380.4,26533,5306.6,1.9560000000000002,-5.37,39308.7,72.978,0.14,0.5978,146.0,0.4157,0.5886,4,0.8,17.8346791219503
0.55,10,9,ALL,0.0,0.7,5,0.45289999999999997,0.007121797525905967,0.4443,52.778,67.3966417560994,-4.15,1041902.0,208380.4,26533,5306.6,1.9560000000000002,-5.37,39308.7,72.978,0.14,0.5978,146.0,0.4157,0.5886,4,0.8,17.8346791219503
0.55,50,6,NO,0.0,1.0,5,0.63076,0.027631829472548542,0.5959,28.865999999999996,26.296327310101688,5.29,1246454.0,249290.8,57367,11473.4,4.946,2.92,17433.7,31.198,10.88,0.7689999999999999,394.2,0.19318,0.5317999999999999,5,1.0,17.304836344949152
0.55,30,6,NO,0.0,1.0,5,0.63186,0.028273715709117492,0.5969,28.556,25.910457927254008,5.44,1250278.0,250055.6,58122,11624.4,4.87,2.92,18065.2,28.99,9.92,0.7912,435.4,0.19097999999999998,0.528,5,1.0,17.232771036373
0.55,10,6,NO,0.0,1.0,5,0.6318400000000001,0.0283291016447751,0.5967,28.532,25.872393975046066,5.44,1249804.0,249960.8,58153,11630.6,4.866,2.92,18165.2,28.944,9.91,0.7912,441.0,0.19082,0.5276,5,1.0,17.22780301247697
0.75,30,6,ALL,0.0,0.5,5,0.357,0.1301183884007176,0.1345,119.976,205.00304809929048,-1.06,241680.0,48336.0,1641,328.2,2.532,-0.51,21034.3,91.758,0.84,0.6132,72.2,0.26142,0.5094000000000001,4,0.8,17.156475950354757
0.75,10,6,ALL,0.0,0.5,5,0.357,0.1301183884007176,0.1345,119.976,205.00304809929048,-1.06,241680.0,48336.0,1641,328.2,2.532,-0.51,21034.3,91.758,0.84,0.6132,74.2,0.26142,0.5094000000000001,4,0.8,17.156475950354757
0.75,10,3,NO,0.0,1.0,5,0.7759400000000001,0.05746201353938095,0.7025,38.519999999999996,43.72749649819893,0.04,417938.0,83587.6,11966,2393.2,3.8659999999999997,0.02,11294.8,inf,1.01,0.769,435.8,0.25568,0.44299999999999995,5,1.0,16.66825175090053
0.55,50,9,ALL,0.0,1.0,5,0.59014,0.022223141092113895,0.5657,38.688,44.64452844414419,0.58,1138823.0,227764.6,41264,8252.8,3.7340000000000004,0.85,17045.8,inf,1.47,0.709,145.8,0.40306,0.5860000000000001,5,1.0,16.539735777927906
0.55,10,9,ALL,0.0,1.0,5,0.59014,0.022223141092113895,0.5657,38.686,44.64652595667439,0.58,1138684.0,227736.8,41269,8253.8,3.732,0.85,17099.5,inf,1.47,0.709,146.0,0.40304,0.5860000000000001,5,1.0,16.536737021662805
0.55,30,9,ALL,0.0,1.0,5,0.59014,0.022223141092113895,0.5657,38.686,44.64652595667439,0.58,1138684.0,227736.8,41269,8253.8,3.732,0.85,17099.5,inf,1.47,0.709,146.0,0.40304,0.5860000000000001,5,1.0,16.536737021662805
0.85,50,3,NO,0.3,0.8,5,0.8035,0.039903132709099405,0.7732,17.363999999999997,6.744740914223467,6.43,17303.0,3460.6,842,168.4,6.7379999999999995,1.08,322.9,inf,1.45,0.8417999999999999,25.8,0.16284,0.5572,5,1.0,15.920629542888264
0.65,50,3,ALL,0.0,1.0,5,0.67382,0.02917605182337043,0.6299,21.464,14.56092133074003,5.51,965892.0,193178.4,57844,11568.8,5.756,2.96,9447.5,inf,7.82,0.8756,352.6,0.19705999999999999,0.5014000000000001,5,1.0,15.836539334629984
0.85,10,6,NO,0.3,0.8,4,0.817475,0.0974341615314328,0.6757,24.005000000000003,17.23345293317622,1.47,8616.0,2154.0,358,89.5,6.0,0.22,543.8,inf,1.09,0.81875,20.0,0.18837500000000001,0.59175,4,1.0,15.829273533411893
0.85,30,6,NO,0.3,0.8,4,0.8173,0.09739856261773068,0.6757,23.990000000000002,17.235016681163962,1.47,8579.0,2144.75,357,89.25,6.0225,0.22,543.8,inf,1.09,0.81875,19.0,0.18875,0.5925,4,1.0,15.813491659418021
0.6,50,3,NO,0.0,1.0,5,0.65142,0.025372268325871073,0.6278,25.112000000000002,21.62870245761405,4.85,1329489.0,265897.8,68239,13647.8,5.078,2.39,19774.2,inf,10.85,0.7934,561.2,0.18416,0.4894,5,1.0,15.752648771192977
0.85,30,3,ALL,0.3,0.8,5,0.77208,0.03160327514673124,0.7273,16.101999999999997,5.306276472254344,7.37,34484.0,6896.8,1957,391.4,7.303999999999999,2.67,377.3,inf,4.01,0.8512000000000001,42.6,0.0864,0.4098,5,1.0,15.659861763872826
0.6,30,3,ALL,0.0,0.5,5,0.29325999999999997,0.02940804311748743,0.2705,49.922,67.23156453630989,-2.55,1382857.0,276571.4,37012,7402.4,2.616,-0.58,108852.6,13.936000000000002,0.78,0.5334000000000001,917.4,0.1563,0.4768,4,0.8,15.541217731845052
0.75,30,3,ALL,0.0,1.0,5,0.75556,0.04483707171526706,0.6998,26.227999999999998,26.484388231560114,7.65,458741.0,91748.2,18715,3743.0,4.864,2.43,16156.0,inf,4.66,0.8333999999999999,182.0,0.22435999999999998,0.4628,5,1.0,15.28080588421994
0.65,10,3,ALL,0.0,0.7,5,0.47282,0.011468958104378965,0.4612,25.198,21.74054898110901,2.7,707417.0,141483.4,36156,7231.2,3.2359999999999998,1.86,13680.8,28.946000000000005,1.93,0.6202,1155.6,0.14418,0.4266,5,1.0,15.137725509445495
0.7,50,6,NO,0.0,0.7,5,0.53964,0.07432202230833064,0.4268,82.15599999999999,136.49752279803468,3.99,273374.0,54674.8,3222,644.4,3.95,0.94,9790.6,923.1700000000001,1.47,0.6532,105.8,0.24876,0.47759999999999997,5,1.0,15.10423860098265
0.7,50,3,NO,0.0,1.0,5,0.73722,0.062040003223726575,0.661,31.040000000000003,32.9999659090733,1.59,431623.0,86324.6,15115,3023.0,3.5420000000000003,0.99,6490.6,118.19800000000001,1.45,0.7046,197.4,0.2618,0.47919999999999996,5,1.0,15.017017045463351
0.75,50,6,NO,0.0,0.7,5,0.54252,0.13077238622889775,0.3531,174.706,315.9535220249966,-5.86,258622.0,51724.4,1397,279.4,3.1100000000000003,-1.68,10343.5,inf,0.54,0.6354,61.8,0.29268,0.5115999999999999,4,0.8,14.971238987501703
0.7,50,3,ALL,0.0,0.5,5,0.31708,0.04021053344585222,0.2793,67.52000000000001,98.23099739898807,-11.55,313527.0,62705.4,6177,1235.4,1.3080000000000003,-2.06,23500.0,6.481999999999999,0.45,0.42680000000000007,197.4,0.22972,0.44960000000000006,4,0.8,14.939501300505977
0.75,10,6,NO,0.0,0.7,5,0.54624,0.12887789957940812,0.3618,170.904,308.4753159168493,-5.86,259637.0,51927.4,1432,286.4,3.1420000000000003,-1.68,10194.4,inf,0.54,0.6578,74.2,0.28942,0.5052,4,0.8,14.908342041575349
0.75,30,6,NO,0.0,0.7,5,0.54624,0.12887789957940812,0.3618,170.904,308.4753159168493,-5.86,259637.0,51927.4,1432,286.4,3.1420000000000003,-1.68,10194.4,inf,0.54,0.6578,72.2,0.28942,0.5052,4,0.8,14.908342041575349
0.6,30,3,NO,0.0,1.0,5,0.6537599999999999,0.028092223123135,0.6303,23.148000000000003,19.72776393816593,5.26,1341699.0,268339.8,73558,14711.6,4.928,2.26,23231.9,62.564,8.3,0.7512000000000001,917.4,0.16487999999999997,0.4636,5,1.0,14.862118030917038
0.7,10,6,NO,0.0,0.7,5,0.54064,0.07324788734154726,0.4307,80.22999999999999,133.55372795246114,4.23,275354.0,55070.8,3350,670.0,3.8200000000000003,1.1,9830.7,71.1,1.53,0.6754,128.4,0.24211999999999997,0.46559999999999996,5,1.0,14.722136023769417
0.55,50,3,NO,0.0,0.7,5,0.46373999999999993,0.014541423589181354,0.4411,27.395999999999997,25.623054657866223,0.45,1207017.0,241403.4,63884,12776.8,3.804,0.45,54648.3,16.526,1.19,0.6822,869.4,0.12410000000000002,0.422,5,1.0,14.719472671066885
0.6,50,6,ALL,0.0,0.7,5,0.45771999999999996,0.009980581145404302,0.4429,55.124,82.32587825222394,2.22,1383693.0,276738.6,33503,6700.6,3.838,2.22,27804.5,31.936,2.78,0.5778000000000001,269.2,0.27156,0.5544,5,1.0,14.62706087388803
0.7,30,6,NO,0.0,0.7,5,0.54054,0.07293468310755866,0.4314,80.326,133.85466663512335,4.08,275390.0,55078.0,3348,669.6,3.8120000000000003,1.06,9730.7,71.14000000000001,1.51,0.6754,124.8,0.24234,0.46580000000000005,5,1.0,14.622666682438318
0.75,50,3,ALL,0.0,1.0,5,0.75512,0.04745252364205722,0.6927,28.55,31.22902416022633,4.21,435768.0,87153.6,15982,3196.4,4.470000000000001,2.43,16519.7,inf,2.4,0.8134,108.4,0.25295999999999996,0.5004000000000001,5,1.0,14.198487919886835
0.6,10,3,NO,0.0,1.0,5,0.65638,0.029547114918380774,0.6298,21.64,18.227835856184356,5.54,1357731.0,271546.2,78957,15791.4,4.8759999999999994,2.19,22408.5,61.403999999999996,7.43,0.7712,1711.6,0.14184,0.43100000000000005,5,1.0,14.188082071907822
0.6,30,6,ALL,0.0,0.7,5,0.4568,0.010449880382090512,0.4407,53.92999999999999,80.74617421277618,1.92,1373567.0,274713.4,34112,6822.4,3.7700000000000005,2.01,29317.5,28.810000000000002,2.44,0.6,306.2,0.26661999999999997,0.5479999999999999,5,1.0,14.132912893611902
0.6,10,6,ALL,0.0,0.7,5,0.45671999999999996,0.010594904435623742,0.4404,53.854,80.61709142607417,1.9,1373020.0,274604.0,34132,6826.4,3.7600000000000002,1.99,28908.6,28.498,2.42,0.6,311.4,0.26626,0.5478,5,1.0,14.115454286962915
0.65,30,3,ALL,0.0,1.0,5,0.6724600000000001,0.030209981794102392,0.6269,18.964,12.875006019416068,5.06,960647.0,192129.4,64878,12975.6,5.686,2.9,8959.4,inf,6.94,0.8778,586.0,0.16394,0.45780000000000004,5,1.0,14.044496990291965
0.55,50,6,ALL,0.0,0.7,5,0.4445,0.0132444327926869,0.4244,31.284000000000002,36.49649681818791,3.31,1478332.0,295666.4,57783,11556.6,3.9560000000000004,1.51,36855.7,14.276000000000002,2.2,0.6422,394.2,0.191,0.5204,5,1.0,14.02875159090605
0.7,30,3,NO,0.0,1.0,5,0.7390000000000001,0.059133873541313046,0.6663,27.504,28.231954059186197,1.36,449045.0,89809.0,17655,3531.0,3.47,0.85,8319.3,inf,1.37,0.7046,337.4,0.23544,0.4386,5,1.0,13.796022970406902
0.55,30,6,ALL,0.0,0.7,5,0.44401999999999997,0.01366462586388664,0.4233,30.758,36.07196931136419,3.14,1465506.0,293101.2,58464,11692.8,3.9200000000000004,1.47,38589.3,14.126,2.15,0.6022000000000001,435.4,0.18802000000000002,0.5154,5,1.0,13.664015344317903
0.55,10,6,ALL,0.0,0.7,5,0.44404000000000005,0.013747108786941327,0.4232,30.734,36.03907226885842,3.13,1465179.0,293035.8,58491,11698.2,3.918,1.47,38180.4,14.106,2.15,0.6022000000000001,441.0,0.18782000000000001,0.5147999999999999,5,1.0,13.653463865570792
0.55,30,3,NO,0.0,0.7,5,0.46352000000000004,0.015826149247369043,0.4409,25.46,24.349081091490905,0.67,1191676.0,238335.2,67250,13450.0,3.746,0.63,56212.6,13.632,1.29,0.6622,1351.4,0.11257999999999999,0.40279999999999994,5,1.0,13.486459454254549
0.6,50,6,ALL,0.0,1.0,5,0.6270800000000001,0.02754000726216319,0.603,37.006,50.82421991531203,5.41,1566437.0,313287.4,58524,11704.8,6.106,3.1,9534.6,inf,8.9,0.8155999999999999,269.2,0.25682,0.5432,5,1.0,13.216890042343985
0.8,30,3,YES,0.3,0.8,5,0.74298,0.029075367581511313,0.6985,13.815999999999999,6.139253211914295,8.22,36154.0,7230.8,2440,488.0,7.7219999999999995,2.4,569.1,inf,2.67,0.8356,94.8,0.07518,0.3312,5,1.0,13.212373394042853
0.55,10,3,NO,0.0,0.7,5,0.46475999999999995,0.017826188599922306,0.4394,24.279999999999998,23.205598462440047,1.0,1193206.0,238641.2,70138,14027.6,3.782,0.9,54172.8,14.266,1.47,0.6422,2338.8,0.1008,0.3806,5,1.0,12.977200768779975
0.6,30,6,ALL,0.0,1.0,5,0.6272800000000001,0.027887936460053848,0.6028,36.152,49.57178199338813,5.26,1561260.0,312252.0,59805,11961.0,5.912,3.1,11027.4,inf,7.89,0.8155999999999999,306.2,0.25179999999999997,0.5362,5,1.0,12.944109003305936
0.6,10,6,ALL,0.0,1.0,5,0.62736,0.027846777192343075,0.603,36.084,49.4439792087975,5.25,1560982.0,312196.4,59854,11970.8,5.901999999999999,3.1,10591.2,inf,7.84,0.7934,311.4,0.25148,0.5358,5,1.0,12.937010395601252
0.85,30,3,YES,0.3,0.8,5,0.75568,0.03305596769117489,0.7188,14.190000000000001,5.475340172080635,4.86,13755.0,2751.0,939,187.8,5.074,3.14,391.8,9.290000000000001,2.87,0.744,42.6,0.09284,0.383,5,1.0,12.910329913959684
0.75,50,9,ALL,0.0,0.5,5,0.42668,0.07732119373108512,0.3333,41.158,53.179037411371034,-5.58,33795.0,6759.0,678,135.6,2.3560000000000003,-0.56,1177.1,17.456,0.81,0.658,28.0,0.29546,0.6392,4,0.8,12.894481294314485
0.75,10,9,ALL,0.0,0.5,5,0.42668,0.07732119373108512,0.3333,41.158,53.179037411371034,-5.58,33795.0,6759.0,678,135.6,2.3560000000000003,-0.56,1177.1,17.456,0.81,0.658,28.0,0.29546,0.6392,4,0.8,12.894481294314485
0.75,30,9,ALL,0.0,0.5,5,0.42668,0.07732119373108512,0.3333,41.158,53.179037411371034,-5.58,33795.0,6759.0,678,135.6,2.3560000000000003,-0.56,1177.1,17.456,0.81,0.658,28.0,0.29546,0.6392,4,0.8,12.894481294314485
0.6,50,3,ALL,0.0,0.7,5,0.44577999999999995,0.011909533995921087,0.431,32.432,40.636432791277336,1.27,1541811.0,308362.2,62489,12497.8,3.28,0.49,95412.3,24.554000000000002,1.22,0.6202,561.2,0.16543999999999998,0.4932,5,1.0,12.494783604361334
0.7,10,3,NO,0.0,1.0,5,0.7364200000000001,0.05767826280324333,0.6668,24.534,25.062752841617378,0.96,463761.0,92752.2,20891,4178.2,3.25,0.58,9932.7,inf,1.23,0.6646,721.8,0.1948,0.388,5,1.0,12.29062357919131
0.75,10,3,ALL,0.0,1.0,5,0.74142,0.04330810547691971,0.6829,22.57,23.80957580470513,5.38,461257.0,92251.4,22815,4563.0,4.686,2.41,17278.5,inf,4.12,0.8534,435.8,0.18209999999999998,0.3968,5,1.0,12.279212097647434
0.55,50,3,NO,0.0,1.0,5,0.62608,0.02044619769052428,0.605,18.862000000000002,15.414610601633761,3.64,1505727.0,301145.4,108513,21702.6,5.014,2.77,28601.7,30.038,6.23,0.7689999999999999,869.4,0.11610000000000001,0.41319999999999996,5,1.0,12.246694699183122
0.85,10,3,YES,0.3,0.8,5,0.7354,0.044126919221717686,0.681,12.575999999999999,5.2035593587466655,7.45,14892.0,2978.4,1130,226.0,4.8420000000000005,2.46,574.8,9.478,2.41,0.764,93.8,0.05454,0.2728,5,1.0,12.209220320626665
0.65,10,3,ALL,0.0,1.0,5,0.66896,0.030348113615182058,0.6215,16.412,11.23318610190359,4.55,953325.0,190665.0,73597,14719.4,5.4399999999999995,2.81,11914.5,inf,6.45,0.8155999999999999,1155.6,0.12986,0.4062,5,1.0,12.160406949048204
0.6,10,3,ALL,0.0,0.5,5,0.29232,0.025692936772583982,0.2695,44.152,61.81839831312357,-3.73,1329962.0,265992.4,40358,8071.6,2.42,-0.9,115132.9,11.138,0.68,0.4934,1711.6,0.13801999999999998,0.44299999999999995,4,0.8,12.123800843438215
0.55,50,6,ALL,0.0,1.0,5,0.5980399999999999,0.021372248360900216,0.569,22.824,24.107628045911113,4.3,1712335.0,342467.0,92391,18478.2,4.936,3.31,30304.8,29.488,5.65,0.709,394.2,0.18416,0.5134,5,1.0,12.060185977044444
0.7,50,3,ALL,0.0,0.7,5,0.49779999999999996,0.030920462480370493,0.467,36.272,48.56052429700487,0.14,374056.0,74811.2,12390,2478.0,2.582,0.11,15665.2,14.776,1.05,0.4756,197.4,0.20238,0.42540000000000006,5,1.0,12.033737851497564
0.55,30,6,ALL,0.0,1.0,5,0.59846,0.021812106729979096,0.5692,22.436,23.721497212444245,4.07,1704201.0,340840.2,93782,18756.4,4.92,3.31,31574.3,27.76,5.42,0.709,435.4,0.18102000000000001,0.508,5,1.0,11.796251393777878
0.55,10,6,ALL,0.0,1.0,5,0.5985199999999999,0.021699700458762083,0.5694,22.413999999999998,23.689057178368245,4.08,1704077.0,340815.4,93840,18768.0,4.9159999999999995,3.31,31651.9,27.806,5.51,0.709,441.0,0.18080000000000002,0.5077999999999999,5,1.0,11.793471410815876
0.85,10,3,ALL,0.3,0.8,5,0.74614,0.043237287148941206,0.6772,13.308000000000002,5.945184606048832,4.19,37005.0,7401.0,2384,476.8,6.531999999999999,1.81,883.1,36.739999999999995,1.88,0.8084,93.8,0.051280000000000006,0.3008,5,1.0,11.592407696975586
0.55,30,3,NO,0.0,1.0,5,0.6284,0.022801425394040585,0.6074,17.582,14.488891261928913,3.9,1515031.0,303006.2,115353,23070.6,4.8740000000000006,2.55,32360.2,24.084,5.85,0.7712,1351.4,0.10428,0.392,5,1.0,11.507554369035544
0.6,50,3,ALL,0.0,1.0,5,0.62122,0.02445367048113638,0.5978,21.966,23.66818708731195,3.72,1863955.0,372791.0,109516,21903.2,4.622,2.18,82902.7,87.626,2.34,0.7712,561.2,0.15684,0.4808,5,1.0,11.247906456344026
0.8,30,3,ALL,0.3,0.8,5,0.74732,0.030152976635814902,0.7009,13.61,7.892683320645774,5.19,77331.0,15466.2,4889,977.8,7.839999999999999,1.67,736.2,inf,1.96,0.8533999999999999,94.8,0.07092000000000001,0.33399999999999996,5,1.0,11.220658339677113
0.55,10,3,NO,0.0,1.0,5,0.6316200000000001,0.024134145934753905,0.6076,16.69,13.648344221919377,4.14,1533870.0,306774.0,121859,24371.8,4.808,2.46,34379.3,35.92,5.95,0.7512000000000001,2338.8,0.09182,0.3674,5,1.0,11.107827889040312
0.85,10,3,ALL,0.0,0.7,5,0.54174,0.039902230514095305,0.4889,12.943999999999999,7.344278725647605,5.96,20124.0,4024.8,1521,304.2,2.408,1.57,3050.1,4.64,1.92,0.6146,93.8,0.08274000000000001,0.3286,5,1.0,11.059860637176197
0.7,30,3,ALL,0.0,0.5,5,0.31076000000000004,0.03616749922236814,0.278,53.854,79.26157978491219,-10.88,298875.0,59775.0,7323,1464.6,1.216,-2.3,24844.2,5.5200000000000005,0.39,0.4468,337.4,0.20192000000000002,0.41400000000000003,4,0.8,10.959210107543907
0.75,50,6,ALL,0.0,0.7,5,0.50126,0.11397595360425812,0.3258,80.736,137.63709685255645,-3.48,260254.0,52050.8,3013,602.6,3.364,-1.33,21177.3,inf,0.64,0.6176,61.8,0.23892000000000002,0.47300000000000003,4,0.8,10.873451573721777
0.55,50,3,ALL,0.0,0.5,5,0.3052,0.019509997437211515,0.283,31.973999999999997,39.05020204813287,-5.48,1395323.0,279064.6,62785,12557.0,2.79,-1.85,129102.3,9.326,0.45,0.5801999999999999,869.4,0.11894,0.4244,4,0.8,10.804898975933563
0.7,30,3,ALL,0.0,0.7,5,0.49268,0.026272457060579613,0.4637,30.056,39.43423804259441,1.51,369177.0,73835.4,14635,2927.0,2.9299999999999997,0.62,16161.1,26.46,1.27,0.5778000000000001,337.4,0.17682,0.3902,5,1.0,10.791880978702796
0.85,50,3,ALL,0.3,0.8,5,0.7628199999999999,0.05364561491864928,0.7091,12.907999999999998,6.9002949212334395,4.06,26256.0,5251.2,1614,322.8,6.452000000000001,1.1,365.2,inf,1.44,0.8134,25.8,0.12708,0.4934,5,1.0,10.675852539383278
0.85,10,3,NO,0.0,1.0,5,0.82928,0.03888999871432241,0.7778,10.744,3.63370747309136,5.81,43099.0,8619.8,3624,724.8,4.862,3.18,1050.7,inf,3.74,0.849,93.8,0.07898,0.354,5,1.0,10.67014626345432
0.6,30,3,ALL,0.0,0.7,5,0.44324,0.01067487704847226,0.4292,28.794,36.67464219321028,0.54,1486691.0,297338.2,68342,13668.4,3.056,0.23,98502.0,17.452,1.1,0.5756,917.4,0.14474,0.4566,5,1.0,10.61867890339486
0.85,10,3,ALL,0.0,1.0,5,0.8111599999999999,0.031482264848641354,0.7667,9.508,1.9080801869942465,6.48,64286.0,12857.2,6937,1387.4,6.018,3.72,1213.7,inf,5.5,0.8311999999999999,93.8,0.06232,0.33140000000000003,5,1.0,10.497959906502874
0.75,30,6,ALL,0.0,0.7,5,0.50194,0.1121608799894152,0.3302,78.98,134.90580083895577,-3.69,260604.0,52120.8,3082,616.4,3.3920000000000003,-1.41,21220.3,inf,0.62,0.6176,72.2,0.23454000000000003,0.46580000000000005,4,0.8,10.42009958052212
0.75,10,6,ALL,0.0,0.7,5,0.50194,0.1121608799894152,0.3302,78.98,134.90580083895577,-3.69,260604.0,52120.8,3082,616.4,3.3920000000000003,-1.41,21220.3,inf,0.62,0.6176,74.2,0.23454000000000003,0.46580000000000005,4,0.8,10.42009958052212
0.75,30,3,ALL,0.3,0.8,5,0.70216,0.04614187902545799,0.6292,10.568000000000001,3.958531293295532,5.23,97009.0,19401.8,8230,1646.0,7.506,3.87,1024.2,inf,5.59,0.8956,182.0,0.03218,0.2012,5,1.0,10.157734353352236
0.6,30,3,ALL,0.0,1.0,5,0.6213,0.025473613799380686,0.5937,19.696,21.27337843408987,3.16,1839127.0,367825.4,120289,24057.8,4.492,2.02,86561.5,36.048,2.17,0.7712,917.4,0.1365,0.44320000000000004,5,1.0,10.007310782955066
0.75,30,9,YES,0.3,0.8,5,0.68994,0.11941803883835977,0.4969,13.87,9.754729622085893,3.23,13405.0,2681.0,845,169.0,6.814,0.69,543.5,inf,1.32,0.709,28.0,0.15106,0.5056,5,1.0,9.961635188957052
0.75,10,9,YES,0.3,0.8,5,0.68994,0.11941803883835977,0.4969,13.87,9.754729622085893,3.23,13405.0,2681.0,845,169.0,6.814,0.69,543.5,inf,1.32,0.709,28.0,0.15106,0.5056,5,1.0,9.961635188957052
0.75,50,9,YES,0.3,0.8,5,0.68994,0.11941803883835977,0.4969,13.87,9.754729622085893,3.23,13405.0,2681.0,845,169.0,6.814,0.69,543.5,inf,1.32,0.709,28.0,0.15106,0.5056,5,1.0,9.961635188957052
0.7,30,9,ALL,0.0,0.5,5,0.39938,0.05012256976652334,0.3506,22.952,26.380127368911623,0.55,39086.0,7817.2,1989,397.8,2.624,0.08,3492.5,7.787999999999999,1.03,0.5756,47.4,0.15722,0.49779999999999996,5,1.0,9.92693631554419
0.7,50,9,ALL,0.0,0.5,5,0.39938,0.05012256976652334,0.3506,22.952,26.380127368911623,0.55,39086.0,7817.2,1989,397.8,2.624,0.08,3492.5,7.787999999999999,1.03,0.5756,47.4,0.15722,0.49779999999999996,5,1.0,9.92693631554419
0.7,10,9,ALL,0.0,0.5,5,0.39938,0.05012256976652334,0.3506,22.952,26.380127368911623,0.55,39086.0,7817.2,1989,397.8,2.624,0.08,3492.5,7.787999999999999,1.03,0.5756,47.4,0.15722,0.49779999999999996,5,1.0,9.92693631554419
0.85,30,3,NO,0.0,1.0,5,0.852,0.02529179708917498,0.836,10.374,4.478853647977348,5.36,38762.0,7752.4,3046,609.2,4.706,2.11,916.5,inf,2.71,0.8268000000000001,42.6,0.10134000000000001,0.4556,5,1.0,9.742573176011327
0.7,50,6,NO,0.0,1.0,5,0.7398,0.07092376188556278,0.6491,42.648,69.13904410678528,4.63,309567.0,61913.4,8285,1657.0,4.67,2.42,11691.3,inf,3.61,0.7178,105.8,0.22512000000000004,0.4506,5,1.0,9.467477946607364
0.7,50,9,NO,0.0,0.5,5,0.44211999999999996,0.11476696824435156,0.3023,42.367999999999995,60.062898448210106,-9.76,32422.0,6484.4,902,180.4,2.244,-1.39,2166.2,inf,0.6,0.631,47.4,0.22149999999999997,0.5466,3,0.6,9.408550775894941
0.7,30,9,NO,0.0,0.5,5,0.44211999999999996,0.11476696824435156,0.3023,42.367999999999995,60.062898448210106,-9.76,32422.0,6484.4,902,180.4,2.244,-1.39,2166.2,inf,0.6,0.631,47.4,0.22149999999999997,0.5466,3,0.6,9.408550775894941
0.7,10,9,NO,0.0,0.5,5,0.44211999999999996,0.11476696824435156,0.3023,42.367999999999995,60.062898448210106,-9.76,32422.0,6484.4,902,180.4,2.244,-1.39,2166.2,inf,0.6,0.631,47.4,0.22149999999999997,0.5466,3,0.6,9.408550775894941
0.75,30,3,YES,0.3,0.8,5,0.69198,0.043272185061538036,0.6319,9.812000000000001,3.7247778457244936,4.78,41469.0,8293.8,4097,819.4,6.034000000000001,3.21,1934.7,74.638,3.65,0.7868,182.0,0.037040000000000003,0.1984,5,1.0,9.383611077137754
0.7,10,6,NO,0.0,1.0,5,0.74032,0.06871016664220801,0.6549,40.874,65.70002001521765,4.53,313420.0,62684.0,8690,1738.0,4.506,2.42,11696.6,inf,3.47,0.7178,128.4,0.21838000000000002,0.4384,5,1.0,9.38298999239118
0.85,50,3,NO,0.0,1.0,5,0.8644000000000001,0.02757435402688519,0.8256,10.368,4.332761244287527,3.93,33451.0,6690.2,2563,512.6,4.43,1.38,804.8,inf,1.61,0.8089999999999999,25.8,0.17343999999999998,0.5842,5,1.0,9.380619377856236
0.75,50,3,ALL,0.3,0.8,5,0.70202,0.05248068216020069,0.6194,10.34,4.625002702701913,4.44,82799.0,16559.8,6983,1396.6,7.2780000000000005,2.56,1286.1,inf,2.52,0.8556000000000001,108.4,0.04844,0.26139999999999997,5,1.0,9.359498648649044
0.7,30,6,NO,0.0,1.0,5,0.74042,0.06846109844283835,0.6556,40.96,65.92519965840074,4.53,313479.0,62695.8,8684,1736.8,4.5,2.42,11596.6,inf,3.47,0.7178,124.8,0.21872000000000003,0.43879999999999997,5,1.0,9.35640017079963
0.8,10,3,YES,0.3,0.8,5,0.71882,0.04388663805761383,0.6468,11.687999999999999,6.44314131460734,2.55,37395.0,7479.0,2960,592.0,6.956,1.34,641.0,inf,1.65,0.8333999999999999,229.4,0.04376,0.2408,5,1.0,9.23142934269633
0.75,50,9,ALL,0.0,0.7,5,0.5542,0.07397624618754321,0.4608,22.474,26.47875997851863,-0.13,40238.0,8047.6,1366,273.2,2.48,-0.04,1603.7,135.27,0.99,0.6554,28.0,0.22594000000000003,0.5429999999999999,4,0.8,9.195620010740685
0.75,30,9,ALL,0.0,0.7,5,0.5542,0.07397624618754321,0.4608,22.474,26.47875997851863,-0.13,40238.0,8047.6,1366,273.2,2.48,-0.04,1603.7,135.27,0.99,0.6554,28.0,0.22594000000000003,0.5429999999999999,4,0.8,9.195620010740685
0.75,10,9,ALL,0.0,0.7,5,0.5542,0.07397624618754321,0.4608,22.474,26.47875997851863,-0.13,40238.0,8047.6,1366,273.2,2.48,-0.04,1603.7,135.27,0.99,0.6554,28.0,0.22594000000000003,0.5429999999999999,4,0.8,9.195620010740685
0.85,30,3,ALL,0.0,1.0,5,0.8333999999999999,0.020098383019536707,0.815,9.581999999999999,3.3961625402798377,4.35,59874.0,11974.8,5973,1194.6,6.648000000000001,3.38,924.5,inf,4.38,0.8089999999999999,42.6,0.09292,0.41980000000000006,5,1.0,9.188918729860081
0.85,50,6,YES,0.3,0.8,5,0.73876,0.055317836183278145,0.6429,13.38,9.756546520157633,2.11,4644.0,928.8,329,65.8,3.37,0.3,325.5,3.8299999999999996,1.1,0.6684,12.4,0.1867,0.5564,5,1.0,9.134726739921184
0.7,50,3,ALL,0.0,1.0,5,0.70874,0.05248831298489215,0.6288,18.636,20.53858393366008,2.16,491222.0,98244.4,28910,5782.0,4.032,2.2,9959.5,93.154,2.44,0.7912,197.4,0.175,0.4004,5,1.0,9.014708033169958
0.65,50,9,ALL,0.3,0.8,5,0.64848,0.05079445835915563,0.5657,8.778,2.694034149746436,5.06,68018.0,13603.6,7631,1526.2,8.512,4.17,1796.6,inf,4.9,0.8734,72.4,0.0829,0.3482,5,1.0,8.948982925126781
0.65,30,9,ALL,0.3,0.8,5,0.64832,0.05066554055766105,0.5657,8.75,2.657197772089989,5.06,67847.0,13569.4,7634,1526.8,8.508,4.17,1796.6,inf,4.9,0.8734,72.6,0.08277999999999999,0.3478,5,1.0,8.939401113955006
0.65,10,9,ALL,0.3,0.8,5,0.64832,0.05066554055766105,0.5657,8.75,2.657197772089989,5.06,67847.0,13569.4,7634,1526.8,8.508,4.17,1796.6,inf,4.9,0.8734,72.6,0.08277999999999999,0.3478,5,1.0,8.939401113955006
0.7,50,6,ALL,0.0,0.5,5,0.36574,0.06177918743395708,0.2676,63.80400000000001,110.24266247691953,0.85,260968.0,52193.6,3797,759.4,2.984,0.43,11454.4,7.514,1.19,0.618,105.8,0.18766,0.4204,5,1.0,8.937668761540243
0.7,30,3,ALL,0.0,1.0,5,0.7066399999999999,0.04826912056377246,0.6353,16.36,17.022883128307026,3.16,506764.0,101352.8,33961,6792.2,4.276,2.69,9428.0,461.70799999999997,3.0,0.7712,337.4,0.15158,0.3626,5,1.0,8.796558435846487
0.7,50,6,ALL,0.3,0.8,5,0.66488,0.05280442216329989,0.5866,9.718,5.289534005940411,5.64,79374.0,15874.8,8153,1630.6,7.5920000000000005,3.33,1529.7,inf,5.21,0.7846,105.8,0.04814,0.26280000000000003,5,1.0,8.765232997029795
0.6,10,3,ALL,0.0,1.0,5,0.6209,0.025528709328910448,0.5912,17.672,19.52483213756267,2.64,1806333.0,361266.6,131245,26249.0,4.337999999999999,1.81,87365.3,29.690000000000005,2.0,0.7712,1711.6,0.11834,0.40659999999999996,5,1.0,8.701583931218666
0.7,10,6,ALL,0.3,0.8,5,0.66418,0.05304466985475542,0.5856,9.65,5.197258892916535,5.44,83837.0,16767.4,8529,1705.8,7.586,3.51,1286.6,inf,4.82,0.8068,128.4,0.04404,0.24779999999999996,5,1.0,8.683370553541733
0.85,10,3,NO,0.3,0.8,5,0.75532,0.04998746842959747,0.6712,13.613999999999999,9.274043346890288,-0.98,22113.0,4422.6,1254,250.8,5.272,-0.19,646.6,inf,0.93,0.784,93.8,0.06068,0.3106,4,0.8,8.682978326554855
0.7,30,6,ALL,0.3,0.8,5,0.66396,0.05300738627776322,0.5856,9.636000000000001,5.206268337302641,5.44,83598.0,16719.6,8518,1703.6,7.5760000000000005,3.48,1286.6,inf,4.82,0.8068,124.8,0.04418,0.24820000000000003,5,1.0,8.664865831348681
0.6,10,3,ALL,0.0,0.7,5,0.4413,0.009605467193218673,0.4291,25.6,33.750968134262465,-0.22,1435491.0,287098.2,74082,14816.4,2.852,-0.1,103687.3,14.942000000000002,0.96,0.4934,1711.6,0.12618000000000001,0.4206,4,0.8,8.658515932868768
0.75,50,3,YES,0.3,0.8,5,0.69152,0.052089557494760914,0.6199,9.32,3.7709614158726152,4.0,34610.0,6922.0,3479,695.8,5.494,2.05,2763.8,29.746,2.29,0.7268,108.4,0.056679999999999994,0.2576,5,1.0,8.634519292063692
0.7,50,6,ALL,0.0,0.7,5,0.5057400000000001,0.046346337503625906,0.4418,39.068,62.05854872618275,1.61,292143.0,58428.6,6952,1390.4,3.9840000000000004,0.92,10520.5,40.062,1.42,0.6802,105.8,0.17256,0.3932,5,1.0,8.521725636908624
0.8,50,9,NO,0.0,1.0,4,0.837475,0.02839910503284686,0.8073,19.9125,21.24925626149458,-2.92,30037.0,7509.25,1071,267.75,2.7,-0.67,1135.5,21.68,0.77,0.64175,16.0,0.33242499999999997,0.61225,3,0.75,8.411871869252712
0.8,30,9,NO,0.0,1.0,4,0.837475,0.02839910503284686,0.8073,19.9125,21.24925626149458,-2.92,30037.0,7509.25,1071,267.75,2.7,-0.67,1135.5,21.68,0.77,0.64175,16.0,0.33242499999999997,0.61225,3,0.75,8.411871869252712
0.8,10,9,NO,0.0,1.0,4,0.837475,0.02839910503284686,0.8073,19.9125,21.24925626149458,-2.92,30037.0,7509.25,1071,267.75,2.7,-0.67,1135.5,21.68,0.77,0.64175,16.0,0.33242499999999997,0.61225,3,0.75,8.411871869252712
0.55,30,3,ALL,0.0,0.5,5,0.30198,0.01738827190953717,0.2829,28.414000000000005,36.33432990988,-6.19,1314294.0,262858.8,67301,13460.2,2.504,-2.24,136323.6,7.918000000000001,0.38,0.5578000000000001,1351.4,0.10464,0.3952,4,0.8,8.389835045060007
0.8,50,3,YES,0.3,0.8,5,0.73982,0.0429505180411133,0.6699,12.148,8.385506544031793,1.12,30698.0,6139.6,2065,413.0,5.932,0.25,918.0,inf,1.1,0.7712,55.4,0.12530000000000002,0.39859999999999995,5,1.0,8.291246727984102
0.85,30,3,ALL,0.0,0.7,5,0.57232,0.03622646822421418,0.5165,12.282,11.095202566875468,4.98,19194.0,3838.8,1178,235.6,2.308,1.04,2206.2,17.392,1.41,0.6574,42.6,0.12167999999999998,0.3956,5,1.0,8.228398716562266
0.75,10,6,ALL,0.3,0.8,5,0.69388,0.07874132968143222,0.5784,12.352,10.006091644593306,2.66,53891.0,10778.2,3790,758.0,6.831999999999999,1.26,1251.3,inf,1.57,0.789,74.2,0.06038,0.2832,5,1.0,8.146954177703346
0.75,30,6,ALL,0.3,0.8,5,0.69372,0.07868746405876866,0.5784,12.34,10.007444728800655,2.66,53821.0,10764.2,3788,757.6,6.828,1.26,1251.3,inf,1.57,0.789,72.2,0.060439999999999994,0.2834,5,1.0,8.134277635599673
0.65,50,6,ALL,0.3,0.8,5,0.64266,0.030596780876425575,0.5925,7.018000000000001,1.4656977860391271,5.83,136043.0,27208.6,18004,3600.8,9.620000000000001,4.69,1301.6,inf,12.52,0.8512000000000001,177.4,0.02644,0.18860000000000002,5,1.0,8.034151106980437
0.8,50,3,ALL,0.3,0.8,5,0.74744,0.039557464529466506,0.6815,12.74,9.752645794859976,0.33,67279.0,13455.8,4149,829.8,7.25,0.09,893.4,inf,1.04,0.7912,55.4,0.11126,0.4008,5,1.0,7.962677102570012
0.7,50,6,ALL,0.0,1.0,5,0.70874,0.06463716423235166,0.6379,23.534,33.60948720227668,4.08,354130.0,70826.0,15766,3153.2,5.8100000000000005,2.58,12058.2,inf,3.78,0.829,105.8,0.16094000000000003,0.3892,5,1.0,7.953256398861658
0.75,10,3,ALL,0.3,0.8,5,0.69034,0.044808291643400125,0.6183,9.122,3.9772691636347672,2.51,103279.0,20655.8,10257,2051.4,6.8,2.34,2495.5,inf,2.27,0.8956,435.8,0.01906,0.1474,5,1.0,7.886365418182616
0.7,10,6,ALL,0.0,0.5,5,0.36336,0.05811749306362068,0.267,60.38199999999999,105.8442795809013,1.41,258814.0,51762.8,3973,794.6,2.794,0.67,11993.6,7.662000000000001,1.29,0.6202,128.4,0.17887999999999998,0.40199999999999997,5,1.0,7.8828602095493405
0.7,50,6,YES,0.3,0.8,5,0.65358,0.05229652952156582,0.5801,9.414,5.749541720867848,4.47,34003.0,6800.6,3895,779.0,5.5200000000000005,3.12,1068.9,inf,2.7,0.8468,105.8,0.0516,0.2642,5,1.0,7.880229139566076
0.65,30,6,ALL,0.3,0.8,5,0.64184,0.03082957995172816,0.5915,6.856,1.3869318656660827,5.69,137226.0,27445.2,18538,3707.6,9.272,4.78,1301.6,inf,11.67,0.8712,206.2,0.02436,0.1792,5,1.0,7.869534067166958
0.65,10,6,ALL,0.3,0.8,5,0.6418200000000001,0.030806687585652533,0.5915,6.843999999999999,1.3938543682896003,5.72,137284.0,27456.8,18559,3711.8,9.308,4.65,1301.6,inf,11.67,0.8712,211.2,0.024259999999999997,0.17880000000000001,5,1.0,7.863072815855199
0.75,50,6,ALL,0.3,0.8,5,0.69206,0.07869029800426476,0.5795,12.184000000000001,10.399982211523248,2.86,51631.0,10326.2,3679,735.8,6.843999999999999,1.36,1251.3,inf,1.63,0.789,61.8,0.06478,0.2956,5,1.0,7.8420088942383765
0.8,30,3,NO,0.3,0.8,5,0.75154,0.03308931851821672,0.7045,13.0,10.623396349567308,0.5,41177.0,8235.4,2449,489.8,6.01,0.1,723.6,inf,1.04,0.7646,94.8,0.05926,0.2992,5,1.0,7.838301825216346
0.7,10,6,YES,0.3,0.8,5,0.65234,0.05206873342035511,0.58,9.404,5.798157465954163,4.44,35982.0,7196.4,4069,813.8,5.736,3.35,811.2,inf,2.9,0.869,128.4,0.046939999999999996,0.2496,5,1.0,7.836921267022919
0.75,30,3,NO,0.3,0.8,5,0.712,0.05725176853163574,0.6263,11.248000000000001,7.736932208569493,1.37,55540.0,11108.0,4133,826.6,4.718,0.63,1101.4,inf,1.27,0.8311999999999999,182.0,0.03024,0.1888,5,1.0,7.790533895715255
0.7,30,6,YES,0.3,0.8,5,0.6519999999999999,0.05208339466663054,0.58,9.370000000000001,5.797240722964676,4.38,35771.0,7154.2,4062,812.4,5.728,3.35,877.9,inf,2.9,0.869,124.8,0.04716,0.2504,5,1.0,7.785379638517663
0.7,30,6,ALL,0.0,0.5,5,0.36314,0.057925538409237066,0.267,60.298,105.87868727935759,1.41,258557.0,51711.4,3972,794.4,2.788,0.67,11993.6,7.65,1.29,0.6202,124.8,0.17927999999999997,0.40259999999999996,5,1.0,7.781656360321206
0.75,10,3,YES,0.3,0.8,5,0.67866,0.04749613668499788,0.6211,8.534,4.336015452001988,4.54,43639.0,8727.8,5100,1020.0,5.715999999999999,2.34,1546.2,inf,2.72,0.789,435.8,0.021700000000000004,0.1432,5,1.0,7.727992273999007
0.8,30,9,ALL,0.0,0.5,4,0.40935,0.1875886368271454,0.2105,72.5875,98.96272677966522,-51.42,28494.0,7123.5,274,68.5,1.44,-5.01,989.0,86.6625,0.1,0.601,16.0,0.43905,0.677,3,0.75,7.680136610167397
0.8,10,9,ALL,0.0,0.5,4,0.40935,0.1875886368271454,0.2105,72.5875,98.96272677966522,-51.42,28494.0,7123.5,274,68.5,1.44,-5.01,989.0,86.6625,0.1,0.601,16.0,0.43905,0.677,3,0.75,7.680136610167397
0.8,50,9,ALL,0.0,0.5,4,0.40935,0.1875886368271454,0.2105,72.5875,98.96272677966522,-51.42,28494.0,7123.5,274,68.5,1.44,-5.01,989.0,86.6625,0.1,0.601,16.0,0.43905,0.677,3,0.75,7.680136610167397
0.7,30,9,YES,0.3,0.8,5,0.64584,0.059739124533257096,0.5451,8.244,3.690383448911508,4.21,18111.0,3622.2,2067,413.4,4.401999999999999,3.09,1062.7,6.268,2.88,0.7868,47.4,0.12086000000000001,0.4176,5,1.0,7.661808275544246
0.7,10,9,YES,0.3,0.8,5,0.64584,0.059739124533257096,0.5451,8.244,3.690383448911508,4.21,18111.0,3622.2,2067,413.4,4.401999999999999,3.09,1062.7,6.268,2.88,0.7868,47.4,0.12086000000000001,0.4176,5,1.0,7.661808275544246
0.7,50,9,YES,0.3,0.8,5,0.64584,0.059739124533257096,0.5451,8.244,3.690383448911508,4.21,18111.0,3622.2,2067,413.4,4.401999999999999,3.09,1062.7,6.268,2.88,0.7868,47.4,0.12086000000000001,0.4176,5,1.0,7.661808275544246
0.75,10,6,YES,0.3,0.8,5,0.68164,0.07760092138628248,0.5634,11.328,8.532497875768852,1.78,22428.0,4485.6,1841,368.2,5.046,0.82,793.2,74.592,1.38,0.7224,74.2,0.06916,0.2772,5,1.0,7.595751062115573
0.75,30,6,YES,0.3,0.8,5,0.6814199999999999,0.07746926487323856,0.5634,11.312000000000001,8.527878986008187,1.78,22394.0,4478.8,1840,368.0,5.022,0.82,793.2,74.47,1.38,0.7224,72.2,0.06924,0.2774,5,1.0,7.582060506995908
0.7,10,6,ALL,0.0,1.0,5,0.7066600000000001,0.062032354461200326,0.6377,22.496000000000002,32.098113340194935,3.73,356075.0,71215.0,16491,3298.2,5.51,2.57,12544.1,inf,3.35,0.829,128.4,0.1543,0.37439999999999996,5,1.0,7.5659433299025345
0.7,10,6,ALL,0.0,0.7,5,0.50312,0.04516488680379923,0.4402,37.29,60.25023277963331,1.22,291330.0,58266.0,7281,1456.2,3.772,0.92,11020.5,46.294000000000004,1.43,0.6599999999999999,128.4,0.16514,0.3776,5,1.0,7.530883610183345
0.7,30,6,ALL,0.0,1.0,5,0.7065400000000001,0.06196549846487153,0.6377,22.509999999999998,32.20473179518811,3.73,355632.0,71126.4,16475,3295.0,5.518000000000001,2.57,12470.5,inf,3.35,0.829,124.8,0.15460000000000002,0.375,5,1.0,7.526634102405943
0.65,50,9,YES,0.3,0.8,5,0.63906,0.043217739413347375,0.5724,9.128,4.332732394228843,1.85,28269.0,5653.8,3265,653.0,5.938000000000001,1.02,984.0,15.544,1.51,0.8312000000000002,72.4,0.0703,0.3262,5,1.0,7.516633802885578
0.55,50,3,ALL,0.0,1.0,5,0.59008,0.014257524329279637,0.574,14.388,14.475616394475228,1.2,1898994.0,379798.8,175648,35129.6,4.462,1.05,92691.4,29.607999999999997,1.57,0.729,869.4,0.10618000000000001,0.4006,5,1.0,7.510191802762386
0.65,30,9,YES,0.3,0.8,5,0.63878,0.042848652254184105,0.5724,9.07,4.269080697293037,1.85,28098.0,5619.6,3268,653.6,5.8420000000000005,1.02,984.0,12.443999999999999,1.51,0.8312000000000002,72.6,0.07016,0.3256,5,1.0,7.490459651353481
0.65,10,9,YES,0.3,0.8,5,0.63878,0.042848652254184105,0.5724,9.07,4.269080697293037,1.85,28098.0,5619.6,3268,653.6,5.8420000000000005,1.02,984.0,12.443999999999999,1.51,0.8312000000000002,72.6,0.07016,0.3256,5,1.0,7.490459651353481
0.75,50,6,ALL,0.0,1.0,5,0.7376,0.07766154131872485,0.6484,38.344,62.34491502921469,0.97,304529.0,60905.8,8506,1701.2,5.392,0.67,20347.3,inf,1.27,0.789,61.8,0.21886,0.4614,5,1.0,7.462542485392657
0.75,10,6,ALL,0.0,1.0,5,0.73934,0.07630175620521457,0.6532,37.228,60.114580344538716,0.94,306737.0,61347.4,8764,1752.8,5.4079999999999995,0.65,20253.0,inf,1.27,0.789,74.2,0.21404,0.45339999999999997,5,1.0,7.452709827730644
0.75,50,3,NO,0.3,0.8,5,0.71272,0.060506958277540275,0.6189,11.37,8.533589514383733,1.16,48187.0,9637.4,3504,700.8,5.008,0.47,1264.9,inf,1.22,0.7468,108.4,0.04446,0.2314,5,1.0,7.451205242808133
0.75,30,6,ALL,0.0,1.0,5,0.73934,0.07620999278309902,0.6534,37.276,60.226736421625894,0.94,306752.0,61350.4,8760,1752.0,5.4079999999999995,0.65,20253.0,inf,1.27,0.789,72.2,0.21412,0.45339999999999997,5,1.0,7.444631789187056
0.7,30,6,ALL,0.0,0.7,5,0.50282,0.04491933881971106,0.4401,37.274,60.36958157880507,1.14,290990.0,58198.0,7274,1454.8,3.7600000000000002,0.87,10920.5,46.278000000000006,1.4,0.6599999999999999,124.8,0.16546,0.378,5,1.0,7.4312092105974665
0.7,50,9,ALL,0.0,1.0,5,0.7047399999999999,0.08104142767745397,0.5788,9.054,5.80400551343639,4.25,78026.0,15605.2,7635,1527.0,4.2299999999999995,1.83,3004.6,inf,2.18,0.7380000000000001,47.4,0.1295,0.46159999999999995,5,1.0,7.426997243281805
0.7,30,9,ALL,0.0,1.0,5,0.7047399999999999,0.08104142767745397,0.5788,9.054,5.80400551343639,4.25,78026.0,15605.2,7635,1527.0,4.2299999999999995,1.83,3004.6,inf,2.18,0.7380000000000001,47.4,0.1295,0.46159999999999995,5,1.0,7.426997243281805
0.7,10,9,ALL,0.0,1.0,5,0.7047399999999999,0.08104142767745397,0.5788,9.054,5.80400551343639,4.25,78026.0,15605.2,7635,1527.0,4.2299999999999995,1.83,3004.6,inf,2.18,0.7380000000000001,47.4,0.1295,0.46159999999999995,5,1.0,7.426997243281805
0.75,10,9,ALL,0.0,1.0,5,0.7473799999999999,0.1083257448624287,0.557,11.708000000000002,9.790164452142774,1.92,59529.0,11905.8,3779,755.8,3.728,0.78,2281.4,inf,1.31,0.72,28.0,0.21025999999999997,0.5532,5,1.0,7.388917773928615
0.75,30,9,ALL,0.0,1.0,5,0.7473799999999999,0.1083257448624287,0.557,11.708000000000002,9.790164452142774,1.92,59529.0,11905.8,3779,755.8,3.728,0.78,2281.4,inf,1.31,0.72,28.0,0.21025999999999997,0.5532,5,1.0,7.388917773928615
0.75,50,9,ALL,0.0,1.0,5,0.7473799999999999,0.1083257448624287,0.557,11.708000000000002,9.790164452142774,1.92,59529.0,11905.8,3779,755.8,3.728,0.78,2281.4,inf,1.31,0.72,28.0,0.21025999999999997,0.5532,5,1.0,7.388917773928615
0.7,10,3,ALL,0.0,0.7,5,0.48301999999999995,0.022670178649494548,0.4622,24.439999999999998,34.299903061087505,0.08,353032.0,70606.4,17618,3523.6,2.2399999999999998,0.08,17617.1,8.25,1.04,0.5778000000000001,721.8,0.1399,0.3344,5,1.0,7.314048469456245
0.75,50,6,YES,0.3,0.8,5,0.6819,0.07811565144066837,0.5655,11.296000000000001,8.842376942881366,1.41,22158.0,4431.6,1804,360.8,5.093999999999999,0.63,905.9,inf,1.29,0.7445999999999999,61.8,0.07352,0.2872,5,1.0,7.297811528559318
0.55,50,3,ALL,0.0,0.7,5,0.43906,0.008696148572787839,0.4266,19.002000000000002,22.441748372174573,-1.66,1495271.0,299054.2,111568,22313.6,3.1260000000000003,-1.03,115889.8,10.956,0.64,0.6002000000000001,869.4,0.11012,0.40599999999999997,4,0.8,7.283125813912716
0.7,10,3,ALL,0.0,1.0,5,0.69802,0.04513022268945725,0.6298,14.132,15.266930601794195,2.08,505605.0,101121.0,40077,8015.4,3.974,2.66,9623.5,inf,2.48,0.749,721.8,0.12038,0.3116,5,1.0,7.122534699102902
0.65,50,6,YES,0.0,1.0,5,0.63826,0.03215762740004313,0.5949,9.3,6.443062160184395,3.46,100911.0,20182.2,12552,2510.4,3.0460000000000003,1.66,6898.1,7.194,2.02,0.64,177.4,0.10154,0.3358,5,1.0,7.1164689199078035
0.7,30,3,ALL,0.3,0.8,5,0.66538,0.03759710095206812,0.6009,7.587999999999999,2.678949420948443,2.84,135216.0,27043.2,17553,3510.6,6.962000000000001,3.43,2927.5,inf,3.17,0.8977999999999999,337.4,0.02028,0.1624,5,1.0,7.100525289525778
0.75,10,6,NO,0.3,0.8,5,0.70564,0.08306098964014337,0.5939,13.294,12.6300407758645,0.37,31464.0,6292.8,1949,389.8,5.544,0.14,1784.2,inf,1.06,0.6824,74.2,0.06472,0.2752,5,1.0,7.08997961206775
0.75,30,6,NO,0.3,0.8,5,0.70558,0.08298335375242437,0.5939,13.290000000000001,12.626783042406327,0.37,31427.0,6285.4,1948,389.6,5.549999999999999,0.14,1784.2,inf,1.06,0.6824,72.2,0.06476,0.2754,5,1.0,7.087608478796837
0.8,50,3,NO,0.3,0.8,5,0.7573000000000001,0.032248953471391874,0.7037,13.162,11.492983511690948,-1.19,36582.0,7316.4,2084,416.8,6.19,-0.25,383.4,inf,0.91,0.7445999999999999,55.4,0.09036,0.375,4,0.8,7.058508244154527
0.85,30,3,YES,0.0,1.0,5,0.8157,0.01623268308074793,0.799,8.9,5.849645288391424,3.58,21113.0,4222.6,2927,585.4,5.4159999999999995,3.15,796.7,inf,2.94,0.7668,42.6,0.10872,0.42519999999999997,5,1.0,7.049177355804288
0.75,10,9,YES,0.0,0.7,5,0.53664,0.0715115585063002,0.4596,16.612000000000002,18.75699256277509,-0.76,11560.0,2312.0,674,134.8,3.086,-0.16,990.7,inf,0.94,0.6534,28.0,0.2036,0.571,4,0.8,7.005503718612458
0.75,30,9,YES,0.0,0.7,5,0.53664,0.0715115585063002,0.4596,16.612000000000002,18.75699256277509,-0.76,11560.0,2312.0,674,134.8,3.086,-0.16,990.7,inf,0.94,0.6534,28.0,0.2036,0.571,4,0.8,7.005503718612458
0.75,50,9,YES,0.0,0.7,5,0.53664,0.0715115585063002,0.4596,16.612000000000002,18.75699256277509,-0.76,11560.0,2312.0,674,134.8,3.086,-0.16,990.7,inf,0.94,0.6534,28.0,0.2036,0.571,4,0.8,7.005503718612458
0.65,50,9,YES,0.0,1.0,5,0.63698,0.055378398315588696,0.5431,19.02,24.118589303688555,0.09,69904.0,13980.8,5591,1118.2,2.876,0.05,2768.3,7.2620000000000005,1.02,0.7024,72.4,0.19290000000000002,0.466,5,1.0,6.987705348155722
0.7,50,9,ALL,0.3,0.8,5,0.66026,0.0777721865450625,0.5505,8.984,5.825584090887368,3.01,39614.0,7922.8,4408,881.6,5.478,2.0,2269.5,inf,2.0,0.76,47.4,0.13540000000000002,0.4,5,1.0,6.974207954556316
0.7,10,9,ALL,0.3,0.8,5,0.66026,0.0777721865450625,0.5505,8.984,5.825584090887368,3.01,39614.0,7922.8,4408,881.6,5.478,2.0,2269.5,inf,2.0,0.76,47.4,0.13540000000000002,0.4,5,1.0,6.974207954556316
0.7,30,9,ALL,0.3,0.8,5,0.66026,0.0777721865450625,0.5505,8.984,5.825584090887368,3.01,39614.0,7922.8,4408,881.6,5.478,2.0,2269.5,inf,2.0,0.76,47.4,0.13540000000000002,0.4,5,1.0,6.974207954556316
0.65,10,9,YES,0.0,1.0,5,0.63688,0.055265604131322005,0.5431,18.994,24.136143643921244,0.09,69750.0,13950.0,5595,1119.0,2.868,0.05,2768.3,7.25,1.02,0.7024,72.6,0.19282000000000002,0.46580000000000005,5,1.0,6.952928178039378
0.65,30,9,YES,0.0,1.0,5,0.63688,0.055265604131322005,0.5431,18.994,24.136143643921244,0.09,69750.0,13950.0,5595,1119.0,2.868,0.05,2768.3,7.25,1.02,0.7024,72.6,0.19282000000000002,0.46580000000000005,5,1.0,6.952928178039378
0.8,10,3,ALL,0.3,0.8,5,0.72626,0.046624274793287644,0.6447,11.456,8.414138696265946,-1.05,80824.0,16164.8,5947,1189.4,7.078,-0.5,1649.3,inf,0.85,0.8533999999999999,229.4,0.03986,0.242,4,0.8,6.933930651867026
0.75,10,6,NO,0.0,1.0,5,0.77268,0.07909571416960592,0.6883,69.14800000000001,123.51524488904194,-1.54,286631.0,57326.2,4677,935.4,4.186,-0.72,10138.2,inf,0.77,0.7024,74.2,0.25746,0.4806,4,0.8,6.928377555479042
0.75,30,6,NO,0.0,1.0,5,0.77284,0.0788286305855937,0.6892,69.25000000000001,123.74764563416954,-1.54,286694.0,57338.8,4675,935.0,4.188000000000001,-0.72,10138.2,inf,0.77,0.7024,72.2,0.25762,0.4808,4,0.8,6.9141771829152425
0.7,50,3,ALL,0.3,0.8,5,0.66666,0.04280768622572354,0.5952,7.590000000000001,3.049335993294278,2.48,115450.0,23090.0,15054,3010.8,7.19,3.02,3453.0,inf,2.64,0.8577999999999999,197.4,0.03064,0.20739999999999997,5,1.0,6.8093320033528615
0.75,50,6,NO,0.0,1.0,5,0.7697,0.07937112195250869,0.6827,72.07199999999999,129.82443960980535,-1.6,283956.0,56791.2,4495,899.0,4.196,-0.75,10172.3,inf,0.76,0.7024,61.8,0.2629,0.49000000000000005,4,0.8,6.679780195097312
0.75,50,6,NO,0.3,0.8,5,0.70206,0.0821236445854664,0.5939,13.034,12.96468009632324,0.37,29472.0,5894.4,1875,375.0,5.74,0.14,1826.0,inf,1.06,0.7046,61.8,0.06908,0.28900000000000003,5,1.0,6.66265995183838
0.85,50,3,ALL,0.0,1.0,5,0.83354,0.032922530279430234,0.7968,8.556000000000001,4.957961274556307,1.91,48757.0,9751.4,5062,1012.4,5.864,0.93,1832.3,inf,1.46,0.7466,25.8,0.15702,0.5258,5,1.0,6.650019362721848
0.85,10,3,YES,0.0,1.0,5,0.7924599999999999,0.027689944023056426,0.7574,8.4,5.66895493014365,3.46,21187.0,4237.4,3313,662.6,4.7219999999999995,2.83,969.0,11.526,3.7,0.7068,93.8,0.07166,0.32280000000000003,5,1.0,6.603522534928175
0.85,50,6,ALL,0.0,0.7,5,0.6068800000000001,0.08366365399622466,0.4667,32.31,38.86841905712142,-20.97,16883.0,3376.6,366,73.2,2.968,-2.69,328.5,inf,0.42,0.6796,12.4,0.33994,0.6762,4,0.8,6.584790471439292
0.55,30,3,ALL,0.0,1.0,5,0.5908599999999999,0.01663619547853415,0.5699,12.99,13.455508165803328,0.76,1850606.0,370121.2,189659,37931.8,4.2700000000000005,0.71,98532.9,23.548000000000002,1.35,0.7068,1351.4,0.0925,0.36960000000000004,5,1.0,6.490245917098336
0.7,10,9,NO,0.0,1.0,5,0.7365999999999999,0.09107818070207593,0.6144,11.459999999999999,10.52423156339692,0.15,55763.0,11152.6,4171,834.2,3.1559999999999997,0.08,3267.4,inf,1.03,0.6288,47.4,0.1749,0.4673999999999999,5,1.0,6.242884218301539
0.7,50,9,NO,0.0,1.0,5,0.7365999999999999,0.09107818070207593,0.6144,11.459999999999999,10.52423156339692,0.15,55763.0,11152.6,4171,834.2,3.1559999999999997,0.08,3267.4,inf,1.03,0.6288,47.4,0.1749,0.4673999999999999,5,1.0,6.242884218301539
0.7,30,9,NO,0.0,1.0,5,0.7365999999999999,0.09107818070207593,0.6144,11.459999999999999,10.52423156339692,0.15,55763.0,11152.6,4171,834.2,3.1559999999999997,0.08,3267.4,inf,1.03,0.6288,47.4,0.1749,0.4673999999999999,5,1.0,6.242884218301539
0.65,10,6,YES,0.0,1.0,5,0.63448,0.030951768931678166,0.5933,8.512,6.520331279927424,2.99,93642.0,18728.4,13031,2606.2,2.7979999999999996,1.54,7424.3,6.026,1.71,0.6156,211.2,0.09428,0.32060000000000005,5,1.0,6.148834360036289
0.7,10,3,ALL,0.3,0.8,5,0.65968,0.034855874684190616,0.6002,6.952,2.8543773401566934,1.99,147292.0,29458.4,20791,4158.2,6.162000000000001,2.2,4676.2,inf,2.29,0.8778,721.8,0.01226,0.12079999999999999,5,1.0,6.121811329921654
0.65,30,6,YES,0.0,1.0,5,0.6341,0.03119455080619052,0.593,8.494,6.604054057925328,2.88,93166.0,18633.2,13009,2601.8,2.786,1.5,7324.3,6.024,1.69,0.6156,206.2,0.09486,0.3214,5,1.0,6.055972971037336
0.65,50,3,ALL,0.3,0.8,5,0.64044,0.02132247640402018,0.6049,5.4159999999999995,1.2238177968962538,4.15,184324.0,36864.8,33013,6602.6,9.024,5.25,1213.8,inf,8.56,0.8534,352.6,0.0164,0.146,5,1.0,6.0490911015518725
0.7,50,3,YES,0.3,0.8,5,0.65492,0.043647989644426934,0.5875,6.748,3.602453330717832,3.59,44945.0,8989.0,7276,1455.2,5.386000000000001,2.95,3319.2,8.488,3.15,0.7934,197.4,0.031180000000000003,0.2,5,1.0,6.023773334641084
0.65,50,6,YES,0.3,0.8,5,0.63204,0.023865414306062236,0.6115,7.246,3.9042323189072654,2.43,49818.0,9963.6,7155,1431.0,5.184,2.41,1733.4,7.236,2.33,0.7402,177.4,0.028499999999999998,0.1908,5,1.0,6.022883840546368
0.55,10,3,ALL,0.0,0.5,5,0.30062,0.01603720673932962,0.2809,25.357999999999997,34.409628303717554,-7.13,1237813.0,247562.6,71592,14318.4,2.248,-2.72,146617.5,7.544,0.31,0.5378000000000001,2338.8,0.09342,0.3698,3,0.6,6.014185848141221
0.7,30,3,YES,0.3,0.8,5,0.6544399999999999,0.04006685662739219,0.5951,7.109999999999999,4.05225246005231,2.9,56347.0,11269.4,8578,1715.6,6.553999999999999,2.29,2254.1,12.658,2.37,0.7912,337.4,0.020300000000000002,0.1528,5,1.0,5.953873769973844
0.7,50,3,NO,0.3,0.8,5,0.67774,0.05360277977866449,0.6022,8.431999999999999,5.821762619688301,1.39,70506.0,14101.2,7778,1555.6,4.11,1.0,2847.2,48.715999999999994,1.42,0.7445999999999999,197.4,0.02974,0.1968,5,1.0,5.938118690155848
0.55,30,3,ALL,0.0,0.7,5,0.43716,0.00847366508660804,0.4259,16.97,20.994386154398512,-2.27,1412844.0,282568.8,119717,23943.4,2.838,-1.51,125658.9,9.431999999999999,0.52,0.5801999999999999,1351.4,0.09640000000000001,0.3764,4,0.8,5.791806922800743
0.7,50,9,ALL,0.0,0.7,5,0.52806,0.040421318632622515,0.4751,13.87,15.58645726263669,-1.11,51115.0,10223.0,3637,727.4,2.9699999999999998,-0.37,3106.4,18.16,0.86,0.5932000000000001,47.4,0.13138,0.4606,4,0.8,5.743771368681654
0.7,30,9,ALL,0.0,0.7,5,0.52806,0.040421318632622515,0.4751,13.87,15.58645726263669,-1.11,51115.0,10223.0,3637,727.4,2.9699999999999998,-0.37,3106.4,18.16,0.86,0.5932000000000001,47.4,0.13138,0.4606,4,0.8,5.743771368681654
0.7,10,9,ALL,0.0,0.7,5,0.52806,0.040421318632622515,0.4751,13.87,15.58645726263669,-1.11,51115.0,10223.0,3637,727.4,2.9699999999999998,-0.37,3106.4,18.16,0.86,0.5932000000000001,47.4,0.13138,0.4606,4,0.8,5.743771368681654
0.7,30,3,NO,0.3,0.8,5,0.6756,0.04979452781179874,0.6063,8.034,5.509712333688575,1.4,78870.0,15774.0,8975,1795.0,3.732,1.0,3870.0,inf,1.44,0.7668,337.4,0.02098,0.1594,5,1.0,5.699143833155713
0.7,30,6,NO,0.3,0.8,5,0.67284,0.06447040406263949,0.5902,9.518,7.863143137448281,0.18,47827.0,9565.4,4456,891.2,4.694000000000001,0.07,4350.6,inf,1.03,0.6954,124.8,0.04502,0.233,5,1.0,5.64042843127586
0.7,50,6,NO,0.3,0.8,5,0.6732400000000001,0.06373666919442846,0.592,9.644,7.972482674800867,-0.08,45372.0,9074.4,4258,851.6,4.5200000000000005,-0.03,4352.3,inf,0.99,0.6954,105.8,0.049120000000000004,0.24700000000000003,4,0.8,5.633758662599567
0.65,30,3,ALL,0.3,0.8,5,0.63922,0.021261867274536352,0.6028,5.186,1.264725266609314,3.5,195610.0,39122.0,36649,7329.8,8.556000000000001,5.3,1054.1,inf,7.15,0.8756,586.0,0.01168,0.11839999999999999,5,1.0,5.6036373666953425
0.55,10,3,ALL,0.0,1.0,5,0.5918599999999999,0.016442718753296247,0.5695,11.79,12.65585635190286,0.43,1798551.0,359710.2,203042,40608.4,4.056,0.44,103840.6,18.936,1.2,0.6890000000000001,2338.8,0.08112,0.3416,5,1.0,5.591071824048569
0.7,10,6,NO,0.3,0.8,5,0.6728799999999999,0.06479195166068083,0.5902,9.511999999999999,7.908860221296113,0.04,47856.0,9571.2,4460,892.0,4.688000000000001,0.01,4450.6,inf,1.01,0.6954,128.4,0.04486,0.2326,5,1.0,5.569569889351942
0.65,30,6,YES,0.3,0.8,5,0.6297,0.02556335267526541,0.6096,6.882,4.073858122222717,2.31,48177.0,9635.4,7405,1481.0,5.022,1.74,1650.0,7.095999999999999,1.9,0.7624000000000001,206.2,0.026119999999999997,0.1802,5,1.0,5.538070938888641
0.6,50,9,ALL,0.3,0.8,5,0.60358,0.03213326936369843,0.568,5.598000000000001,2.0237885265017193,3.09,85405.0,17081.0,16851,3370.2,6.054,3.94,2400.6,11.506,6.79,0.7646000000000001,110.4,0.06502,0.3134,5,1.0,5.513105736749141
0.75,10,9,ALL,0.3,0.8,5,0.6812400000000001,0.1085108427761945,0.5016,11.394,11.017523768978217,-1.28,25771.0,5154.2,1839,367.8,4.624,-0.52,986.7,inf,0.84,0.68,28.0,0.17716,0.40140000000000003,4,0.8,5.501238115510891
0.75,50,9,ALL,0.3,0.8,5,0.6812400000000001,0.1085108427761945,0.5016,11.394,11.017523768978217,-1.28,25771.0,5154.2,1839,367.8,4.624,-0.52,986.7,inf,0.84,0.68,28.0,0.17716,0.40140000000000003,4,0.8,5.501238115510891
0.75,30,9,ALL,0.3,0.8,5,0.6812400000000001,0.1085108427761945,0.5016,11.394,11.017523768978217,-1.28,25771.0,5154.2,1839,367.8,4.624,-0.52,986.7,inf,0.84,0.68,28.0,0.17716,0.40140000000000003,4,0.8,5.501238115510891
0.6,10,9,ALL,0.3,0.8,5,0.60354,0.03213538548080601,0.568,5.5920000000000005,2.033105998220457,3.06,85234.0,17046.8,16854,3370.8,6.048,3.94,2400.6,11.48,6.79,0.7646000000000001,110.6,0.06498000000000001,0.3132,5,1.0,5.4934470008897724
0.6,30,9,ALL,0.3,0.8,5,0.60354,0.03213538548080601,0.568,5.5920000000000005,2.033105998220457,3.06,85234.0,17046.8,16854,3370.8,6.048,3.94,2400.6,11.48,6.79,0.7646000000000001,110.6,0.06498000000000001,0.3132,5,1.0,5.4934470008897724
0.65,10,6,YES,0.3,0.8,5,0.6298600000000001,0.025912892544060016,0.609,6.888,4.1235021522972435,2.15,48368.0,9673.6,7417,1483.4,5.01,1.77,1750.0,7.128,1.93,0.7624000000000001,211.2,0.0259,0.1794,5,1.0,5.471248923851378
0.75,10,3,NO,0.3,0.8,5,0.70214,0.05672920764473977,0.6153,9.718,7.9028931411224335,-1.26,59639.0,11927.8,5157,1031.4,3.7260000000000004,-0.53,3491.3,inf,0.83,0.7868,435.8,0.0188,0.13520000000000001,4,0.8,5.388553429438783
0.8,30,3,ALL,0.0,1.0,5,0.7961199999999999,0.03275296933103927,0.7458,9.605999999999998,7.825661633370049,-1.45,111928.0,22385.6,12623,2524.6,5.936,-0.66,15065.9,inf,0.77,0.7668,94.8,0.119,0.3504,4,0.8,5.2581691833149735
0.65,50,6,YES,0.0,0.7,5,0.46078,0.020153089093238288,0.4452,10.780000000000001,11.458662661933985,0.58,63343.0,12668.6,6959,1391.8,1.9080000000000001,0.17,8578.8,3.5620000000000003,1.07,0.5334,177.4,0.11824000000000001,0.3538,5,1.0,5.224668669033009
0.85,30,3,YES,0.0,0.7,5,0.54408,0.030085744132396022,0.5,10.303999999999998,12.0287875531992,3.1,5098.0,1019.6,630,126.0,1.862,0.68,1415.2,2.456,1.29,0.6374000000000001,42.6,0.13252,0.3946,5,1.0,5.219606223400398
0.7,30,9,NO,0.0,0.7,5,0.55892,0.08186383206276142,0.4706,21.768,30.525682957142827,-4.6,37349.0,7469.8,1768,353.6,2.006,-1.37,3049.3,inf,0.63,0.6288,47.4,0.18844,0.4596,3,0.6,5.125158521428587
0.7,10,9,NO,0.0,0.7,5,0.55892,0.08186383206276142,0.4706,21.768,30.525682957142827,-4.6,37349.0,7469.8,1768,353.6,2.006,-1.37,3049.3,inf,0.63,0.6288,47.4,0.18844,0.4596,3,0.6,5.125158521428587
0.7,50,9,NO,0.0,0.7,5,0.55892,0.08186383206276142,0.4706,21.768,30.525682957142827,-4.6,37349.0,7469.8,1768,353.6,2.006,-1.37,3049.3,inf,0.63,0.6288,47.4,0.18844,0.4596,3,0.6,5.125158521428587
0.8,50,9,ALL,0.0,1.0,4,0.8106249999999999,0.05116915574836071,0.743,16.34,17.417525656648248,-8.53,43416.0,10854.0,1892,473.0,3.085,-2.83,2023.5,inf,0.36,0.7777499999999999,16.0,0.38165,0.6399999999999999,3,0.75,5.0722371716758765
0.8,10,9,ALL,0.0,1.0,4,0.8106249999999999,0.05116915574836071,0.743,16.34,17.417525656648248,-8.53,43416.0,10854.0,1892,473.0,3.085,-2.83,2023.5,inf,0.36,0.7777499999999999,16.0,0.38165,0.6399999999999999,3,0.75,5.0722371716758765
0.8,30,9,ALL,0.0,1.0,4,0.8106249999999999,0.05116915574836071,0.743,16.34,17.417525656648248,-8.53,43416.0,10854.0,1892,473.0,3.085,-2.83,2023.5,inf,0.36,0.7777499999999999,16.0,0.38165,0.6399999999999999,3,0.75,5.0722371716758765
0.7,50,6,YES,0.0,1.0,5,0.67316,0.061243309838708127,0.591,5.7299999999999995,2.896661871879423,2.38,44562.0,8912.4,7481,1496.2,3.508,2.74,3778.3,4.098000000000001,2.42,0.6602,105.8,0.05884,0.25680000000000003,5,1.0,4.995669064060289
0.6,50,6,ALL,0.3,0.8,5,0.6106199999999999,0.02617932390265262,0.5828,4.628,1.5602147288113901,3.39,172559.0,34511.8,35442,7088.4,8.416,3.67,4446.9,inf,4.76,0.8244,269.2,0.02094,0.164,5,1.0,4.864892635594305
0.65,50,6,NO,0.3,0.8,5,0.64932,0.04770499973797294,0.5766,6.616,4.692342698482284,1.86,86225.0,17245.0,10849,2169.8,4.186,1.44,6294.7,25.107999999999997,1.62,0.7246,177.4,0.027600000000000003,0.1826,5,1.0,4.827828650758858
0.7,10,3,ALL,0.0,0.5,5,0.30914,0.028339071967867977,0.278,41.258,66.51338977980299,-10.6,279750.0,55950.0,8984,1796.8,0.4539999999999999,-2.62,26644.7,4.2780000000000005,0.27,0.46900000000000003,721.8,0.16402,0.35960000000000003,3,0.6,4.821305110098507
0.6,30,6,ALL,0.3,0.8,5,0.61066,0.026042522919256406,0.5833,4.558,1.4994398954276225,3.36,173766.0,34753.2,36116,7223.2,8.172,3.5,4803.6,inf,4.29,0.8268000000000001,306.2,0.019639999999999998,0.15760000000000002,5,1.0,4.816280052286189
0.6,10,6,ALL,0.3,0.8,5,0.61064,0.02610982573668389,0.583,4.55,1.5113404646207287,3.36,173758.0,34751.6,36139,7227.8,8.228,3.5,4877.2,inf,4.25,0.8268000000000001,311.4,0.019540000000000002,0.1574,5,1.0,4.802329767689636
0.6,10,9,NO,0.3,0.8,5,0.61296,0.03727067211629007,0.5846,5.426,2.3749063139416684,1.84,54933.0,10986.6,9397,1879.4,3.522,0.96,5712.9,12.36,1.43,0.6134000000000001,110.6,0.06542,0.3106,5,1.0,4.790546843029166
0.6,50,9,NO,0.3,0.8,5,0.61296,0.03727067211629007,0.5846,5.426,2.3749063139416684,1.84,54933.0,10986.6,9397,1879.4,3.522,0.96,5712.9,12.36,1.43,0.6134000000000001,110.4,0.06542,0.3106,5,1.0,4.790546843029166
0.6,30,9,NO,0.3,0.8,5,0.61296,0.03727067211629007,0.5846,5.426,2.3749063139416684,1.84,54933.0,10986.6,9397,1879.4,3.522,0.96,5712.9,12.36,1.43,0.6134000000000001,110.6,0.06542,0.3106,5,1.0,4.790546843029166
0.65,10,3,ALL,0.3,0.8,5,0.63632,0.021062692135622216,0.6002,4.782,1.5624243981709964,2.58,204981.0,40996.2,41201,8240.2,7.0840000000000005,4.22,4257.8,inf,4.41,0.8333999999999999,1155.6,0.0076,0.09240000000000001,5,1.0,4.774787800914502
0.7,10,3,YES,0.3,0.8,5,0.64618,0.037800158729825444,0.5958,6.39,4.521697690027496,2.15,58924.0,11784.8,10166,2033.2,5.358,1.55,2003.3,9.988,1.86,0.7712,721.8,0.0124,0.11399999999999999,5,1.0,4.774151154986251
0.65,30,6,NO,0.3,0.8,5,0.64924,0.04773670495541141,0.5762,6.536,4.674893581676486,1.75,89050.0,17810.0,11133,2226.6,4.018,1.33,6549.6,26.392000000000003,1.57,0.6602,206.2,0.025419999999999998,0.1742,5,1.0,4.723553209161757
0.85,50,3,ALL,0.0,0.7,5,0.57508,0.04712199062009158,0.5047,11.55,13.22862993661853,-0.77,15246.0,3049.2,927,185.4,1.764,-0.19,2741.0,inf,0.94,0.6599999999999999,25.8,0.18616,0.46559999999999996,4,0.8,4.704685031690736
0.65,10,6,NO,0.3,0.8,5,0.64906,0.04768823754344458,0.5762,6.502,4.6698683064943065,1.75,88917.0,17783.4,11142,2228.4,4.008,1.28,6649.6,26.401999999999997,1.55,0.6602,211.2,0.02536,0.1738,5,1.0,4.692065846752847
0.65,50,9,YES,0.0,0.7,5,0.46840000000000004,0.025425184365113263,0.4458,26.830000000000002,42.637776677495744,-2.74,54471.0,10894.2,3119,623.8,1.988,-0.81,3179.6,5.529999999999999,0.72,0.5780000000000001,72.4,0.20579999999999998,0.47779999999999995,4,0.8,4.68911166125213
0.75,30,9,YES,0.0,1.0,5,0.71992,0.10753081883813588,0.5492,9.636000000000001,8.66365569491309,-2.23,18973.0,3794.6,1641,328.2,4.618,-0.91,931.2,inf,0.71,0.749,28.0,0.17944,0.5624,4,0.8,4.635172152543457
0.75,50,9,YES,0.0,1.0,5,0.71992,0.10753081883813588,0.5492,9.636000000000001,8.66365569491309,-2.23,18973.0,3794.6,1641,328.2,4.618,-0.91,931.2,inf,0.71,0.749,28.0,0.17944,0.5624,4,0.8,4.635172152543457
0.75,10,9,YES,0.0,1.0,5,0.71992,0.10753081883813588,0.5492,9.636000000000001,8.66365569491309,-2.23,18973.0,3794.6,1641,328.2,4.618,-0.91,931.2,inf,0.71,0.749,28.0,0.17944,0.5624,4,0.8,4.635172152543457
0.65,10,9,YES,0.0,0.7,5,0.46812,0.025325323295073646,0.4458,26.768,42.67813456560631,-2.74,54271.0,10854.2,3121,624.2,1.9760000000000002,-0.81,3279.6,5.52,0.72,0.5780000000000001,72.6,0.20566,0.4774,4,0.8,4.606932717196847
0.65,30,9,YES,0.0,0.7,5,0.46812,0.025325323295073646,0.4458,26.768,42.67813456560631,-2.74,54271.0,10854.2,3121,624.2,1.9760000000000002,-0.81,3279.6,5.52,0.72,0.5780000000000001,72.6,0.20566,0.4774,4,0.8,4.606932717196847
0.85,10,3,NO,0.0,0.7,5,0.57524,0.10784919100299269,0.4419,22.242,25.690610541596712,-16.0,16349.0,3269.8,703,140.6,1.81,-3.52,1755.5,10.772,0.24,0.6038,93.8,0.12528,0.3766,4,0.8,4.596694729201645
0.8,10,3,ALL,0.0,1.0,5,0.7787,0.034750827328281005,0.7388,8.35,6.4451338232809405,-1.81,116123.0,23224.6,14839,2967.8,5.918,-0.88,15596.2,inf,0.71,0.8089999999999999,229.4,0.07324,0.261,4,0.8,4.584433088359529
0.7,10,3,NO,0.3,0.8,5,0.6724399999999999,0.051212137233276986,0.6041,7.497999999999999,6.008416596741607,0.28,88367.0,17673.4,10625,2125.0,3.138,0.17,5548.5,inf,1.07,0.6624000000000001,721.8,0.01302,0.11879999999999999,5,1.0,4.577791701629195
0.85,50,6,ALL,0.0,1.0,5,0.8350200000000001,0.047211513426281944,0.7742,11.959999999999999,12.858133612620456,-3.3,31489.0,6297.8,2027,405.4,4.279999999999999,-1.18,1203.6,inf,0.64,0.7666000000000001,12.4,0.25056,0.605,4,0.8,4.540933193689771
0.85,50,6,ALL,0.3,0.8,5,0.7510399999999999,0.09077688582453136,0.6,14.338,15.499024808032278,-6.97,12547.0,2509.4,677,135.4,5.792,-0.94,321.5,inf,0.72,0.8556000000000001,12.4,0.19634000000000001,0.5982000000000001,4,0.8,4.497487595983861
0.85,50,3,YES,0.3,0.8,5,0.73092,0.057315547628893834,0.6709,8.616,7.33554224307924,-1.56,8955.0,1791.0,772,154.4,3.396,-0.65,448.9,inf,0.81,0.7327999999999999,25.8,0.13466,0.42699999999999994,4,0.8,4.48022887846038
0.65,50,3,YES,0.3,0.8,5,0.62856,0.019506357937862227,0.6069,5.2459999999999996,2.7750909894992626,2.02,63002.0,12600.4,13187,2637.4,5.172,1.68,2278.9,10.338000000000001,1.94,0.7424000000000001,352.6,0.0167,0.1358,5,1.0,4.464454505250369
0.55,10,3,ALL,0.0,0.7,5,0.43579999999999997,0.00817587915761968,0.426,15.197999999999999,19.838511032837115,-2.84,1336469.0,267293.8,127039,25407.8,2.566,-2.0,133635.9,8.922,0.42,0.5602,2338.8,0.08502,0.3496,4,0.8,4.426744483581441
0.7,10,6,YES,0.0,1.0,5,0.66818,0.057584260002191565,0.5901,5.154000000000001,2.694908161700506,2.06,42655.0,8531.0,7801,1560.2,3.278,2.38,4152.0,3.964,2.22,0.6824,128.4,0.053720000000000004,0.2408,5,1.0,4.424545919149748
0.85,10,6,ALL,0.0,1.0,5,0.8377000000000001,0.047715039557774654,0.7794,11.824000000000002,12.890792450427552,-3.34,32636.0,6527.2,2095,419.0,4.404,-1.18,1163.0,inf,0.65,0.7666000000000001,17.2,0.2152,0.5304,3,0.6,4.376603774786226
0.7,30,6,YES,0.0,1.0,5,0.6678599999999999,0.05763725357787272,0.5901,5.09,2.6437662529051242,2.02,42153.0,8430.6,7791,1558.2,3.2980000000000005,2.34,4152.0,3.9120000000000004,2.19,0.6824,124.8,0.05402,0.24180000000000001,5,1.0,4.374116873547438
0.85,30,6,ALL,0.0,1.0,5,0.8375199999999999,0.04787376108057521,0.7794,11.809999999999999,12.903600272792087,-3.34,32584.0,6516.8,2093,418.6,4.402,-1.18,1178.1,inf,0.65,0.7666000000000001,16.4,0.21562,0.5307999999999999,3,0.6,4.356199863603956
0.65,50,3,NO,0.3,0.8,5,0.6472,0.030077317034602695,0.6032,5.282,3.021881864004614,1.77,121322.0,24264.4,19826,3965.2,4.2299999999999995,1.92,4903.4,19.706,1.9,0.6577999999999999,352.6,0.0165,0.13820000000000002,5,1.0,4.302059067997693
0.75,30,3,YES,0.0,1.0,5,0.7254400000000001,0.02992896590261681,0.6884,7.159999999999999,6.233766918966412,0.86,51981.0,10396.2,8979,1795.8,3.0159999999999996,0.5,6370.3,5.130000000000001,1.22,0.6424000000000001,182.0,0.06576000000000001,0.271,5,1.0,4.3011165405167935
0.85,10,6,YES,0.3,0.8,5,0.73074,0.07541437528747415,0.6,11.652,12.077105199508697,-4.7,4668.0,933.6,339,67.8,2.934,-0.58,325.5,3.508,0.82,0.6756,17.2,0.158,0.4918,4,0.8,4.203447400245651
0.85,30,6,YES,0.3,0.8,5,0.73074,0.07541437528747415,0.6,11.652,12.077105199508697,-4.7,4668.0,933.6,339,67.8,2.934,-0.58,325.5,3.508,0.82,0.6756,16.4,0.158,0.4918,4,0.8,4.203447400245651
0.85,50,3,NO,0.0,0.7,4,0.664575,0.10079571336784778,0.56,25.08,34.92750301219179,-11.62,13284.0,3321.0,422,105.5,2.0300000000000002,-1.3,960.7,inf,0.51,0.675,30.25,0.20277499999999998,0.486,3,0.75,4.130248493904102
0.7,10,9,YES,0.0,1.0,5,0.66266,0.0712934639360439,0.5381,5.5840000000000005,3.509391685178502,0.51,22261.0,4452.2,3464,692.8,3.036,0.24,1322.9,3.946,1.09,0.6602,47.4,0.08974,0.384,5,1.0,3.98230415741075
0.7,50,9,YES,0.0,1.0,5,0.66266,0.0712934639360439,0.5381,5.5840000000000005,3.509391685178502,0.51,22261.0,4452.2,3464,692.8,3.036,0.24,1322.9,3.946,1.09,0.6602,47.4,0.08974,0.384,5,1.0,3.98230415741075
0.7,30,9,YES,0.0,1.0,5,0.66266,0.0712934639360439,0.5381,5.5840000000000005,3.509391685178502,0.51,22261.0,4452.2,3464,692.8,3.036,0.24,1322.9,3.946,1.09,0.6602,47.4,0.08974,0.384,5,1.0,3.98230415741075
0.6,50,6,YES,0.3,0.8,5,0.59558,0.02093769328268995,0.5584,4.756,3.167977272645749,2.69,57919.0,11583.8,13984,2796.8,4.264,1.5,2439.3,6.686,1.85,0.7424000000000001,269.2,0.0223,0.1538,5,1.0,3.9790113636771256
0.75,50,3,YES,0.0,1.0,5,0.72646,0.03610523507747872,0.6791,6.382,5.27309870948762,0.64,45215.0,9043.0,7689,1537.8,2.972,0.31,7349.9,7.2780000000000005,1.13,0.6668000000000001,108.4,0.08868000000000001,0.3082,5,1.0,3.93745064525619
0.85,50,6,YES,0.0,1.0,5,0.8069600000000001,0.044194603742991063,0.7576,11.940000000000001,14.992733239806544,-1.86,12129.0,2425.8,1000,200.0,3.1119999999999997,-0.76,968.8,9.544,0.77,0.6846,12.4,0.28142,0.6108,3,0.6,3.8856333800967295
0.85,10,6,NO,0.0,1.0,5,0.86846,0.0538916783928651,0.8065,11.35,12.17343419089289,-4.7,20281.0,4056.2,1073,214.6,3.692,-1.35,416.8,inf,0.6,0.7378,17.2,0.20886,0.507,4,0.8,3.853282904553555
0.85,30,6,NO,0.0,1.0,5,0.86844,0.05387687815751766,0.8065,11.346,12.168676181080668,-4.7,20244.0,4048.8,1072,214.4,3.694,-1.35,416.8,inf,0.6,0.7378,16.4,0.209,0.5072,4,0.8,3.851661909459666
0.65,10,9,NO,0.3,0.8,5,0.6502,0.06538963985219677,0.5598,7.514,6.327011932974364,-1.74,39748.0,7949.6,4366,873.2,3.156,-0.72,4443.5,39.227999999999994,0.75,0.6355999999999999,72.6,0.08682,0.33680000000000004,4,0.8,3.8284940335128184
0.65,50,9,NO,0.3,0.8,5,0.6502,0.06538963985219677,0.5598,7.514,6.327011932974364,-1.74,39748.0,7949.6,4366,873.2,3.156,-0.72,4443.5,39.227999999999994,0.75,0.6355999999999999,72.4,0.08682,0.33680000000000004,4,0.8,3.8284940335128184
0.65,30,9,NO,0.3,0.8,5,0.6502,0.06538963985219677,0.5598,7.514,6.327011932974364,-1.74,39748.0,7949.6,4366,873.2,3.156,-0.72,4443.5,39.227999999999994,0.75,0.6355999999999999,72.6,0.08682,0.33680000000000004,4,0.8,3.8284940335128184
0.8,10,3,NO,0.0,1.0,5,0.80214,0.049141459074797576,0.7449,8.854,9.025778636771456,-1.87,81823.0,16364.6,7717,1543.4,4.392,-0.91,8608.0,inf,0.69,0.7468,229.4,0.07254000000000001,0.2606,4,0.8,3.7801106816142713
0.85,50,6,YES,0.0,0.7,5,0.57292,0.05282865699599034,0.5,31.798000000000002,47.15044930856969,-14.87,6045.0,1209.0,200,40.0,2.402,-1.95,556.8,5.3,0.56,0.595,12.4,0.31016,0.6288,4,0.8,3.761775345715157
0.65,50,3,YES,0.0,1.0,5,0.63956,0.026988201125677142,0.5939,6.564,5.707655385532663,-0.14,109032.0,21806.4,22754,4550.8,2.7199999999999998,-0.11,10296.1,5.982,0.96,0.618,352.6,0.05988,0.26680000000000004,4,0.8,3.668172307233669
0.8,10,3,NO,0.3,0.8,5,0.7336,0.05362849056238671,0.642,11.024,11.414080339650672,-5.52,43429.0,8685.8,2987,597.4,4.718,-1.39,1502.2,inf,0.56,0.7646,229.4,0.03648,0.2104,4,0.8,3.6609598301746633
0.55,50,6,ALL,0.3,0.8,5,0.59714,0.012559578018388988,0.5873,3.532,1.138011423492752,2.3,205379.0,41075.8,58371,11674.2,8.414,4.28,4893.6,inf,6.0,0.869,394.2,0.0144,0.1196,5,1.0,3.6529942882536237
0.55,10,6,ALL,0.3,0.8,5,0.59724,0.012630241486210812,0.5877,3.4840000000000004,1.151598888502416,2.27,205483.0,41096.6,59142,11828.4,8.15,4.05,5862.5,inf,5.18,0.849,441.0,0.01366,0.1162,5,1.0,3.5892005557487927
0.55,30,6,ALL,0.3,0.8,5,0.59722,0.012616338613084274,0.5877,3.4840000000000004,1.1552185940331814,2.27,205234.0,41046.8,59111,11822.2,8.138,4.05,5788.9,inf,5.23,0.849,435.4,0.0137,0.11640000000000002,5,1.0,3.58739070298341
0.65,30,3,NO,0.3,0.8,5,0.6462600000000001,0.03172054539253697,0.5997,5.002,3.3535086103959837,0.81,128205.0,25641.0,21561,4312.2,3.6,0.82,6864.6,29.380000000000003,1.32,0.6178,586.0,0.01246,0.1166,5,1.0,3.5682456948020076
0.6,10,6,YES,0.3,0.8,5,0.59478,0.02035919939486814,0.5586,4.538,3.1697428917816035,1.97,55929.0,11185.8,14314,2862.8,4.11,1.05,2639.3,6.426,1.55,0.7202,311.4,0.02076,0.1474,5,1.0,3.5441285541091982
0.6,30,6,YES,0.3,0.8,5,0.59462,0.020109127280914067,0.5589,4.53,3.164901262282917,1.94,55739.0,11147.8,14302,2860.4,4.108,1.03,2639.3,6.44,1.53,0.7202,306.2,0.02084,0.1478,5,1.0,3.5295493688585413
0.8,50,3,ALL,0.0,1.0,5,0.7933,0.0369819550591907,0.7468,7.758,7.201345013259675,-2.19,90237.0,18047.4,10815,2163.0,4.9079999999999995,-0.9,15354.5,inf,0.69,0.7668,55.4,0.1715,0.4202,4,0.8,3.500327493370163
0.65,10,6,YES,0.0,0.7,5,0.45603999999999995,0.02058028182508683,0.4368,9.363999999999999,11.443606511934949,-0.48,55493.0,11098.6,7261,1452.2,1.626,-0.14,10138.8,3.11,0.94,0.5134000000000001,211.2,0.10966000000000001,0.337,4,0.8,3.4981967440325246
0.65,30,3,YES,0.3,0.8,5,0.62714,0.022062366146902747,0.6064,5.036,3.5009684374469874,0.57,67405.0,13481.0,15088,3017.6,5.372,0.42,1891.6,15.4,1.21,0.7445999999999999,586.0,0.011359999999999999,0.1066,5,1.0,3.4565157812765057
0.85,10,6,YES,0.0,1.0,5,0.80984,0.044512840843963224,0.7568,11.63,15.04318450328919,-2.21,12355.0,2471.0,1022,204.4,3.1439999999999997,-0.76,928.2,10.24,0.77,0.6622,17.2,0.25054,0.5609999999999999,3,0.6,3.445407748355406
0.55,50,9,ALL,0.3,0.8,5,0.58602,0.019904069935568446,0.5671,3.9539999999999997,1.8416921566863447,1.29,91552.0,18310.4,27171,5434.2,5.287999999999999,3.43,2866.9,12.712,3.1,0.7668,145.8,0.04672,0.2446,5,1.0,3.4201539216568273
0.85,30,6,YES,0.0,1.0,5,0.80952,0.04481982820136637,0.7568,11.606,15.070019243517908,-2.21,12339.0,2467.8,1021,204.2,3.136,-0.8,943.3,10.238,0.76,0.6622,16.4,0.25101999999999997,0.5614,3,0.6,3.407990378241046
0.55,10,9,ALL,0.3,0.8,5,0.5860000000000001,0.019910675528469604,0.5671,3.9479999999999995,1.852557691409366,1.26,91381.0,18276.2,27174,5434.8,5.279999999999999,3.39,2866.9,12.706,3.07,0.7668,146.0,0.046700000000000005,0.2444,5,1.0,3.3997211542953165
0.55,30,9,ALL,0.3,0.8,5,0.5860000000000001,0.019910675528469604,0.5671,3.9479999999999995,1.852557691409366,1.26,91381.0,18276.2,27174,5434.8,5.279999999999999,3.39,2866.9,12.706,3.07,0.7668,146.0,0.046700000000000005,0.2444,5,1.0,3.3997211542953165
0.65,30,6,YES,0.0,0.7,5,0.45600000000000007,0.02041261864631777,0.4363,9.366,11.592063233091855,-0.67,55309.0,11061.8,7252,1450.4,1.616,-0.2,10038.8,3.1119999999999997,0.92,0.5134000000000001,206.2,0.11016000000000001,0.3376,4,0.8,3.3689683834540722
0.6,50,6,NO,0.3,0.8,5,0.62004,0.031231922771420877,0.5931,4.354,2.9586027107403248,1.63,114644.0,22928.8,21458,4291.6,3.804,1.31,9654.8,26.714,1.54,0.6602,269.2,0.020560000000000002,0.1606,5,1.0,3.363698644629838
0.75,10,9,NO,0.0,1.0,5,0.7654799999999999,0.11557524388899207,0.5652,12.966,17.050131377792958,-3.8,40556.0,8111.2,2138,427.6,2.242,-1.36,2483.2,243.762,0.63,0.5509999999999999,28.0,0.21284,0.4486,3,0.6,3.3009343111035205
0.75,50,9,NO,0.0,1.0,5,0.7654799999999999,0.11557524388899207,0.5652,12.966,17.050131377792958,-3.8,40556.0,8111.2,2138,427.6,2.242,-1.36,2483.2,243.762,0.63,0.5509999999999999,28.0,0.21284,0.4486,3,0.6,3.3009343111035205
0.75,30,9,NO,0.0,1.0,5,0.7654799999999999,0.11557524388899207,0.5652,12.966,17.050131377792958,-3.8,40556.0,8111.2,2138,427.6,2.242,-1.36,2483.2,243.762,0.63,0.5509999999999999,28.0,0.21284,0.4486,3,0.6,3.3009343111035205
0.6,50,6,YES,0.0,1.0,5,0.5862999999999999,0.02335508509939534,0.5609,27.038,47.44751489804287,-0.08,488735.0,97747.0,22238,4447.6,2.352,-0.06,12960.7,11.080000000000002,0.98,0.5556,269.2,0.1854,0.4018,4,0.8,3.290242550978566
0.6,30,6,NO,0.3,0.8,5,0.62054,0.032074881137737724,0.5928,4.352,3.0845858717176284,1.57,118026.0,23605.2,21814,4362.8,3.588,1.21,10009.7,27.32,1.49,0.6602,306.2,0.0193,0.1548,5,1.0,3.280707064141186
0.6,10,6,NO,0.3,0.8,5,0.62048,0.0321243988270598,0.5928,4.336,3.090789543142658,1.57,117830.0,23566.0,21825,4365.0,3.5839999999999996,1.17,10109.7,27.303999999999995,1.47,0.6602,311.4,0.01924,0.15460000000000002,5,1.0,3.2616052284286714
0.85,50,6,NO,0.0,1.0,5,0.8670199999999999,0.0565615328646599,0.7931,11.136000000000001,12.275285332732597,-6.01,19361.0,3872.2,1027,205.4,4.242,-1.61,409.5,inf,0.54,0.76,12.4,0.25012,0.608,4,0.8,3.1953573336337024
0.6,50,3,ALL,0.3,0.8,5,0.61122,0.019056153861679467,0.5873,3.114,1.0493235916532135,1.59,225656.0,45131.2,65284,13056.8,6.372,3.09,7081.3,29.669999999999998,2.86,0.7668,561.2,0.01236,0.11200000000000002,5,1.0,3.066338204173393
0.8,30,3,YES,0.0,1.0,5,0.77632,0.02875355630178638,0.7254,10.086,13.099569840265747,-1.59,37469.0,7493.8,6132,1226.4,4.044,-0.65,7378.0,11.244,0.79,0.7246,94.8,0.10782,0.35019999999999996,4,0.8,3.0592150798671267
0.6,50,9,YES,0.3,0.8,5,0.58788,0.02539186877722863,0.5481,5.3020000000000005,4.743471302748653,-0.34,30471.0,6094.2,7454,1490.8,3.336,-0.18,3191.6,4.214,0.93,0.6802,110.4,0.05741999999999999,0.2772,4,0.8,2.828264348625674
0.6,30,9,YES,0.3,0.8,5,0.58782,0.02538359706582183,0.5481,5.29,4.756721560066345,-0.34,30300.0,6060.0,7457,1491.4,3.318,-0.18,3291.6,4.2,0.93,0.6802,110.6,0.05734,0.277,4,0.8,2.8096392199668276
0.6,10,9,YES,0.3,0.8,5,0.58782,0.02538359706582183,0.5481,5.29,4.756721560066345,-0.34,30300.0,6060.0,7457,1491.4,3.318,-0.18,3291.6,4.2,0.93,0.6802,110.6,0.05734,0.277,4,0.8,2.8096392199668276
0.6,10,6,YES,0.0,1.0,5,0.5848000000000001,0.021506045661627355,0.5601,25.977999999999998,46.098527308364204,-0.4,479116.0,95823.2,22840,4568.0,2.194,-0.3,13489.9,10.464,0.89,0.5980000000000001,311.4,0.18059999999999998,0.3926,4,0.8,2.8087363458178958
0.6,30,3,ALL,0.3,0.8,5,0.61022,0.019239464649516647,0.5839,2.944,1.0587398169522104,1.26,230857.0,46171.4,71220,14244.0,6.0600000000000005,2.22,6693.1,36.154,2.47,0.7224,917.4,0.00908,0.0938,5,1.0,2.792630091523895
0.6,30,6,YES,0.0,1.0,5,0.58462,0.02154998839906884,0.56,26.018,46.195629338715584,-0.45,478740.0,95748.0,22817,4563.4,2.19,-0.34,13798.8,10.448,0.88,0.5780000000000001,306.2,0.181,0.3934,4,0.8,2.785185330642209
0.8,50,9,YES,0.3,0.8,4,0.7419,0.1485262490830044,0.5217,17.335,21.054813384750446,-13.57,9574.0,2393.5,366,91.5,5.3125,-2.5,236.8,inf,0.45,0.75625,16.0,0.1985,0.5235000000000001,3,0.75,2.736593307624778
0.8,10,9,YES,0.3,0.8,4,0.7419,0.1485262490830044,0.5217,17.335,21.054813384750446,-13.57,9574.0,2393.5,366,91.5,5.3125,-2.5,236.8,inf,0.45,0.75625,16.0,0.1985,0.5235000000000001,3,0.75,2.736593307624778
0.8,30,9,YES,0.3,0.8,4,0.7419,0.1485262490830044,0.5217,17.335,21.054813384750446,-13.57,9574.0,2393.5,366,91.5,5.3125,-2.5,236.8,inf,0.45,0.75625,16.0,0.1985,0.5235000000000001,3,0.75,2.736593307624778
0.75,10,3,YES,0.0,1.0,5,0.70384,0.029578421188427215,0.6628,5.104,5.108486077107385,0.61,43317.0,8663.4,10849,2169.8,2.004,0.43,6481.5,2.8080000000000003,1.17,0.6158,435.8,0.04548,0.2098,5,1.0,2.7327569614463076
0.55,10,9,NO,0.3,0.8,5,0.5962,0.030376553458218446,0.5672,3.6980000000000004,2.664323553925086,1.1,66740.0,13348.0,15894,3178.8,2.8,0.81,7130.1,4.694,1.33,0.5734,146.0,0.04888,0.24620000000000003,5,1.0,2.6958382230374576
0.55,30,9,NO,0.3,0.8,5,0.5962,0.030376553458218446,0.5672,3.6980000000000004,2.664323553925086,1.1,66740.0,13348.0,15894,3178.8,2.8,0.81,7130.1,4.694,1.33,0.5734,146.0,0.04888,0.24620000000000003,5,1.0,2.6958382230374576
0.55,50,9,NO,0.3,0.8,5,0.5962,0.030376553458218446,0.5672,3.6980000000000004,2.664323553925086,1.1,66740.0,13348.0,15894,3178.8,2.8,0.81,7130.1,4.694,1.33,0.5734,145.8,0.04888,0.24620000000000003,5,1.0,2.6958382230374576
0.65,10,3,NO,0.3,0.8,5,0.64484,0.03328712964495441,0.598,4.62,3.819260399606186,-0.07,135159.0,27031.8,23818,4763.6,2.9219999999999997,-0.06,9420.2,38.21,0.98,0.6156,1155.6,0.008459999999999999,0.0928,4,0.8,2.689369800196907
0.65,10,3,YES,0.3,0.8,5,0.6225799999999999,0.0250173339906554,0.6027,4.598000000000001,3.906273159931343,0.09,69820.0,13964.0,17383,3476.6,5.34,0.07,2659.0,43.495999999999995,1.03,0.8112,1155.6,0.007299999999999999,0.08120000000000001,5,1.0,2.671863420034329
0.8,10,3,YES,0.0,1.0,5,0.75374,0.02113298369847475,0.7226,7.678,9.469224889081472,-1.73,34301.0,6860.2,7122,1424.4,3.7060000000000004,-0.81,7309.4,8.081999999999999,0.74,0.6602,229.4,0.06904,0.2704,4,0.8,2.4243875554592638
0.7,10,9,YES,0.0,0.5,5,0.36046,0.05480696123668963,0.2793,6.392,7.675436143959508,-0.47,6664.0,1332.8,1087,217.4,0.844,-0.09,1753.9,1.452,0.97,0.47120000000000006,47.4,0.13242,0.3928,4,0.8,2.4132819280202464
0.7,30,9,YES,0.0,0.5,5,0.36046,0.05480696123668963,0.2793,6.392,7.675436143959508,-0.47,6664.0,1332.8,1087,217.4,0.844,-0.09,1753.9,1.452,0.97,0.47120000000000006,47.4,0.13242,0.3928,4,0.8,2.4132819280202464
0.7,50,9,YES,0.0,0.5,5,0.36046,0.05480696123668963,0.2793,6.392,7.675436143959508,-0.47,6664.0,1332.8,1087,217.4,0.844,-0.09,1753.9,1.452,0.97,0.47120000000000006,47.4,0.13242,0.3928,4,0.8,2.4132819280202464
0.55,50,6,YES,0.0,1.0,5,0.54596,0.01067955991602652,0.5325,14.132,22.19602824831506,-2.12,465881.0,93176.2,35024,7004.8,1.61,-1.7,23725.0,4.836,0.56,0.49119999999999997,394.2,0.15714,0.3798,4,0.8,2.39798587584247
0.6,10,3,ALL,0.3,0.8,5,0.6092,0.019149151417229893,0.5828,2.734,1.1969252274056221,0.86,233457.0,46691.4,77138,15427.6,5.196,1.43,10143.9,38.968,1.82,0.6824,1711.6,0.00636,0.077,5,1.0,2.393537386297189
0.75,30,9,YES,0.0,0.5,5,0.38258000000000003,0.03233538309653994,0.3333,19.336000000000002,27.655963732981718,-10.42,6423.0,1284.6,365,73.0,1.7399999999999998,-1.12,1278.5,2.854,0.64,0.5708,28.0,0.25074,0.6188,4,0.8,2.3820181335091433
0.75,10,9,YES,0.0,0.5,5,0.38258000000000003,0.03233538309653994,0.3333,19.336000000000002,27.655963732981718,-10.42,6423.0,1284.6,365,73.0,1.7399999999999998,-1.12,1278.5,2.854,0.64,0.5708,28.0,0.25074,0.6188,4,0.8,2.3820181335091433
0.75,50,9,YES,0.0,0.5,5,0.38258000000000003,0.03233538309653994,0.3333,19.336000000000002,27.655963732981718,-10.42,6423.0,1284.6,365,73.0,1.7399999999999998,-1.12,1278.5,2.854,0.64,0.5708,28.0,0.25074,0.6188,4,0.8,2.3820181335091433
0.7,30,9,YES,0.0,0.7,5,0.4971,0.031696450905424736,0.4508,6.128,6.433017954273095,-1.84,13766.0,2753.2,1869,373.8,1.6800000000000002,-0.44,1427.1,2.1580000000000004,0.86,0.5558,47.4,0.10618000000000001,0.3994,4,0.8,2.3594910228634527
0.7,50,9,YES,0.0,0.7,5,0.4971,0.031696450905424736,0.4508,6.128,6.433017954273095,-1.84,13766.0,2753.2,1869,373.8,1.6800000000000002,-0.44,1427.1,2.1580000000000004,0.86,0.5558,47.4,0.10618000000000001,0.3994,4,0.8,2.3594910228634527
0.7,10,9,YES,0.0,0.7,5,0.4971,0.031696450905424736,0.4508,6.128,6.433017954273095,-1.84,13766.0,2753.2,1869,373.8,1.6800000000000002,-0.44,1427.1,2.1580000000000004,0.86,0.5558,47.4,0.10618000000000001,0.3994,4,0.8,2.3594910228634527
0.55,50,6,NO,0.3,0.8,5,0.6096,0.022440254009257574,0.585,3.718000000000001,3.034686145221611,0.44,159098.0,31819.6,35984,7196.8,3.2019999999999995,0.51,13930.5,inf,1.21,0.6224000000000001,394.2,0.01438,0.1224,5,1.0,2.3326569273891953
0.6,50,9,YES,0.0,1.0,5,0.5734600000000001,0.03314412466788041,0.5355,43.806000000000004,81.57519187841363,-2.37,453965.0,90793.0,11439,2287.8,1.674,-1.35,16821.8,35.452,0.59,0.538,110.4,0.29803999999999997,0.5314,3,0.6,2.307404060793188
0.6,10,9,YES,0.0,1.0,5,0.57344,0.033133789399946365,0.5355,43.798,81.58085418773207,-2.41,453811.0,90762.2,11443,2288.6,1.67,-1.37,16875.5,35.452,0.59,0.538,110.6,0.29798,0.5314,3,0.6,2.284572906133966
0.6,30,9,YES,0.0,1.0,5,0.57344,0.033133789399946365,0.5355,43.798,81.58085418773207,-2.41,453811.0,90762.2,11443,2288.6,1.67,-1.37,16875.5,35.452,0.59,0.538,110.6,0.29798,0.5314,3,0.6,2.284572906133966
0.55,30,6,NO,0.3,0.8,5,0.60998,0.023059423236499253,0.5848,3.7159999999999997,3.1088309699949916,0.4,162053.0,32410.6,36371,7274.2,3.052,0.46,14685.4,inf,1.19,0.6024,435.4,0.013739999999999999,0.1192,5,1.0,2.2815845150025043
0.55,10,6,NO,0.3,0.8,5,0.60998,0.023108266919005437,0.5848,3.7120000000000006,3.115472676818078,0.4,162040.0,32408.0,36387,7277.4,3.05,0.46,14785.4,inf,1.19,0.6024,441.0,0.0137,0.11879999999999999,5,1.0,2.274263661590962
0.65,30,3,YES,0.0,1.0,5,0.6349400000000001,0.024085016088846604,0.5929,5.224,5.54718667434223,-0.91,90736.0,18147.2,26287,5257.4,2.32,-0.67,10893.3,6.096,0.75,0.6380000000000001,586.0,0.0444,0.2222,3,0.6,2.177406662828885
0.8,50,3,YES,0.0,1.0,5,0.77252,0.0312922833938337,0.7269,7.346000000000001,8.961954585914839,-2.32,28775.0,5755.0,5272,1054.4,3.05,-0.86,7588.6,7.843999999999999,0.72,0.6602,55.4,0.16119999999999998,0.404,4,0.8,2.169022707042582
0.55,10,6,YES,0.0,1.0,5,0.54562,0.011194060925330028,0.5324,13.636000000000001,21.764796805851418,-2.42,454273.0,90854.6,35687,7137.4,1.52,-2.0,24650.8,4.7299999999999995,0.51,0.46900000000000003,441.0,0.15294000000000002,0.373,4,0.8,2.027601597074292
0.55,30,6,YES,0.0,1.0,5,0.5454600000000001,0.01131141016849799,0.5319,13.65,21.787841793073493,-2.45,453923.0,90784.6,35660,7132.0,1.518,-2.02,24959.7,4.724,0.5,0.46900000000000003,435.4,0.1532,0.37320000000000003,4,0.8,2.021079103463254
0.85,30,6,ALL,0.0,0.7,5,0.5982000000000001,0.09618461415423987,0.4375,30.715999999999998,41.95316054840207,-25.91,17136.0,3427.2,374,74.8,2.7980000000000005,-2.86,428.5,inf,0.35,0.6796,16.4,0.30312,0.6115999999999999,4,0.8,1.9664197257989642
0.85,10,6,ALL,0.0,0.7,5,0.5982000000000001,0.09618461415423987,0.4375,30.715999999999998,41.95316054840207,-25.91,17136.0,3427.2,374,74.8,2.7980000000000005,-2.86,428.5,inf,0.35,0.6796,17.2,0.30312,0.6115999999999999,4,0.8,1.9664197257989642
0.8,30,3,NO,0.0,1.0,5,0.8146800000000001,0.04171417025424336,0.7644,8.288,11.265792027194538,-2.5,74460.0,14892.0,6491,1298.2,3.968,-0.98,7687.9,inf,0.67,0.7468,94.8,0.10880000000000001,0.31579999999999997,3,0.6,1.9051039864027315
0.6,50,3,NO,0.3,0.8,5,0.6228,0.025383360691602665,0.5908,3.35,2.709760136986298,-0.36,171213.0,34242.6,40260,8052.0,3.832,-0.49,12288.9,20.912,0.84,0.6578,561.2,0.01336,0.1216,4,0.8,1.887119931506851
0.7,50,6,YES,0.0,0.7,5,0.47553999999999996,0.03265590298858692,0.4418,4.716,5.35221729753193,-0.73,18768.0,3753.6,3730,746.0,1.1019999999999999,-0.34,4014.6,1.612,0.89,0.5778000000000001,105.8,0.0689,0.259,4,0.8,1.820891351234035
0.85,50,3,YES,0.0,1.0,5,0.8069200000000001,0.038903046153225616,0.7521,6.843999999999999,8.004944097243904,-3.42,15304.0,3060.8,2499,499.8,3.6680000000000006,-1.93,1561.1,inf,0.51,0.7024,25.8,0.17098,0.4852,4,0.8,1.8155279513780476
0.55,50,3,ALL,0.3,0.8,5,0.5913,0.009682974749528157,0.5747,2.032,0.8658059828853113,0.53,253982.0,50796.4,112152,22430.4,5.776000000000001,1.44,6815.2,inf,1.69,0.7912,869.4,0.0076,0.075,5,1.0,1.7580970085573444
0.8,50,6,NO,0.3,0.8,5,0.7458400000000001,0.06201260355766396,0.6667,13.457999999999998,17.887169144389507,-9.6,20228.0,4045.6,910,182.0,5.108,-1.15,677.8,inf,0.63,0.7028000000000001,29.2,0.13282,0.42119999999999996,4,0.8,1.6344154278052452
0.7,50,9,NO,0.3,0.8,5,0.66914,0.10027613375075843,0.555,9.004,11.181092522647328,-6.0,21504.0,4300.8,2341,468.2,3.3200000000000003,-2.44,4035.5,inf,0.41,0.6532,47.4,0.12438,0.3698,4,0.8,1.613453738676336
0.7,30,9,NO,0.3,0.8,5,0.66914,0.10027613375075843,0.555,9.004,11.181092522647328,-6.0,21504.0,4300.8,2341,468.2,3.3200000000000003,-2.44,4035.5,inf,0.41,0.6532,47.4,0.12438,0.3698,4,0.8,1.613453738676336
0.7,10,9,NO,0.3,0.8,5,0.66914,0.10027613375075843,0.555,9.004,11.181092522647328,-6.0,21504.0,4300.8,2341,468.2,3.3200000000000003,-2.44,4035.5,inf,0.41,0.6532,47.4,0.12438,0.3698,4,0.8,1.613453738676336
0.6,50,3,YES,0.3,0.8,5,0.5925800000000001,0.016334993112946224,0.5711,2.566,1.9138521363992569,-0.11,54442.0,10888.4,25024,5004.8,2.818,-0.1,7479.6,3.508,0.96,0.6802,561.2,0.011879999999999998,0.097,4,0.8,1.5760739318003716
0.8,10,6,NO,0.3,0.8,5,0.7482599999999999,0.06814853630122958,0.6667,13.580000000000002,18.30833826429914,-9.6,21292.0,4258.4,949,189.8,5.118,-1.15,816.1,inf,0.63,0.6806,36.6,0.1232,0.3972,4,0.8,1.5458308678504311
0.8,30,6,NO,0.3,0.8,5,0.74816,0.0680956165990147,0.6667,13.572,18.304971182714276,-9.6,21255.0,4251.0,948,189.6,5.1240000000000006,-1.15,816.1,inf,0.63,0.6806,35.8,0.12327999999999999,0.39740000000000003,4,0.8,1.5395144086428614
0.55,30,3,ALL,0.3,0.8,5,0.59104,0.010783923219311214,0.5721,1.8719999999999999,0.9302257790450661,0.23,249131.0,49826.2,120248,24049.6,5.266,0.58,7071.7,inf,1.26,0.7268000000000001,1351.4,0.0057599999999999995,0.0638,5,1.0,1.475887110477467
0.6,30,3,NO,0.3,0.8,5,0.6220399999999999,0.02792146127981125,0.5857,3.2399999999999998,3.0264913679044256,-0.88,181862.0,36372.4,43141,8628.2,3.196,-1.15,13621.6,20.982,0.66,0.6178,917.4,0.010400000000000001,0.1046,4,0.8,1.462754316047787
0.55,10,3,ALL,0.3,0.8,5,0.5911,0.01092199615454975,0.572,1.7600000000000002,0.9949371839468057,0.03,251596.0,50319.2,127638,25527.6,4.754,0.07,12049.4,inf,1.03,0.6646,2338.8,0.00426,0.054200000000000005,5,1.0,1.2715314080265974
0.7,30,3,YES,0.0,1.0,5,0.67186,0.04251532664816298,0.6017,4.0760000000000005,5.670311278933458,-0.12,57719.0,11543.8,16306,3261.2,2.2299999999999995,-0.09,9302.4,5.917999999999999,0.97,0.5780000000000001,337.4,0.035660000000000004,0.1854,4,0.8,1.2048443605332713
0.6,50,3,YES,0.0,1.0,5,0.5734600000000001,0.02664409878378331,0.5454,17.296,28.60135888380131,-6.16,534463.0,106892.6,41277,8255.4,1.44,-3.0,68334.6,7.944,0.26,0.5134000000000001,561.2,0.15386,0.3872,4,0.8,1.1473205580993442
0.6,10,3,NO,0.3,0.8,5,0.622,0.02911769221624544,0.5845,3.1020000000000003,3.299836359579063,-1.26,188757.0,37751.4,45996,9199.2,2.696,-1.45,17020.1,23.887999999999998,0.58,0.6178,1711.6,0.00776,0.0886,4,0.8,1.074081820210469
0.7,50,3,YES,0.0,1.0,5,0.67758,0.04951744137170255,0.5921,4.516,6.878559442208811,-0.14,59598.0,11919.6,13795,2759.0,2.088,-0.09,9640.7,5.044,0.97,0.6024,197.4,0.04798,0.21760000000000002,4,0.8,1.0347202788955945
0.55,50,6,YES,0.3,0.8,5,0.57726,0.015573310502266395,0.5582,3.134,3.6818310661951883,-1.02,46279.0,9255.8,22387,4477.4,3.2920000000000003,-0.64,3307.8,9.098,0.73,0.7002,394.2,0.015179999999999999,0.11379999999999998,4,0.8,0.9870844669024057
0.85,10,6,ALL,0.3,0.8,5,0.7439600000000001,0.10747084720983635,0.5714,13.254,17.709883681153865,-11.4,13118.0,2623.6,703,140.6,5.7379999999999995,-1.37,439.7,inf,0.6,0.8333999999999999,17.2,0.16646,0.5246000000000001,4,0.8,0.979058159423067
0.85,30,6,ALL,0.3,0.8,5,0.74388,0.10742144571732401,0.5714,13.244,17.706801800438157,-11.4,13081.0,2616.2,702,140.4,5.7299999999999995,-1.37,439.7,inf,0.6,0.8333999999999999,16.4,0.16664,0.5252,4,0.8,0.9705990997809213
0.75,10,9,NO,0.0,0.5,5,0.4697,0.14272233532282186,0.2703,60.418000000000006,98.08134848175774,-34.71,27374.0,5474.8,313,62.6,1.5379999999999998,-3.68,916.9,25.28,0.17,0.6188,28.0,0.38108,0.638,3,0.6,0.9643257591211345
0.75,30,9,NO,0.0,0.5,5,0.4697,0.14272233532282186,0.2703,60.418000000000006,98.08134848175774,-34.71,27374.0,5474.8,313,62.6,1.5379999999999998,-3.68,916.9,25.28,0.17,0.6188,28.0,0.38108,0.638,3,0.6,0.9643257591211345
0.75,50,9,NO,0.0,0.5,5,0.4697,0.14272233532282186,0.2703,60.418000000000006,98.08134848175774,-34.71,27374.0,5474.8,313,62.6,1.5379999999999998,-3.68,916.9,25.28,0.17,0.6188,28.0,0.38108,0.638,3,0.6,0.9643257591211345
0.55,50,9,YES,0.3,0.8,5,0.57046,0.019466458332218533,0.5446,3.9859999999999998,4.7636677046158455,-2.15,24811.0,4962.2,11277,2255.4,3.016,-1.54,4298.3,5.952,0.5,0.5980000000000001,145.8,0.043120000000000006,0.22440000000000002,4,0.8,0.9591661476920771
0.55,30,9,YES,0.3,0.8,5,0.57042,0.019470156650628172,0.5446,3.978,4.771768016155018,-2.15,24640.0,4928.0,11280,2256.0,3.002,-1.54,4298.3,5.946,0.5,0.5980000000000001,146.0,0.04308,0.22440000000000002,4,0.8,0.9471159919224911
0.55,10,9,YES,0.3,0.8,5,0.57042,0.019470156650628172,0.5446,3.978,4.771768016155018,-2.15,24640.0,4928.0,11280,2256.0,3.002,-1.54,4298.3,5.946,0.5,0.5980000000000001,146.0,0.04308,0.22440000000000002,4,0.8,0.9471159919224911
0.85,10,3,YES,0.0,0.7,5,0.51212,0.02460146337110865,0.4739,7.901999999999999,13.031004182333762,-1.7,3776.0,755.2,818,163.6,0.992,-0.4,1928.0,1.7600000000000002,0.86,0.5244,93.8,0.09390000000000001,0.322,3,0.6,0.8764979088331184
0.8,50,9,ALL,0.3,0.8,4,0.73705,0.11812153345883494,0.56,15.53,21.109828674498203,-13.96,18543.0,4635.75,778,194.5,4.82,-2.71,868.7,inf,0.36,0.8195,16.0,0.243925,0.5,3,0.75,0.787085662750898
0.8,30,9,ALL,0.3,0.8,4,0.73705,0.11812153345883494,0.56,15.53,21.109828674498203,-13.96,18543.0,4635.75,778,194.5,4.82,-2.71,868.7,inf,0.36,0.8195,16.0,0.243925,0.5,3,0.75,0.787085662750898
0.8,10,9,ALL,0.3,0.8,4,0.73705,0.11812153345883494,0.56,15.53,21.109828674498203,-13.96,18543.0,4635.75,778,194.5,4.82,-2.71,868.7,inf,0.36,0.8195,16.0,0.243925,0.5,3,0.75,0.787085662750898
0.55,10,6,YES,0.3,0.8,5,0.5768599999999999,0.015763977924369243,0.5587,2.992,3.6880916474512944,-1.39,43443.0,8688.6,22755,4551.0,3.15,-0.85,3957.7,8.878,0.65,0.6557999999999999,441.0,0.01434,0.11019999999999999,4,0.8,0.7309541762743528
0.55,30,6,YES,0.3,0.8,5,0.5768,0.01564400843773744,0.5589,2.99,3.692810582740469,-1.41,43181.0,8636.2,22740,4548.0,3.15,-0.86,3857.7,8.876000000000001,0.65,0.6557999999999999,435.4,0.014360000000000001,0.11059999999999999,4,0.8,0.7205947086297657
0.55,50,3,NO,0.3,0.8,5,0.6063000000000001,0.018139597569957283,0.5765,2.6439999999999997,2.83750418501894,-1.81,243383.0,48676.6,69045,13809.0,2.802,-2.65,13772.2,19.184,0.28,0.5756,869.4,0.0081,0.08020000000000001,4,0.8,0.6822479074905295
0.6,30,3,YES,0.3,0.8,5,0.59162,0.01682043400153516,0.5747,2.284,2.53394554006198,-1.27,48995.0,9799.0,28079,5615.8,2.566,-0.98,6378.3,3.784,0.62,0.6202,917.4,0.00834,0.0784,4,0.8,0.6360272299690097
0.65,10,3,YES,0.0,1.0,5,0.62662,0.027074102016502816,0.5801,3.7059999999999995,4.805120185801807,-2.34,67164.0,13432.8,30569,6113.8,1.752,-1.5,11861.0,3.8299999999999996,0.52,0.618,1155.6,0.0299,0.1784,3,0.6,0.6014399070990959
0.7,10,6,YES,0.0,0.7,5,0.4704,0.03073898176582954,0.4381,3.4799999999999995,4.827727208531981,-1.69,15977.0,3195.4,3931,786.2,0.7699999999999999,-0.88,4414.6,1.472,0.75,0.5356,128.4,0.0623,0.2404,3,0.6,0.5591363957340089
0.7,30,6,YES,0.0,0.7,5,0.46993999999999997,0.030402680802850263,0.4381,3.372,4.735258176699555,-1.69,15602.0,3120.4,3926,785.2,0.76,-0.88,4414.6,1.456,0.75,0.5356,124.8,0.0625,0.24100000000000002,3,0.6,0.4973709116502222
0.55,30,3,NO,0.3,0.8,5,0.60616,0.020429708759549168,0.5727,2.516,3.084692853429657,-2.31,252487.0,50497.4,72982,14596.4,2.37,-3.13,18251.2,21.124000000000002,0.23,0.5556,1351.4,0.006500000000000001,0.0702,4,0.8,0.2806535732851715
0.6,30,3,YES,0.0,1.0,5,0.57204,0.02405001039500815,0.5447,14.642,25.024067814805807,-6.33,497428.0,99485.6,46731,9346.2,1.1119999999999999,-3.43,77810.3,7.372,0.22,0.5358,917.4,0.13069999999999998,0.3442,4,0.8,0.23096609259709577
0.6,10,3,YES,0.3,0.8,5,0.5899,0.019873977961143107,0.5699,2.0,2.89515975379598,-1.47,44699.0,8939.8,31142,6228.4,2.2119999999999997,-1.11,7866.2,4.526,0.58,0.6624000000000001,1711.6,0.00566,0.0622,4,0.8,0.11142012310201005
0.55,10,3,NO,0.3,0.8,5,0.6069,0.021831055860860222,0.5724,2.464,3.2904300630768617,-2.51,262721.0,52544.2,76527,15305.4,2.1439999999999997,-2.99,21963.9,30.815999999999995,0.26,0.5356,2338.8,0.0050799999999999994,0.0612,4,0.8,0.06578496846156923
0.75,30,9,NO,0.0,0.7,5,0.57086,0.10109279400629897,0.4621,29.092000000000002,48.19234451653084,-16.69,28681.0,5736.2,692,138.4,0.9720000000000001,-3.8,2313.8,18.29,0.24,0.5065999999999999,28.0,0.28278000000000003,0.4484,3,0.6,-0.011172258265417234
0.75,10,9,NO,0.0,0.7,5,0.57086,0.10109279400629897,0.4621,29.092000000000002,48.19234451653084,-16.69,28681.0,5736.2,692,138.4,0.9720000000000001,-3.8,2313.8,18.29,0.24,0.5065999999999999,28.0,0.28278000000000003,0.4484,3,0.6,-0.011172258265417234
0.75,50,9,NO,0.0,0.7,5,0.57086,0.10109279400629897,0.4621,29.092000000000002,48.19234451653084,-16.69,28681.0,5736.2,692,138.4,0.9720000000000001,-3.8,2313.8,18.29,0.24,0.5065999999999999,28.0,0.28278000000000003,0.4484,3,0.6,-0.011172258265417234
0.55,50,6,YES,0.0,0.7,5,0.41638000000000003,0.016514902361200925,0.3983,17.14,30.871886077789288,-5.85,399746.0,79949.2,24639,4927.8,0.8859999999999999,-3.43,33039.6,3.7439999999999998,0.33,0.449,394.2,0.16392,0.3888,4,0.8,-0.050943038894643244
0.65,50,6,YES,0.0,0.5,5,0.30872,0.03305649709209976,0.2889,13.526,23.072850495766662,-7.75,43239.0,8647.8,3816,763.2,1.214,-1.26,10633.5,2.632,0.63,0.471,177.4,0.1331,0.37520000000000003,4,0.8,-0.33542524788333106
0.7,10,3,YES,0.0,1.0,5,0.6564599999999999,0.03975912473885708,0.5889,2.82,5.718054739157365,-1.01,41844.0,8368.8,19186,3837.2,1.3059999999999998,-0.7,8404.0,5.192,0.73,0.5734,721.8,0.024259999999999997,0.1464,2,0.4,-0.3420273695786827
0.6,50,6,YES,0.0,0.7,5,0.43894,0.006238429289492671,0.4311,37.064,72.10970621213207,-4.62,435104.0,87020.8,14310,2862.0,1.384,-2.19,21940.4,8.937999999999999,0.47,0.4734,269.2,0.1972,0.4162,4,0.8,-0.3768531060660336
0.8,50,3,NO,0.0,1.0,5,0.8131,0.0455910078853276,0.7651,7.43,12.082882520326018,-6.13,61462.0,12292.4,5543,1108.6,3.5,-2.45,7826.1,inf,0.42,0.7268000000000001,55.4,0.16532,0.35760000000000003,3,0.6,-0.45044126016300945
0.55,10,6,YES,0.0,0.7,5,0.41513999999999995,0.017366289183357506,0.3961,16.472,30.311268861596673,-6.37,386992.0,77398.4,25063,5012.6,0.782,-3.79,38207.2,3.622,0.29,0.4066000000000001,441.0,0.15960000000000002,0.382,4,0.8,-0.5946344307983353
0.55,30,6,YES,0.0,0.7,5,0.41516000000000003,0.017415452908265103,0.3961,16.486,30.325087468958767,-6.41,386969.0,77393.8,25050,5010.0,0.78,-3.82,38516.1,3.628,0.29,0.4066000000000001,435.4,0.1598,0.38239999999999996,4,0.8,-0.5995437344793828
0.8,50,9,NO,0.0,0.7,4,0.5952999999999999,0.14149353342114263,0.3846,43.045,66.2890692346785,-35.16,23665.0,5916.25,283,70.75,1.6825,-2.69,800.0,12.225000000000001,0.43,0.6035,16.0,0.362375,0.712,3,0.75,-0.6475346173392431
0.8,30,9,NO,0.0,0.7,4,0.5952999999999999,0.14149353342114263,0.3846,43.045,66.2890692346785,-35.16,23665.0,5916.25,283,70.75,1.6825,-2.69,800.0,12.225000000000001,0.43,0.6035,16.0,0.362375,0.712,3,0.75,-0.6475346173392431
0.8,10,9,NO,0.0,0.7,4,0.5952999999999999,0.14149353342114263,0.3846,43.045,66.2890692346785,-35.16,23665.0,5916.25,283,70.75,1.6825,-2.69,800.0,12.225000000000001,0.43,0.6035,16.0,0.362375,0.712,3,0.75,-0.6475346173392431
0.65,50,3,YES,0.0,0.7,5,0.46094,0.012294836314485845,0.4418,5.7700000000000005,9.61198210568455,-6.13,42814.0,8562.8,12456,2491.2,0.986,-2.79,17017.8,2.442,0.34,0.49119999999999997,352.6,0.07061999999999999,0.28359999999999996,3,0.6,-0.8749910528422746
0.55,50,3,YES,0.3,0.8,5,0.5675600000000001,0.016107855226565708,0.5479,0.9979999999999999,2.442390222712169,-2.41,10598.0,2119.6,43107,8621.4,1.422,-2.39,16549.6,2.5780000000000003,0.35,0.5288,869.4,0.00728,0.0644,3,0.6,-0.9461951113560847
0.55,50,9,YES,0.0,1.0,5,0.5430200000000001,0.01829786872835198,0.5232,30.692,60.1750336102939,-5.44,410295.0,82059.0,16876,3375.2,0.796,-3.01,22197.1,20.509999999999998,0.18,0.49119999999999997,145.8,0.257,0.4612,3,0.6,-1.0275168051469508
0.55,30,9,YES,0.0,1.0,5,0.5430200000000001,0.01829786872835198,0.5232,30.686,60.17931023200582,-5.44,410142.0,82028.4,16880,3376.0,0.792,-3.01,22250.7,20.509999999999998,0.18,0.49119999999999997,146.0,0.25698000000000004,0.461,3,0.6,-1.0356551160029093
0.55,10,9,YES,0.0,1.0,5,0.5430200000000001,0.01829786872835198,0.5232,30.686,60.17931023200582,-5.44,410142.0,82028.4,16880,3376.0,0.792,-3.01,22250.7,20.509999999999998,0.18,0.49119999999999997,146.0,0.25698000000000004,0.461,3,0.6,-1.0356551160029093
0.75,10,9,NO,0.3,0.8,5,0.6748000000000001,0.11604809347852288,0.5067,9.254000000000001,16.290482804386123,-7.18,12366.0,2473.2,994,198.8,2.5519999999999996,-2.27,1913.3,9.318,0.47,0.5288,28.0,0.19138,0.375,3,0.6,-1.04524140219306
0.75,50,9,NO,0.3,0.8,5,0.6748000000000001,0.11604809347852288,0.5067,9.254000000000001,16.290482804386123,-7.18,12366.0,2473.2,994,198.8,2.5519999999999996,-2.27,1913.3,9.318,0.47,0.5288,28.0,0.19138,0.375,3,0.6,-1.04524140219306
0.75,30,9,NO,0.3,0.8,5,0.6748000000000001,0.11604809347852288,0.5067,9.254000000000001,16.290482804386123,-7.18,12366.0,2473.2,994,198.8,2.5519999999999996,-2.27,1913.3,9.318,0.47,0.5288,28.0,0.19138,0.375,3,0.6,-1.04524140219306
0.6,10,6,YES,0.0,0.7,5,0.43632,0.007430141317633203,0.4274,35.534000000000006,70.18354743100409,-5.26,424211.0,84842.2,14688,2937.6,1.214,-2.55,23249.5,8.373999999999999,0.42,0.4734,311.4,0.19186,0.40659999999999996,3,0.6,-1.135773715502037
0.6,30,6,YES,0.0,0.7,5,0.43634000000000006,0.007380243898408781,0.4274,35.564,70.24912120446774,-5.34,424127.0,84825.4,14678,2935.6,1.208,-2.59,23558.4,8.376000000000001,0.41,0.4734,306.2,0.19218,0.40700000000000003,3,0.6,-1.1625606022338704
0.6,10,3,YES,0.0,1.0,5,0.5691599999999999,0.023657620336796383,0.5388,12.052000000000001,22.74352369357044,-6.4,448603.0,89720.6,52288,10457.6,0.732,-3.7,84292.8,6.444,0.21,0.5358,1711.6,0.11013999999999999,0.305,4,0.8,-1.2397618467852194
0.8,30,9,NO,0.3,0.8,4,0.7311,0.09606043236768538,0.5926,13.73,21.73391359143585,-14.3,8969.0,2242.25,412,103.0,3.39,-1.61,781.5,7.2475,0.54,0.65225,16.0,0.220225,0.5467500000000001,3,0.75,-1.426956795717925
0.8,10,9,NO,0.3,0.8,4,0.7311,0.09606043236768538,0.5926,13.73,21.73391359143585,-14.3,8969.0,2242.25,412,103.0,3.39,-1.61,781.5,7.2475,0.54,0.65225,16.0,0.220225,0.5467500000000001,3,0.75,-1.426956795717925
0.8,50,9,NO,0.3,0.8,4,0.7311,0.09606043236768538,0.5926,13.73,21.73391359143585,-14.3,8969.0,2242.25,412,103.0,3.39,-1.61,781.5,7.2475,0.54,0.65225,16.0,0.220225,0.5467500000000001,3,0.75,-1.426956795717925
0.85,10,6,YES,0.0,0.7,5,0.56088,0.06844835279245216,0.4615,29.624000000000002,49.34663342113624,-21.42,6026.0,1205.2,204,40.8,2.162,-2.53,556.8,5.194,0.45,0.595,17.2,0.28856000000000004,0.5886,4,0.8,-1.4753167105681175
0.85,30,6,YES,0.0,0.7,5,0.56088,0.06844835279245216,0.4615,29.624000000000002,49.34663342113624,-21.42,6026.0,1205.2,204,40.8,2.162,-2.53,556.8,5.194,0.45,0.595,16.4,0.28856000000000004,0.5886,4,0.8,-1.4753167105681175
0.55,30,3,YES,0.3,0.8,5,0.5677800000000001,0.017623336800958022,0.5453,0.7899999999999999,2.763729364463894,-3.11,-3354.0,-670.8,47266,9453.2,1.1520000000000001,-2.77,18641.5,2.716,0.25,0.5758,1351.4,0.00528,0.053000000000000005,3,0.6,-1.524864682231947
0.55,10,3,YES,0.3,0.8,5,0.5677,0.02027005180062449,0.5438,0.6199999999999999,3.0357206722621894,-3.35,-11125.0,-2225.0,51111,10222.2,1.15,-2.82,19567.3,3.382,0.23,0.6178,2338.8,0.0038400000000000005,0.0434,2,0.4,-1.9028603361310947
0.55,50,6,YES,0.0,0.5,5,0.30062,0.03331451635548684,0.2673,25.452,48.35123338654352,-10.75,382981.0,76596.2,15251,3050.2,0.708,-3.9,39135.6,3.464,0.27,0.36660000000000004,394.2,0.17514,0.40679999999999994,4,0.8,-1.9486166932717581
0.55,50,3,YES,0.0,1.0,5,0.53334,0.011255354281407618,0.5195,7.553999999999999,15.223241441953157,-7.02,393266.0,78653.2,67135,13427.0,0.368,-4.54,113736.9,3.0860000000000003,0.16,0.45120000000000005,869.4,0.10392000000000001,0.3162,4,0.8,-2.1636207209765788
0.65,50,9,YES,0.0,0.5,5,0.32808000000000004,0.041525979819866984,0.2837,40.942,82.25902819751762,-6.64,43385.0,8677.0,1799,359.8,1.2079999999999997,-1.18,4808.0,5.156,0.66,0.5158,72.4,0.21108,0.48839999999999995,3,0.6,-2.179514098758811
0.65,30,9,YES,0.0,0.5,5,0.32792,0.04174071154161127,0.2829,40.888,82.29608538685179,-6.64,43285.0,8657.0,1800,360.0,1.1999999999999997,-1.18,4808.0,5.154,0.66,0.5158,72.6,0.211,0.48819999999999997,3,0.6,-2.252042693425895
0.65,10,9,YES,0.0,0.5,5,0.32792,0.04174071154161127,0.2829,40.888,82.29608538685179,-6.64,43285.0,8657.0,1800,360.0,1.1999999999999997,-1.18,4808.0,5.154,0.66,0.5158,72.6,0.211,0.48819999999999997,3,0.6,-2.252042693425895
0.8,50,6,ALL,0.3,0.8,5,0.72404,0.07551783233117863,0.6102,10.863999999999999,18.156454224324747,-13.64,35757.0,7151.4,1823,364.6,5.024,-1.98,973.6,inf,0.48,0.7445999999999999,29.2,0.1443,0.3756,4,0.8,-2.3062271121623743
0.6,50,3,YES,0.0,0.7,5,0.4202,0.016342123485030956,0.3948,24.214,45.40261203939703,-12.94,446784.0,89356.8,26383,5276.6,0.7919999999999999,-4.37,98526.3,5.468,0.12,0.4734,561.2,0.16354000000000002,0.4018,4,0.8,-2.3693060196985147
0.55,10,6,YES,0.0,0.5,5,0.2994,0.03409464767379184,0.2653,24.451999999999998,47.21310008885246,-11.5,372643.0,74528.6,15514,3102.8,0.6060000000000001,-4.3,40525.0,3.35,0.24,0.38900000000000007,441.0,0.1709,0.4004,4,0.8,-2.60455004442623
0.55,30,6,YES,0.0,0.5,5,0.29938000000000003,0.03418335852428779,0.2654,24.461999999999996,47.24658580257414,-11.56,372540.0,74508.0,15507,3101.4,0.6039999999999999,-4.32,40782.2,3.3579999999999997,0.24,0.38900000000000007,435.4,0.17104000000000003,0.4004,4,0.8,-2.629292901287073
0.55,30,3,YES,0.0,1.0,5,0.5341,0.013780239475422763,0.5171,6.268,13.89933523590247,-7.16,335576.0,67115.2,74306,14861.2,0.039999999999999994,-5.16,126914.2,2.946,0.11,0.45120000000000005,1351.4,0.08852,0.28280000000000005,4,0.8,-2.8296676179512352
0.65,30,3,YES,0.0,0.7,5,0.45418000000000003,0.015131655560446754,0.4282,3.6719999999999997,9.2484766313161,-6.54,18618.0,3723.6,14468,2893.6,0.45600000000000007,-3.52,19799.3,2.1879999999999997,0.25,0.48900000000000005,586.0,0.05322,0.23819999999999997,3,0.6,-2.91423831565805
0.8,10,9,ALL,0.0,0.7,4,0.5519000000000001,0.15768286738471837,0.3235,35.0975,52.14131463308791,-40.02,32604.0,8151.0,549,137.25,1.7325,-5.08,1489.2,155.03,0.1,0.627,16.0,0.406975,0.65,3,0.75,-2.979157316543958
0.8,30,9,ALL,0.0,0.7,4,0.5519000000000001,0.15768286738471837,0.3235,35.0975,52.14131463308791,-40.02,32604.0,8151.0,549,137.25,1.7325,-5.08,1489.2,155.03,0.1,0.627,16.0,0.406975,0.65,3,0.75,-2.979157316543958
0.8,50,9,ALL,0.0,0.7,4,0.5519000000000001,0.15768286738471837,0.3235,35.0975,52.14131463308791,-40.02,32604.0,8151.0,549,137.25,1.7325,-5.08,1489.2,155.03,0.1,0.627,16.0,0.406975,0.65,3,0.75,-2.979157316543958
0.8,10,6,ALL,0.3,0.8,5,0.7232000000000001,0.07951609899888198,0.6,10.553999999999998,18.527690897680692,-15.08,36485.0,7297.0,1882,376.4,5.048,-2.13,973.6,inf,0.45,0.7445999999999999,36.6,0.13088,0.35419999999999996,4,0.8,-3.2338454488403476
0.8,30,6,ALL,0.3,0.8,5,0.72314,0.07946818860399425,0.6,10.55,18.525761792703694,-15.08,36449.0,7289.8,1881,376.2,5.0520000000000005,-2.13,973.6,inf,0.45,0.7445999999999999,35.8,0.13091999999999998,0.3544,4,0.8,-3.2368808963518463
0.65,10,6,YES,0.0,0.5,5,0.305,0.033422148345072025,0.2798,11.412,23.392639226902126,-10.0,36495.0,7299.0,4004,800.8,0.9119999999999999,-1.81,11386.8,2.426,0.51,0.46880000000000005,211.2,0.1238,0.35760000000000003,3,0.6,-3.2843196134510624
0.6,50,9,YES,0.0,0.7,5,0.43635999999999997,0.021975281568162003,0.4141,61.59999999999999,124.68144749721188,-8.78,427124.0,85424.8,7591,1518.2,1.0699999999999998,-3.06,25608.5,20.596,0.33,0.4734,110.4,0.3121,0.5357999999999999,3,0.6,-3.3747237486059514
0.6,30,9,YES,0.0,0.7,5,0.4363,0.022019536779868922,0.4141,61.58599999999999,124.69132940986715,-8.85,426924.0,85384.8,7593,1518.6,1.066,-3.08,25708.5,20.596,0.33,0.4734,110.6,0.31199999999999994,0.5357999999999999,3,0.6,-3.414664704933584
0.6,10,9,YES,0.0,0.7,5,0.4363,0.022019536779868922,0.4141,61.58599999999999,124.69132940986715,-8.85,426924.0,85384.8,7593,1518.6,1.066,-3.08,25708.5,20.596,0.33,0.4734,110.6,0.31199999999999994,0.5357999999999999,3,0.6,-3.414664704933584
0.85,30,3,NO,0.0,0.7,5,0.60302,0.09920678908219939,0.5,16.06,30.7195467088953,-13.97,14096.0,2819.2,548,109.6,1.294,-2.57,1606.9,inf,0.36,0.6066,42.6,0.14332,0.40519999999999995,4,0.8,-3.4907733544476516
0.65,30,6,YES,0.0,0.5,5,0.30484,0.033550007451563994,0.2798,11.388000000000002,23.59246744196122,-10.39,36330.0,7266.0,4000,800.0,0.898,-1.89,11644.0,2.426,0.49,0.46880000000000005,206.2,0.12412000000000001,0.358,3,0.6,-3.5252337209806077
0.6,30,3,YES,0.0,0.7,5,0.41594,0.016207189762571447,0.396,20.017999999999997,39.48295417012258,-12.86,401804.0,80360.8,29843,5968.6,0.458,-4.86,109005.1,4.878,0.08,0.45120000000000005,917.4,0.13943999999999998,0.35919999999999996,4,0.8,-3.5814770850612936
0.8,10,9,YES,0.0,1.0,4,0.771425,0.09115581440588418,0.6429,11.552499999999998,20.53036024200907,-17.26,13380.0,3345.0,821,205.25,3.1575,-5.21,1029.1,inf,0.13,0.6695,16.0,0.318325,0.59625,3,0.75,-3.8906801210045368
0.8,50,9,YES,0.0,1.0,4,0.771425,0.09115581440588418,0.6429,11.552499999999998,20.53036024200907,-17.26,13380.0,3345.0,821,205.25,3.1575,-5.21,1029.1,inf,0.13,0.6695,16.0,0.318325,0.59625,3,0.75,-3.8906801210045368
0.8,30,9,YES,0.0,1.0,4,0.771425,0.09115581440588418,0.6429,11.552499999999998,20.53036024200907,-17.26,13380.0,3345.0,821,205.25,3.1575,-5.21,1029.1,inf,0.13,0.6695,16.0,0.318325,0.59625,3,0.75,-3.8906801210045368
0.55,10,3,YES,0.0,1.0,5,0.53388,0.014735229893014946,0.5145,4.8740000000000006,13.229900982244727,-7.21,264682.0,52936.4,81183,16236.6,-0.308,-5.34,138657.5,2.6740000000000004,0.11,0.45120000000000005,2338.8,0.07564,0.254,3,0.6,-3.903950491122363
0.75,30,3,YES,0.0,0.7,5,0.47736,0.04224030066180871,0.4139,5.524,12.62433087335721,-10.76,10631.0,2126.2,3364,672.8,0.4579999999999999,-3.15,10845.8,1.762,0.34,0.47119999999999995,182.0,0.0823,0.2822,4,0.8,-4.016165436678604
0.75,10,6,YES,0.0,1.0,5,0.70152,0.07258740937655782,0.616,3.064,8.852038183379012,-10.49,20105.0,4021.0,4087,817.4,2.9240000000000004,-2.06,10427.2,123.28200000000001,0.37,0.6402,74.2,0.1025,0.2762,4,0.8,-4.509019091689506
0.75,30,6,YES,0.0,1.0,5,0.7013199999999999,0.07272872197419661,0.6155,3.0479999999999996,8.876453120475542,-10.55,20056.0,4011.2,4085,817.0,2.9200000000000004,-2.07,10427.2,123.28200000000001,0.37,0.6402,72.2,0.10264,0.2766,4,0.8,-4.555226560237772
0.75,50,6,YES,0.0,1.0,5,0.70196,0.07553286039863713,0.6129,3.1759999999999997,9.238976133749887,-10.99,20572.0,4114.4,4011,802.2,3.096,-2.14,10303.7,127.002,0.35,0.6402,61.8,0.10866,0.2854,4,0.8,-4.740488066874944
0.6,50,6,YES,0.0,0.5,5,0.31555999999999995,0.02990030100182939,0.2867,57.94,119.54561326121507,-10.53,415655.0,83131.0,8407,1681.4,1.034,-2.68,28703.4,7.9079999999999995,0.39,0.45099999999999996,269.2,0.20800000000000002,0.43600000000000005,3,0.6,-4.9918066306075355
0.65,10,3,YES,0.0,0.7,5,0.44437999999999994,0.014990230151668775,0.4213,1.182,7.669372203772614,-7.91,-11911.0,-2382.2,16995,3399.0,0.004000000000000092,-3.09,21310.9,1.5139999999999998,0.26,0.46900000000000003,1155.6,0.036,0.19260000000000002,3,0.6,-5.025686101886307
0.8,50,6,YES,0.3,0.8,5,0.70938,0.09074897795567725,0.5789,8.894,18.68100050853808,-15.88,15528.0,3105.6,913,182.6,4.114,-2.48,761.9,inf,0.43,0.671,29.2,0.1717,0.34219999999999995,3,0.6,-5.21050025426904
0.85,50,3,YES,0.0,0.7,5,0.5214399999999999,0.04286826331915026,0.4561,5.784000000000001,16.401852944103602,-9.69,2037.0,407.4,501,100.2,0.438,-2.17,1937.5,1.496,0.43,0.4716,25.8,0.18639999999999998,0.41159999999999997,3,0.6,-5.3239264720518005
0.7,50,6,YES,0.0,0.5,5,0.32258,0.031809778370809165,0.2961,-0.14800000000000021,6.192711037986514,-7.91,2152.0,430.4,2216,443.2,-0.312,-1.8,4280.7,0.9359999999999999,0.52,0.47119999999999995,105.8,0.07742,0.2548,1,0.2,-5.617355518993257
0.8,10,6,NO,0.0,1.0,5,0.79098,0.08090888084753121,0.6667,7.220000000000001,19.350158914076133,-10.59,41067.0,8213.4,2706,541.2,1.906,-2.48,8401.8,inf,0.35,0.6778000000000001,36.6,0.27694,0.3786,3,0.6,-5.632079457038065
0.8,30,6,NO,0.0,1.0,5,0.79096,0.0808864512758472,0.6667,7.218000000000001,19.34849529033201,-10.59,41030.0,8206.0,2705,541.0,1.908,-2.48,8401.8,inf,0.35,0.6778000000000001,35.8,0.27698,0.37879999999999997,3,0.6,-5.633247645166005
0.55,50,9,YES,0.0,0.7,5,0.42548,0.02270896298821238,0.397,39.806,85.08393285456427,-9.73,378315.0,75663.0,12066,2413.2,0.10999999999999996,-3.99,30883.6,13.818000000000001,0.1,0.47119999999999995,145.8,0.26738,0.46299999999999997,3,0.6,-5.654966427282137
0.55,30,9,YES,0.0,0.7,5,0.42544000000000004,0.02274275708879643,0.397,39.796,85.09105875472463,-9.73,378115.0,75623.0,12068,2413.6,0.10600000000000005,-4.01,30983.6,13.818000000000001,0.1,0.45120000000000005,146.0,0.26734,0.46299999999999997,3,0.6,-5.668529377362315
0.55,10,9,YES,0.0,0.7,5,0.42544000000000004,0.02274275708879643,0.397,39.796,85.09105875472463,-9.73,378115.0,75623.0,12068,2413.6,0.10600000000000005,-4.01,30983.6,13.818000000000001,0.1,0.45120000000000005,146.0,0.26734,0.46299999999999997,3,0.6,-5.668529377362315
0.8,10,3,NO,0.0,0.7,5,0.54142,0.11557269141107686,0.4153,13.797999999999998,24.770574680455034,-23.71,34749.0,6949.8,1892,378.4,2.2299999999999995,-3.89,10947.3,20.380000000000003,0.09,0.649,229.4,0.10812,0.29900000000000004,4,0.8,-5.700287340227519
0.6,10,3,YES,0.0,0.7,5,0.41154,0.014952357673624581,0.3926,15.966,35.63545678113304,-13.05,347696.0,69539.2,33316,6663.2,0.060000000000000095,-5.13,117472.4,4.146,0.08,0.409,1711.6,0.1179,0.31920000000000004,3,0.6,-5.766728390566519
0.55,50,3,YES,0.0,0.7,5,0.40693999999999997,0.009672796906789648,0.3947,8.516000000000002,21.391378637198677,-12.35,288254.0,57650.8,47684,9536.8,-0.24,-5.93,147601.1,2.432,0.07,0.4288,869.4,0.10759999999999999,0.3236,3,0.6,-5.884689318599337
0.6,10,6,YES,0.0,0.5,5,0.3129,0.03153323643395965,0.2827,55.162,115.14757995720103,-11.62,406412.0,81282.4,8640,1728.0,0.8800000000000001,-3.08,29644.2,7.392,0.34,0.45099999999999996,311.4,0.20254,0.42619999999999997,3,0.6,-5.897789978600517
0.6,30,6,YES,0.0,0.5,5,0.31288,0.03167360099515052,0.2825,55.198,115.26661711007226,-11.74,406347.0,81269.4,8635,1727.0,0.8760000000000001,-3.11,29901.3,7.396000000000001,0.34,0.45099999999999996,306.2,0.20276,0.4264,3,0.6,-5.95730855503613
0.8,50,9,YES,0.0,0.5,4,0.3896,0.13570600576245698,0.2143,49.305,80.7464156067211,-49.94,6380.0,1595.0,131,32.75,0.875,-6.25,1052.4,3.9699999999999998,0.13,0.4945,16.0,0.41237500000000005,0.77525,3,0.75,-6.05020780336055
0.8,10,9,YES,0.0,0.5,4,0.3896,0.13570600576245698,0.2143,49.305,80.7464156067211,-49.94,6380.0,1595.0,131,32.75,0.875,-6.25,1052.4,3.9699999999999998,0.13,0.4945,16.0,0.41237500000000005,0.77525,3,0.75,-6.05020780336055
0.8,30,9,YES,0.0,0.5,4,0.3896,0.13570600576245698,0.2143,49.305,80.7464156067211,-49.94,6380.0,1595.0,131,32.75,0.875,-6.25,1052.4,3.9699999999999998,0.13,0.4945,16.0,0.41237500000000005,0.77525,3,0.75,-6.05020780336055
0.75,50,3,YES,0.0,0.7,5,0.47458,0.049911641928512045,0.4012,4.351999999999999,12.841897056120642,-13.3,7225.0,1445.0,2802,560.4,0.492,-3.15,11225.7,1.6759999999999997,0.34,0.5134000000000001,108.4,0.10672,0.3014,3,0.6,-6.058948528060322
0.8,30,3,ALL,0.0,0.7,5,0.52884,0.08785834052609917,0.3932,13.918000000000001,25.350671983203917,-24.95,37376.0,7475.2,3336,667.2,2.766,-3.81,21432.0,37.82000000000001,0.11,0.5734,94.8,0.15699999999999997,0.38639999999999997,4,0.8,-6.242335991601957
0.6,50,3,YES,0.0,0.5,5,0.28308,0.037422012238788015,0.2356,40.172000000000004,78.60005419845459,-24.24,421893.0,84378.6,15440,3088.0,0.62,-4.75,108476.1,5.034000000000001,0.07,0.4312,561.2,0.17868,0.42460000000000003,4,0.8,-6.400027099227288
0.7,10,6,YES,0.0,0.5,5,0.32038,0.030352709928439685,0.2909,-1.6800000000000002,5.337026325586186,-7.3,-1043.0,-208.6,2342,468.4,-0.606,-1.71,4680.7,0.8539999999999999,0.57,0.4488,128.4,0.06984,0.23620000000000002,2,0.4,-6.538513162793093
0.75,10,3,YES,0.0,0.7,5,0.45536000000000004,0.02655123349300366,0.4157,1.2560000000000002,10.12925120628371,-9.7,-2591.0,-518.2,4397,879.4,-0.53,-3.52,12106.5,1.134,0.28,0.4242,435.8,0.0561,0.21739999999999998,2,0.4,-6.718625603141854
0.8,30,6,YES,0.3,0.8,5,0.70574,0.09321771827286911,0.5641,8.208,19.036409062635737,-18.04,15193.0,3038.6,933,186.6,3.9300000000000006,-2.76,761.9,inf,0.39,0.6487999999999999,35.8,0.15331999999999998,0.3254,4,0.8,-6.722204531317868
0.8,10,6,YES,0.3,0.8,5,0.70574,0.09321771827286911,0.5641,8.208,19.036409062635737,-18.04,15193.0,3038.6,933,186.6,3.9300000000000006,-2.76,761.9,inf,0.39,0.6487999999999999,36.6,0.15331999999999998,0.3254,4,0.8,-6.722204531317868
0.55,30,3,YES,0.0,0.7,5,0.40422,0.00910889674988138,0.3941,6.752,19.521984274145904,-12.43,221168.0,44233.6,52467,10493.4,-0.5860000000000001,-6.62,162280.4,2.246,0.04,0.38880000000000003,1351.4,0.0921,0.29100000000000004,3,0.6,-6.737992137072952
0.7,30,6,YES,0.0,0.5,5,0.31994,0.03049660636857815,0.2909,-1.846,5.461618807643022,-7.3,-1300.0,-260.0,2341,468.2,-0.642,-1.71,4680.7,0.8460000000000001,0.57,0.4488,124.8,0.06996,0.23679999999999998,2,0.4,-6.766809403821512
0.8,50,6,NO,0.0,1.0,5,0.7860400000000001,0.08740296333649104,0.6505,6.902000000000001,20.137705182070775,-12.44,39511.0,7902.2,2601,520.2,1.8660000000000003,-2.59,8636.5,inf,0.33,0.6778000000000001,29.2,0.29546,0.3922,3,0.6,-6.898852591035386
0.8,10,3,ALL,0.0,0.7,5,0.51158,0.07614280662019231,0.3998,9.838000000000001,19.685923143200572,-23.29,34930.0,6986.0,4200,840.0,2.822,-4.08,22921.4,514.604,0.12,0.6578,229.4,0.09378,0.278,4,0.8,-6.991961571600284
0.7,30,3,YES,0.0,0.7,5,0.46392,0.018984651695514467,0.4431,0.8580000000000003,11.962943617688751,-8.78,1888.0,377.6,7900,1580.0,-0.5760000000000001,-3.67,14714.9,1.7879999999999998,0.26,0.3822,337.4,0.042859999999999995,0.19060000000000002,2,0.4,-7.757471808844375
0.85,10,3,ALL,0.0,0.5,5,0.30114,0.038170184699579335,0.25,8.822,22.92512420904192,-17.55,2177.0,435.4,674,134.8,-0.054000000000000006,-3.33,4637.5,1.404,0.22,0.41059999999999997,93.8,0.12798,0.3566,3,0.6,-7.90556210452096
0.6,30,3,YES,0.0,0.5,5,0.27738,0.035023734809411754,0.2404,32.54,66.99677119085665,-23.57,378592.0,75718.4,17528,3505.6,0.284,-5.2,117007.9,4.385999999999999,0.05,0.45120000000000005,917.4,0.15231999999999998,0.3812,4,0.8,-8.029385595428325
0.55,10,3,YES,0.0,0.7,5,0.40128,0.008626818648841508,0.3917,4.77,18.61770931129821,-12.8,143263.0,28652.6,56901,11380.2,-0.952,-6.84,178178.0,1.998,0.03,0.409,2338.8,0.07914,0.262,2,0.4,-8.378854655649105
0.7,50,3,YES,0.0,0.7,5,0.46902,0.021073490456020798,0.4461,1.9980000000000004,15.311447351573264,-10.37,9560.0,1912.0,6531,1306.2,-0.512,-3.4,14597.6,1.874,0.29,0.3422,197.4,0.05774,0.22139999999999999,1,0.2,-8.768723675786632
0.7,10,3,YES,0.0,0.7,5,0.44982,0.018247794387267754,0.4306,-1.2139999999999997,11.396610461009887,-8.7,-19396.0,-3879.2,9643,1928.6,-1.248,-3.88,15166.2,1.55,0.18,0.4266,721.8,0.028759999999999997,0.151,2,0.4,-9.522305230504942
0.8,10,6,ALL,0.0,1.0,5,0.76002,0.09913622950263944,0.597,3.972,16.97482312131705,-17.23,53962.0,10792.4,5148,1029.6,2.678,-2.51,20071.8,inf,0.24,0.68,36.6,0.23620000000000002,0.37320000000000003,2,0.4,-9.684411560658525
0.8,30,6,ALL,0.0,1.0,5,0.7599199999999999,0.09907707605697696,0.597,3.9659999999999997,16.974054612849578,-17.23,53910.0,10782.0,5146,1029.2,2.678,-2.51,20071.8,inf,0.24,0.68,35.8,0.2363,0.3734,2,0.4,-9.690027306424788
0.55,50,3,YES,0.0,0.5,5,0.28684,0.02265574982206506,0.2573,13.374,34.23479341255034,-21.2,284599.0,56919.8,29303,5860.6,-0.30400000000000016,-6.32,152065.2,2.326,0.04,0.4088,869.4,0.11850000000000001,0.34500000000000003,3,0.6,-10.103396706275168
0.8,50,6,ALL,0.0,1.0,5,0.75644,0.10492879966910894,0.5832,3.7479999999999998,17.570613819670616,-18.71,52327.0,10465.4,5005,1001.0,2.69,-2.62,20434.1,inf,0.22,0.68,29.2,0.2504,0.38439999999999996,2,0.4,-10.650306909835308
0.65,50,3,YES,0.0,0.5,5,0.2923,0.035780651195862816,0.2511,5.017999999999999,19.12007243710128,-21.19,7100.0,1420.0,6503,1300.6,-0.44400000000000006,-6.7,26775.2,1.7099999999999997,0.0,0.3666,352.6,0.08356,0.3058,3,0.6,-10.899036218550641
0.55,30,3,YES,0.0,0.5,5,0.28278,0.0202090821167118,0.2578,10.564,31.044706956259063,-20.97,223842.0,44768.4,32252,6450.4,-0.664,-6.97,164006.1,2.118,0.03,0.3866,1351.4,0.10164,0.31120000000000003,3,0.6,-11.249353478129532
0.6,10,3,YES,0.0,0.5,5,0.27476,0.030182743414076854,0.239,25.546000000000003,59.69530618063702,-23.4,324276.0,64855.2,19828,3965.6,-0.12600000000000003,-5.52,125205.1,3.6979999999999995,0.04,0.3912,1711.6,0.12984,0.3408,3,0.6,-11.321653090318506
0.8,30,3,YES,0.0,0.7,5,0.51226,0.07727825049779531,0.3794,14.158000000000001,37.015576045767546,-23.83,6262.0,1252.4,1807,361.4,1.212,-3.62,11105.3,2.8299999999999996,0.17,0.531,94.8,0.13152,0.364,4,0.8,-11.49878802288377
0.6,50,9,YES,0.0,0.5,5,0.32282,0.05799799134452846,0.2513,97.14,207.29387171356512,-16.66,416011.0,83202.2,4738,947.6,0.85,-3.3,27703.1,17.054,0.33,0.4734,110.4,0.31504,0.5458000000000001,3,0.6,-11.504935856782563
0.55,50,9,YES,0.0,0.5,5,0.32316,0.047396023039913394,0.2709,61.674,137.12543666293283,-15.5,369417.0,73883.4,7690,1538.0,-0.0700000000000001,-4.12,32448.1,11.24,0.14,0.4312,145.8,0.27240000000000003,0.4748,3,0.6,-11.538718331466413
0.6,10,9,YES,0.0,0.5,5,0.32278,0.05803927118770532,0.2513,97.128,207.30210797288098,-16.72,415911.0,83182.2,4739,947.8,0.8460000000000001,-3.32,27703.1,17.052,0.32,0.4734,110.6,0.31498,0.5456,3,0.6,-11.539053986440486
0.6,30,9,YES,0.0,0.5,5,0.32278,0.05803927118770532,0.2513,97.128,207.30210797288098,-16.72,415911.0,83182.2,4739,947.8,0.8460000000000001,-3.32,27703.1,17.052,0.32,0.4734,110.6,0.31498,0.5456,3,0.6,-11.539053986440486
0.55,30,9,YES,0.0,0.5,5,0.32314,0.04741658992378093,0.2709,61.666,137.13098548468176,-15.5,369317.0,73863.4,7691,1538.2,-0.07400000000000002,-4.12,32448.1,11.238000000000001,0.14,0.4312,146.0,0.27238,0.4748,3,0.6,-11.549492742340881
0.55,10,9,YES,0.0,0.5,5,0.32314,0.04741658992378093,0.2709,61.666,137.13098548468176,-15.5,369317.0,73863.4,7691,1538.2,-0.07400000000000002,-4.12,32448.1,11.238000000000001,0.14,0.4312,146.0,0.27238,0.4748,3,0.6,-11.549492742340881
0.8,50,3,ALL,0.0,0.7,5,0.52396,0.10484289675509734,0.3697,7.441999999999998,22.36945171433578,-29.16,26689.0,5337.8,2786,557.2,2.064,-3.83,20666.1,43.760000000000005,0.09,0.5756,55.4,0.20566,0.4244,4,0.8,-12.490725857167892
0.85,10,3,NO,0.0,0.5,5,0.37356,0.14226437712934323,0.1698,39.802,70.44899694104949,-58.68,7056.0,1411.2,276,55.2,0.19199999999999967,-9.96,2598.6,4.258,0.0,0.5326000000000001,93.8,0.19498,0.4364,3,0.6,-13.026498470524743
0.8,10,3,YES,0.0,0.7,5,0.48538,0.057730685081679035,0.3864,5.45,23.47629123179383,-22.92,181.0,36.2,2308,461.6,0.4880000000000001,-4.08,12238.1,1.9,0.19,0.44420000000000004,229.4,0.08264,0.2766,4,0.8,-13.164145615896915
0.8,10,9,YES,0.0,0.7,4,0.512275,0.17958432327646714,0.2857,25.0825,51.2493020277675,-43.02,8938.0,2234.5,266,66.5,0.9975,-8.41,1013.0,13.1175,0.03,0.558,16.0,0.3151,0.59075,3,0.75,-13.44815101388375
0.8,30,9,YES,0.0,0.7,4,0.512275,0.17958432327646714,0.2857,25.0825,51.2493020277675,-43.02,8938.0,2234.5,266,66.5,0.9975,-8.41,1013.0,13.1175,0.03,0.558,16.0,0.3151,0.59075,3,0.75,-13.44815101388375
0.8,50,9,YES,0.0,0.7,4,0.512275,0.17958432327646714,0.2857,25.0825,51.2493020277675,-43.02,8938.0,2234.5,266,66.5,0.9975,-8.41,1013.0,13.1175,0.03,0.558,16.0,0.3151,0.59075,3,0.75,-13.44815101388375
0.55,10,3,YES,0.0,0.5,5,0.27999999999999997,0.016984846187116338,0.2552,7.401999999999999,29.40611960119866,-21.44,147435.0,29487.0,35208,7041.6,-1.098,-7.38,180254.3,1.8679999999999999,0.02,0.4312,2338.8,0.08797999999999999,0.28159999999999996,3,0.6,-13.733059800599332
0.65,30,3,YES,0.0,0.5,5,0.28488,0.033374121711290027,0.2535,1.1899999999999995,17.47132937128712,-21.41,-19658.0,-3931.6,7646,1529.2,-1.2939999999999998,-8.53,32211.4,1.436,0.0,0.3442,586.0,0.06282,0.25739999999999996,3,0.6,-13.96866468564356
0.8,10,6,NO,0.0,0.7,4,0.5566249999999999,0.1804807722907531,0.2903,25.9225,55.17754819670768,-41.87,24167.0,6041.75,683,170.75,1.835,-3.29,9071.7,inf,0.14,0.7222500000000001,43.25,0.35475,0.47050000000000003,3,0.75,-14.22727409835384
0.8,30,6,NO,0.0,0.7,4,0.5566249999999999,0.1804807722907531,0.2903,25.9225,55.17754819670768,-41.87,24167.0,6041.75,683,170.75,1.835,-3.29,9071.7,inf,0.14,0.7222500000000001,42.25,0.35475,0.47050000000000003,3,0.75,-14.22727409835384
0.8,10,6,YES,0.0,1.0,5,0.7276400000000001,0.1179536476756866,0.5282,0.2919999999999995,15.977056049222586,-23.8,12896.0,2579.2,2442,488.4,1.7280000000000002,-3.04,11764.9,inf,0.17,0.6154,36.6,0.18792,0.36219999999999997,2,0.4,-14.836528024611294
0.8,30,6,YES,0.0,1.0,5,0.72746,0.11790289648689724,0.5282,0.2779999999999994,15.981414830984145,-23.8,12881.0,2576.2,2441,488.2,1.7260000000000002,-3.04,11764.9,inf,0.17,0.6154,35.8,0.18808,0.36239999999999994,2,0.4,-14.852707415492073
0.8,50,6,NO,0.0,0.7,4,0.556125,0.18923474619283492,0.2747,26.1525,56.097168897666606,-44.42,23705.0,5926.25,671,167.75,1.875,-3.45,9177.9,inf,0.13,0.7222500000000001,34.5,0.36835,0.48,3,0.75,-15.222084448833304
0.8,50,6,YES,0.0,1.0,5,0.72612,0.1224907425073422,0.5195,0.25799999999999984,16.414468313046267,-24.65,12815.0,2563.0,2404,480.8,1.7760000000000002,-3.1,11797.6,inf,0.16,0.6154,29.2,0.19918,0.376,2,0.4,-15.344234156523132
0.65,10,3,YES,0.0,0.5,5,0.28090000000000004,0.02482136176763879,0.2517,-3.08,13.394284228729804,-19.72,-53657.0,-10731.4,9295,1859.0,-1.6580000000000001,-7.74,33922.2,0.9560000000000001,0.0,0.3266,1155.6,0.0432,0.2092,3,0.6,-15.693142114364903
0.8,50,3,YES,0.0,0.7,5,0.50072,0.08774327324644324,0.3508,4.390000000000001,23.3183393491046,-28.37,551.0,110.2,1498,299.6,0.5520000000000002,-3.76,10662.4,2.184,0.14,0.4888,55.4,0.17594,0.3916,3,0.6,-15.7801696745523
0.85,50,3,ALL,0.0,0.5,4,0.28817499999999996,0.08191562223817059,0.1667,2.6374999999999993,29.051404297669787,-21.49,1925.0,481.25,371,92.75,-0.5525000000000001,-3.02,4948.6,1.385,0.28,0.42675,30.25,0.29095,0.4465,2,0.5,-18.335202148834895
0.85,30,3,ALL,0.0,0.5,5,0.29504,0.04829847823689685,0.2414,-2.2840000000000003,22.519870781156804,-17.39,1595.0,319.0,495,99.0,-0.71,-2.73,4132.7,1.326,0.31,0.386,42.6,0.18072,0.37279999999999996,1,0.2,-18.760935390578403
0.8,30,3,NO,0.0,0.7,5,0.5405599999999999,0.12436501919752192,0.4,7.261999999999999,35.24294213030461,-28.43,31113.0,6222.6,1529,305.8,0.8680000000000001,-4.83,10326.6,22.466,0.08,0.5354,94.8,0.15356,0.3084,3,0.6,-18.88847106515231
0.75,50,6,YES,0.0,0.7,5,0.46516,0.10019472541007336,0.3021,-0.6659999999999997,19.84951082520675,-32.23,1631.0,326.2,1616,323.2,0.876,-3.26,11791.2,2.568,0.16,0.5978,61.8,0.12732000000000002,0.27880000000000005,2,0.4,-20.259755412603376
0.75,10,6,YES,0.0,0.7,5,0.46297999999999995,0.09845017521568969,0.3027,-1.15,19.348484436771784,-31.88,968.0,193.6,1650,330.0,0.716,-3.24,11983.2,2.526,0.17,0.5978,74.2,0.12098,0.2706,2,0.4,-20.38824221838589
0.75,30,6,YES,0.0,0.7,5,0.46297999999999995,0.09845017521568969,0.3027,-1.15,19.348484436771784,-31.88,968.0,193.6,1650,330.0,0.716,-3.24,11983.2,2.526,0.17,0.5978,72.2,0.12098,0.2706,2,0.4,-20.38824221838589
0.8,10,3,NO,0.0,0.5,5,0.33788,0.1628836916330177,0.101,21.032,49.48903080481573,-63.5,18132.0,3626.4,791,158.2,1.448,-5.54,12060.5,14.324000000000002,0.0,0.5156000000000001,229.4,0.15226,0.3612,4,0.8,-22.762515402407864
0.85,10,3,YES,0.0,0.5,5,0.26688,0.03586344936003785,0.2349,-3.4539999999999997,25.69696538504109,-31.2,-4881.0,-976.2,398,79.6,-1.392,-4.8,3694.1,1.024,0.09,0.37,93.8,0.14972000000000002,0.3548,2,0.4,-25.662482692520545
0.8,50,3,NO,0.0,0.7,5,0.54268,0.14591246348410403,0.375,4.918000000000001,38.2775204264853,-39.21,26139.0,5227.8,1288,257.6,0.7,-6.09,10442.4,32.086,0.14,0.5354,55.4,0.22702,0.33440000000000003,3,0.6,-25.98376021324265
0.8,50,6,NO,0.0,0.5,4,0.427925,0.27958472031449305,0.0165,47.254999999999995,98.6179596557679,-81.67,17282.0,4320.5,355,88.75,1.44,-5.46,9800.0,inf,0.0,0.6112500000000001,34.5,0.455625,0.54275,3,0.75,-26.554979827883958
0.75,10,3,YES,0.0,0.5,5,0.2592,0.03939854058210785,0.2069,-8.842,18.940338434146312,-29.7,-29842.0,-5968.4,2423,484.6,-2.596,-8.35,18865.5,0.728,0.02,0.3176,435.8,0.06676,0.2218,2,0.4,-27.222169217073155
0.7,10,3,YES,0.0,0.5,5,0.27602000000000004,0.030899951456272546,0.2369,-10.148,19.670383066935937,-25.95,-57578.0,-11515.6,5440,1088.0,-3.316,-9.08,27611.9,0.77,0.0,0.3,721.8,0.03452,0.1588,1,0.2,-27.768191533467967
0.85,30,3,YES,0.0,0.5,5,0.27576,0.0735985597685172,0.1739,-4.097999999999999,28.916753275566744,-31.32,-2896.0,-579.2,289,57.8,-1.018,-3.79,3242.3,1.1179999999999999,0.19,0.4166,42.6,0.20456,0.3876,1,0.2,-27.952376637783374
0.75,30,3,YES,0.0,0.5,5,0.2673,0.05917714930612998,0.2022,-3.6160000000000005,26.865504462042026,-36.49,-14624.0,-2924.8,1771,354.2,-1.8940000000000001,-7.8,17952.1,1.144,0.06,0.3398,182.0,0.0959,0.2862,2,0.4,-27.995752231021015
0.8,10,6,NO,0.0,0.5,4,0.42274999999999996,0.2723777462765023,0.0246,44.807500000000005,97.77493693000608,-79.82,17599.0,4399.75,361,90.25,1.3475,-4.84,9882.6,inf,0.01,0.6185,43.25,0.438625,0.52425,3,0.75,-28.025968465003032
0.8,30,6,NO,0.0,0.5,4,0.42274999999999996,0.2723777462765023,0.0246,44.807500000000005,97.77493693000608,-79.82,17599.0,4399.75,361,90.25,1.3475,-4.84,9882.6,inf,0.01,0.6185,42.25,0.438625,0.52425,3,0.75,-28.025968465003032
0.7,30,3,YES,0.0,0.5,5,0.27832,0.0421827808471656,0.2374,-8.214000000000002,23.17337545546613,-30.12,-33172.0,-6634.4,4308,861.6,-2.684,-8.27,26519.0,0.958,0.03,0.32,337.4,0.0513,0.19519999999999998,2,0.4,-28.836687727733064
0.8,10,3,ALL,0.0,0.5,5,0.29081999999999997,0.09580502074526158,0.1361,7.632,41.13483949160371,-55.19,-162.0,-32.4,1950,390.0,0.9019999999999999,-5.35,26208.9,2.6119999999999997,0.02,0.5266,229.4,0.11188000000000001,0.28840000000000005,4,0.8,-29.492419745801854
0.75,50,3,YES,0.0,0.5,5,0.26366,0.0703518514326382,0.1759,-5.86,25.746988173376707,-40.99,-14436.0,-2887.2,1483,296.6,-1.766,-6.95,17909.8,0.9120000000000001,0.08,0.3398,108.4,0.12072000000000001,0.2984,2,0.4,-31.030494086688353
0.7,50,3,YES,0.0,0.5,5,0.28236,0.047646175082581385,0.2291,-6.108,30.02028181080251,-33.05,-19502.0,-3900.4,3532,706.4,-2.194,-6.66,22774.0,1.074,0.07,0.34440000000000004,197.4,0.06996,0.21559999999999996,1,0.2,-31.033140905401254
0.8,50,6,ALL,0.0,0.7,5,0.47782,0.17841190262984138,0.2339,3.7159999999999984,44.111874025028676,-48.82,23468.0,4693.6,1473,294.6,1.266,-3.62,21754.5,inf,0.11,0.5598000000000001,29.2,0.30016000000000004,0.42300000000000004,2,0.4,-32.98593701251434
0.8,30,3,ALL,0.0,0.5,5,0.28472,0.10475882779031082,0.1227,11.372,53.7338070491939,-58.82,2710.0,542.0,1519,303.8,0.622,-5.05,24806.8,3.7339999999999995,0.01,0.4178,94.8,0.17936000000000002,0.3856,3,0.6,-33.14090352459695
0.8,30,6,ALL,0.0,0.7,5,0.47568,0.17670238255326381,0.2411,3.0700000000000016,43.90419968522374,-47.65,23867.0,4773.4,1498,299.6,1.154,-3.55,21601.2,inf,0.12,0.5598000000000001,35.8,0.2879,0.41159999999999997,2,0.4,-33.17709984261187
0.8,10,6,ALL,0.0,0.7,5,0.47568,0.17670238255326381,0.2411,3.0700000000000016,43.90419968522374,-47.65,23867.0,4773.4,1498,299.6,1.154,-3.55,21601.2,inf,0.12,0.5598000000000001,36.6,0.2879,0.41159999999999997,2,0.4,-33.17709984261187
0.75,30,6,YES,0.0,0.5,5,0.30366,0.10134987913164968,0.1352,-8.484,26.954563250032454,-51.89,-9283.0,-1856.6,956,191.2,-0.634,-3.88,12748.9,1.098,0.09,0.5065999999999999,72.2,0.13602,0.277,3,0.6,-37.52828162501623
0.75,10,6,YES,0.0,0.5,5,0.30366,0.10134987913164968,0.1352,-8.484,26.954563250032454,-51.89,-9283.0,-1856.6,956,191.2,-0.634,-3.88,12748.9,1.098,0.09,0.5065999999999999,74.2,0.13602,0.277,3,0.6,-37.52828162501623
0.75,50,6,YES,0.0,0.5,5,0.30308,0.10397894979273449,0.1303,-7.9860000000000015,27.960224069202308,-52.88,-8702.0,-1740.4,931,186.2,-0.4659999999999999,-3.9,12556.8,1.168,0.08,0.5288,61.8,0.14365999999999998,0.2866,3,0.6,-37.83011203460116
0.8,50,6,YES,0.0,0.7,5,0.44794,0.17139615806662645,0.2025,-5.384,34.61720136001754,-52.19,197.0,39.4,793,158.6,0.406,-3.69,12723.4,3.312,0.1,0.5032,29.2,0.22152,0.3774,2,0.4,-38.34960068000877
0.8,10,6,YES,0.0,0.7,5,0.44464000000000004,0.17204151533859494,0.2025,-6.233999999999999,34.68808484191654,-52.19,132.0,26.4,806,161.2,0.2620000000000001,-3.69,12723.4,3.342,0.1,0.5032,36.6,0.21103999999999998,0.3648,2,0.4,-39.235042420958266
0.8,30,6,YES,0.0,0.7,5,0.44464000000000004,0.17204151533859494,0.2025,-6.233999999999999,34.68808484191654,-52.19,132.0,26.4,806,161.2,0.2620000000000001,-3.69,12723.4,3.342,0.1,0.5032,35.8,0.21103999999999998,0.3648,2,0.4,-39.235042420958266
0.8,10,3,YES,0.0,0.5,5,0.26070000000000004,0.06137450610799243,0.1603,-1.8179999999999985,48.025544452926304,-49.47,-18293.0,-3658.6,1159,231.8,-2.238,-5.1,14148.4,1.05,0.06,0.362,229.4,0.10247999999999999,0.28440000000000004,1,0.2,-40.67177222646315
0.8,30,3,YES,0.0,0.5,5,0.26568,0.06827903777880878,0.1569,11.83,78.57328203658034,-49.73,-11505.0,-2301.0,867,173.4,-1.3319999999999999,-4.39,12632.4,1.65,0.06,0.382,94.8,0.16026,0.362,1,0.2,-42.37564101829017
0.8,50,3,ALL,0.0,0.5,5,0.26788,0.12644268266689063,0.0907,-3.265999999999999,40.67288507101507,-64.14,-3582.0,-716.4,1264,252.8,-0.09000000000000012,-4.66,23046.7,2.55,0.02,0.3644,55.4,0.22502,0.40279999999999994,3,0.6,-42.84444253550753
0.8,50,6,ALL,0.0,0.5,5,0.3163,0.19328907108266627,0.0429,9.872000000000002,68.10803381393417,-75.1,10610.0,2122.0,798,159.6,0.6699999999999999,-4.2,22456.1,378.71000000000004,0.05,0.48599999999999993,29.2,0.32348,0.4662,2,0.4,-46.71201690696708
0.8,10,6,ALL,0.0,0.5,5,0.31306,0.19468547197980648,0.0461,7.986,67.94548756172112,-74.38,10897.0,2179.4,810,162.0,0.5359999999999999,-4.16,22456.1,385.738,0.05,0.4788,36.6,0.31223999999999996,0.454,2,0.4,-48.30074378086056
0.8,30,6,ALL,0.0,0.5,5,0.31306,0.19468547197980648,0.0461,7.986,67.94548756172112,-74.38,10897.0,2179.4,810,162.0,0.5359999999999999,-4.16,22456.1,385.738,0.05,0.4788,35.8,0.31223999999999996,0.454,2,0.4,-48.30074378086056
0.85,50,3,YES,0.0,0.5,4,0.22065,0.059744148946431,0.1333,-11.62,46.15576309266988,-47.92,-3552.0,-888.0,219,54.75,-1.7075,-3.74,3653.1,0.9449999999999998,0.2,0.32075,30.25,0.27405,0.373,1,0.25,-49.07388154633494
0.8,50,3,YES,0.0,0.5,5,0.2407,0.0747336938736471,0.1222,-9.166,47.62776742615593,-55.37,-14727.0,-2945.4,719,143.8,-1.732,-4.26,11937.4,0.984,0.07,0.3464,55.4,0.21114000000000002,0.3588,2,0.4,-49.590883713077965
0.8,50,6,YES,0.0,0.5,5,0.269,0.1431713483906609,0.0604,-8.318000000000001,47.0169966076099,-70.73,-6472.0,-1294.4,441,88.2,-0.392,-3.91,12573.5,1.416,0.08,0.4394,29.2,0.25301999999999997,0.40679999999999994,2,0.4,-53.04549830380495
0.85,30,3,NO,0.0,0.5,4,0.35597500000000004,0.16863228981030495,0.1395,16.9025,100.7441791122445,-67.33,4476.0,1119.0,199,49.75,-1.92,-8.64,2339.8,5.57,0.0,0.48225,47.75,0.22565000000000002,0.36775,1,0.25,-53.66858955612224
0.8,30,6,YES,0.0,0.5,5,0.2652,0.14410848344216243,0.0604,-10.096000000000002,46.50332278450649,-70.73,-6501.0,-1300.2,447,89.4,-0.508,-3.91,12573.5,1.3639999999999999,0.08,0.43,35.8,0.24234,0.3936,2,0.4,-54.566661392253245
0.8,10,6,YES,0.0,0.5,5,0.2652,0.14410848344216243,0.0604,-10.096000000000002,46.50332278450649,-70.73,-6501.0,-1300.2,447,89.4,-0.508,-3.91,12573.5,1.3639999999999999,0.08,0.43,36.6,0.24234,0.3936,2,0.4,-54.566661392253245
0.8,30,3,NO,0.0,0.5,5,0.29356,0.19803379257086404,0.0734,-3.6060000000000003,69.91678289223555,-71.92,14215.0,2843.0,652,130.4,-1.114,-7.33,12174.5,15.316000000000003,0.0,0.45520000000000005,94.8,0.21326,0.3228,2,0.4,-60.140391446117775
0.85,50,3,NO,0.0,0.5,3,0.3162,0.23937900910480853,0.0556,31.83000000000001,144.03434069693242,-88.66,5027.0,1675.6666666666667,146,48.666666666666664,-1.4066666666666665,-5.99,1676.5,8.616666666666665,0.0,0.5,35.666666666666664,0.3766333333333334,0.4366666666666667,1,0.3333333333333333,-66.7851703484662
0.8,50,3,NO,0.0,0.5,5,0.28612,0.24397099622701054,0.0,-8.166,79.02758841063037,-100.0,11146.0,2229.2,545,109.0,-3.4859999999999998,-20.61,11026.7,8.462,0.0,0.4184,55.4,0.33354,0.4056,3,0.6,-77.67979420531519
